title,company_era,developer,series,genre,subgenre,dimension,platform,platform_family,platform_type,release_year,region,sales,gross_revenue,critic_score,user_score,exclusivity_status,nintendo_relationship_era,japan_only
0 day Attack on Earth,Square Enix,Gulti,Standalone,Shooter,,Unknown,XBL,Other,Other,2009.0,JP,,,42.0,,Exclusive,N/A,False
0 day Attack on Earth,Square Enix,Gulti,Standalone,Shooter,,Unknown,XBL,Other,Other,2009.0,NA,,,42.0,,Exclusive,N/A,False
0 day Attack on Earth,Square Enix,Gulti,Standalone,Shooter,,Unknown,XBL,Other,Other,2009.0,Other,,,42.0,,Exclusive,N/A,False
0 day Attack on Earth,Square Enix,Gulti,Standalone,Shooter,,Unknown,XBL,Other,Other,2009.0,PAL,,,42.0,,Exclusive,N/A,False
,Square Enix,Tokyo RPG Factory,Standalone,,,,Dragon Quest Monsters: Joker 3,,,,,,,75.0,,Multiplatform,,False
I am Setsuna,Square Enix,Tokyo RPG Factory,Standalone,Role-Playing,,Unknown,PC,PC,PC,2016.0,JP,,,75.0,,Multiplatform,N/A,True
I am Setsuna,Square Enix,Tokyo RPG Factory,Standalone,Role-Playing,,Unknown,PC,PC,PC,2016.0,NA,,,75.0,,Multiplatform,N/A,True
I am Setsuna,Square Enix,Tokyo RPG Factory,Standalone,Role-Playing,,Unknown,PC,PC,PC,2016.0,Other,,,75.0,,Multiplatform,N/A,True
I am Setsuna,Square Enix,Tokyo RPG Factory,Standalone,Role-Playing,,Unknown,PC,PC,PC,2016.0,PAL,,,75.0,,Multiplatform,N/A,True
,Square Enix,Tokyo RPG Factory,Standalone,,,,PS Vita,,,,,,,75.0,,Multiplatform,,False
I am Setsuna,Square Enix,Tokyo RPG Factory,Standalone,Role-Playing,,Unknown,PS4,PlayStation,Home Console,2016.0,JP,0.07,,75.0,,Multiplatform,N/A,True
I am Setsuna,Square Enix,Tokyo RPG Factory,Standalone,Role-Playing,,Unknown,PS4,PlayStation,Home Console,2016.0,NA,,,75.0,,Multiplatform,N/A,True
I am Setsuna,Square Enix,Tokyo RPG Factory,Standalone,Role-Playing,,Unknown,PS4,PlayStation,Home Console,2016.0,Other,,,75.0,,Multiplatform,N/A,True
I am Setsuna,Square Enix,Tokyo RPG Factory,Standalone,Role-Playing,,Unknown,PS4,PlayStation,Home Console,2016.0,PAL,,,75.0,,Multiplatform,N/A,True
I am Setsuna,Square Enix,Tokyo RPG Factory,Standalone,Role-Playing,,Unknown,PSV,Other,Other,2016.0,JP,0.07,,75.0,,Multiplatform,N/A,True
I am Setsuna,Square Enix,Tokyo RPG Factory,Standalone,Role-Playing,,Unknown,PSV,Other,Other,2016.0,NA,,,75.0,,Multiplatform,N/A,True
I am Setsuna,Square Enix,Tokyo RPG Factory,Standalone,Role-Playing,,Unknown,PSV,Other,Other,2016.0,Other,,,75.0,,Multiplatform,N/A,True
I am Setsuna,Square Enix,Tokyo RPG Factory,Standalone,Role-Playing,,Unknown,PSV,Other,Other,2016.0,PAL,,,75.0,,Multiplatform,N/A,True
I am Setsuna,Square Enix,Tokyo RPG Factory,Standalone,Role-Playing,,Unknown,Switch,Nintendo,Home Console,2017.0,JP,0.05,,70.0,,Multiplatform,Post-Merger,True
I am Setsuna,Square Enix,Tokyo RPG Factory,Standalone,Role-Playing,,Unknown,Switch,Nintendo,Home Console,2017.0,NA,,,70.0,,Multiplatform,Post-Merger,True
I am Setsuna,Square Enix,Tokyo RPG Factory,Standalone,Role-Playing,,Unknown,Switch,Nintendo,Home Console,2017.0,Other,,,70.0,,Multiplatform,Post-Merger,True
I am Setsuna,Square Enix,Tokyo RPG Factory,Standalone,Role-Playing,,Unknown,Switch,Nintendo,Home Console,2017.0,PAL,,,70.0,,Multiplatform,Post-Merger,True
X-treme Quads,Square Enix,Phoenix Games,Standalone,Racing,,Unknown,PS2,PlayStation,Home Console,2005.0,JP,,,,,Exclusive,N/A,False
X-treme Quads,Square Enix,Phoenix Games,Standalone,Racing,,Unknown,PS2,PlayStation,Home Console,2005.0,NA,,,,,Exclusive,N/A,False
X-treme Quads,Square Enix,Phoenix Games,Standalone,Racing,,Unknown,PS2,PlayStation,Home Console,2005.0,Other,,,,,Exclusive,N/A,False
X-treme Quads,Square Enix,Phoenix Games,Standalone,Racing,,Unknown,PS2,PlayStation,Home Console,2005.0,PAL,,,,,Exclusive,N/A,False
,Squaresoft,Square,Standalone,,,,NES,,,,,,,,,Multiplatform,,False
The 3rd Birthday,Square Enix,HexaDrive,Standalone,Role-Playing,,Unknown,PSN,Other,Other,2011.0,JP,,,70.0,,Multiplatform,N/A,False
The 3rd Birthday,Square Enix,HexaDrive,Standalone,Role-Playing,,Unknown,PSN,Other,Other,2011.0,NA,,,70.0,,Multiplatform,N/A,False
The 3rd Birthday,Square Enix,HexaDrive,Standalone,Role-Playing,,Unknown,PSN,Other,Other,2011.0,Other,,,70.0,,Multiplatform,N/A,False
The 3rd Birthday,Square Enix,HexaDrive,Standalone,Role-Playing,,Unknown,PSN,Other,Other,2011.0,PAL,,,70.0,,Multiplatform,N/A,False
The 3rd Birthday,Square Enix,HexaDrive,Standalone,Role-Playing,,Unknown,PSP,PlayStation,Handheld,2011.0,JP,0.27,,70.0,,Multiplatform,N/A,False
The 3rd Birthday,Square Enix,HexaDrive,Standalone,Role-Playing,,Unknown,PSP,PlayStation,Handheld,2011.0,NA,0.13,,70.0,,Multiplatform,N/A,False
The 3rd Birthday,Square Enix,HexaDrive,Standalone,Role-Playing,,Unknown,PSP,PlayStation,Handheld,2011.0,Other,0.05,,70.0,,Multiplatform,N/A,False
The 3rd Birthday,Square Enix,HexaDrive,Standalone,Role-Playing,,Unknown,PSP,PlayStation,Handheld,2011.0,PAL,0.07,,70.0,,Multiplatform,N/A,False
5 Star Racing,Enix,Kung Fu,Standalone,Racing,,Unknown,PS1,PlayStation,Home Console,2003.0,JP,,,,,Exclusive,N/A,False
5 Star Racing,Enix,Kung Fu,Standalone,Racing,,Unknown,PS1,PlayStation,Home Console,2003.0,NA,,,,,Exclusive,N/A,False
5 Star Racing,Enix,Kung Fu,Standalone,Racing,,Unknown,PS1,PlayStation,Home Console,2003.0,Other,,,,,Exclusive,N/A,False
5 Star Racing,Enix,Kung Fu,Standalone,Racing,,Unknown,PS1,PlayStation,Home Console,2003.0,PAL,,,,,Exclusive,N/A,False
The 7th Saga,Enix,Produce!,SaGa,Role-Playing,Turn-Based RPG,Unknown,SNES,Nintendo,Home Console,1993.0,JP,,,,,Exclusive,Pre-Split,False
The 7th Saga,Enix,Produce!,SaGa,Role-Playing,Turn-Based RPG,Unknown,SNES,Nintendo,Home Console,1993.0,NA,,,,,Exclusive,Pre-Split,False
The 7th Saga,Enix,Produce!,SaGa,Role-Playing,Turn-Based RPG,Unknown,SNES,Nintendo,Home Console,1993.0,Other,,,,,Exclusive,Pre-Split,False
The 7th Saga,Enix,Produce!,SaGa,Role-Playing,Turn-Based RPG,Unknown,SNES,Nintendo,Home Console,1993.0,PAL,,,,,Exclusive,Pre-Split,False
A King's Tale: Final Fantasy XV,Square Enix,Empty Clip Studios,Final Fantasy,Action,Turn-Based RPG,Unknown,PS4,PlayStation,Home Console,2017.0,JP,,,70.0,,Timed Exclusive,N/A,False
A King's Tale: Final Fantasy XV,Square Enix,Empty Clip Studios,Final Fantasy,Action,Turn-Based RPG,Unknown,PS4,PlayStation,Home Console,2017.0,NA,,,70.0,,Timed Exclusive,N/A,False
A King's Tale: Final Fantasy XV,Square Enix,Empty Clip Studios,Final Fantasy,Action,Turn-Based RPG,Unknown,PS4,PlayStation,Home Console,2017.0,Other,,,70.0,,Timed Exclusive,N/A,False
A King's Tale: Final Fantasy XV,Square Enix,Empty Clip Studios,Final Fantasy,Action,Turn-Based RPG,Unknown,PS4,PlayStation,Home Console,2017.0,PAL,,,70.0,,Timed Exclusive,N/A,False
,Square Enix,Empty Clip Studios,Standalone,,,,World of Final Fantasy,,,,,,,64.0,,Timed Exclusive,,False
A King's Tale: Final Fantasy XV,Square Enix,Empty Clip Studios,Final Fantasy,Action,Turn-Based RPG,Unknown,Xbox One,Microsoft,Home Console,2016.0,JP,,,64.0,,Timed Exclusive,N/A,False
A King's Tale: Final Fantasy XV,Square Enix,Empty Clip Studios,Final Fantasy,Action,Turn-Based RPG,Unknown,Xbox One,Microsoft,Home Console,2016.0,NA,,,64.0,,Timed Exclusive,N/A,False
A King's Tale: Final Fantasy XV,Square Enix,Empty Clip Studios,Final Fantasy,Action,Turn-Based RPG,Unknown,Xbox One,Microsoft,Home Console,2016.0,Other,,,64.0,,Timed Exclusive,N/A,False
A King's Tale: Final Fantasy XV,Square Enix,Empty Clip Studios,Final Fantasy,Action,Turn-Based RPG,Unknown,Xbox One,Microsoft,Home Console,2016.0,PAL,,,64.0,,Timed Exclusive,N/A,False
,Enix,"December 16, 1990",Standalone,,,,Dragon Quest IV,,,,,,,74.0,,Timed Exclusive,,False
ActRaiser,Enix,Quintet,Standalone,Action,,Unknown,SNES,Nintendo,Home Console,1991.0,JP,,,74.0,,Timed Exclusive,Pre-Split,False
ActRaiser,Enix,Quintet,Standalone,Action,,Unknown,SNES,Nintendo,Home Console,1991.0,NA,,,74.0,,Timed Exclusive,Pre-Split,False
ActRaiser,Enix,Quintet,Standalone,Action,,Unknown,SNES,Nintendo,Home Console,1991.0,Other,,,74.0,,Timed Exclusive,Pre-Split,False
ActRaiser,Enix,Quintet,Standalone,Action,,Unknown,SNES,Nintendo,Home Console,1991.0,PAL,,,74.0,,Timed Exclusive,Pre-Split,False
ActRaiser,Square Enix,Quintet,Standalone,Action,,Unknown,VC,Other,Other,2007.0,JP,,,74.0,,Timed Exclusive,N/A,False
ActRaiser,Square Enix,Quintet,Standalone,Action,,Unknown,VC,Other,Other,2007.0,NA,,,74.0,,Timed Exclusive,N/A,False
ActRaiser,Square Enix,Quintet,Standalone,Action,,Unknown,VC,Other,Other,2007.0,Other,,,74.0,,Timed Exclusive,N/A,False
ActRaiser,Square Enix,Quintet,Standalone,Action,,Unknown,VC,Other,Other,2007.0,PAL,,,74.0,,Timed Exclusive,N/A,False
ActRaiser 2,Enix,Quintet,Standalone,Platform,,Unknown,SNES,Nintendo,Home Console,1993.0,JP,,,75.0,,Exclusive,Pre-Split,False
ActRaiser 2,Enix,Quintet,Standalone,Platform,,Unknown,SNES,Nintendo,Home Console,1993.0,NA,,,75.0,,Exclusive,Pre-Split,False
ActRaiser 2,Enix,Quintet,Standalone,Platform,,Unknown,SNES,Nintendo,Home Console,1993.0,Other,,,75.0,,Exclusive,Pre-Split,False
ActRaiser 2,Enix,Quintet,Standalone,Platform,,Unknown,SNES,Nintendo,Home Console,1993.0,PAL,,,75.0,,Exclusive,Pre-Split,False
,Square Enix,"September 23, 2021",Standalone,,,,Dungeon Encounters,,,,,,,74.0,,Exclusive,,False
,Square Enix,"September 23, 2021",Standalone,,,,Final Fantasy IV Pixel Remaster,,,,,,,74.0,,Exclusive,,False
,Square Enix,"September 23, 2021",Standalone,,,,PS4,,,,,,,74.0,,Exclusive,,False
Actraiser Renaissance,Square Enix,Square Enix,Standalone,Action,,Unknown,Switch,Nintendo,Home Console,2021.0,JP,,,74.0,,Exclusive,Post-Merger,False
Actraiser Renaissance,Square Enix,Square Enix,Standalone,Action,,Unknown,Switch,Nintendo,Home Console,2021.0,NA,,,74.0,,Exclusive,Post-Merger,False
Actraiser Renaissance,Square Enix,Square Enix,Standalone,Action,,Unknown,Switch,Nintendo,Home Console,2021.0,Other,,,74.0,,Exclusive,Post-Merger,False
Actraiser Renaissance,Square Enix,Square Enix,Standalone,Action,,Unknown,Switch,Nintendo,Home Console,2021.0,PAL,,,74.0,,Exclusive,Post-Merger,False
Adventures of Mana,Square Enix,Square Enix,Mana,Role-Playing,Turn-Based RPG,Unknown,And,Other,Other,2016.0,JP,,,67.0,,Exclusive,N/A,False
Adventures of Mana,Square Enix,Square Enix,Mana,Role-Playing,Turn-Based RPG,Unknown,And,Other,Other,2016.0,NA,,,67.0,,Exclusive,N/A,False
Adventures of Mana,Square Enix,Square Enix,Mana,Role-Playing,Turn-Based RPG,Unknown,And,Other,Other,2016.0,Other,,,67.0,,Exclusive,N/A,False
Adventures of Mana,Square Enix,Square Enix,Mana,Role-Playing,Turn-Based RPG,Unknown,And,Other,Other,2016.0,PAL,,,67.0,,Exclusive,N/A,False
Adventures of Mana,Square Enix,Square Enix,Mana,Role-Playing,Turn-Based RPG,Unknown,PSV,Other,Other,2016.0,JP,,,67.0,,Exclusive,N/A,False
Adventures of Mana,Square Enix,Square Enix,Mana,Role-Playing,Turn-Based RPG,Unknown,PSV,Other,Other,2016.0,NA,,,67.0,,Exclusive,N/A,False
Adventures of Mana,Square Enix,Square Enix,Mana,Role-Playing,Turn-Based RPG,Unknown,PSV,Other,Other,2016.0,Other,,,67.0,,Exclusive,N/A,False
Adventures of Mana,Square Enix,Square Enix,Mana,Role-Playing,Turn-Based RPG,Unknown,PSV,Other,Other,2016.0,PAL,,,67.0,,Exclusive,N/A,False
Age of Hammer Wars,Square Enix,Dynamic Systems,Standalone,Action,,Unknown,PSN,Other,Other,2010.0,JP,,,,,Exclusive,N/A,False
Age of Hammer Wars,Square Enix,Dynamic Systems,Standalone,Action,,Unknown,PSN,Other,Other,2010.0,NA,,,,,Exclusive,N/A,False
Age of Hammer Wars,Square Enix,Dynamic Systems,Standalone,Action,,Unknown,PSN,Other,Other,2010.0,Other,,,,,Exclusive,N/A,False
Age of Hammer Wars,Square Enix,Dynamic Systems,Standalone,Action,,Unknown,PSN,Other,Other,2010.0,PAL,,,,,Exclusive,N/A,False
Air Raid 3,Square Enix,Phoenix Games,Standalone,Shooter,,Unknown,PS2,PlayStation,Home Console,2007.0,JP,,,,,Exclusive,N/A,False
Air Raid 3,Square Enix,Phoenix Games,Standalone,Shooter,,Unknown,PS2,PlayStation,Home Console,2007.0,NA,,,,,Exclusive,N/A,False
Air Raid 3,Square Enix,Phoenix Games,Standalone,Shooter,,Unknown,PS2,PlayStation,Home Console,2007.0,Other,,,,,Exclusive,N/A,False
Air Raid 3,Square Enix,Phoenix Games,Standalone,Shooter,,Unknown,PS2,PlayStation,Home Console,2007.0,PAL,,,,,Exclusive,N/A,False
,Squaresoft,Micro Cabin,Standalone,,,,Family Computer Disk System,,,,,,,,,Multiplatform,,False
Alcahest,Squaresoft,HAL Laboratory,Standalone,Role-Playing,,Unknown,SNES,Nintendo,Home Console,1993.0,JP,,,,,Exclusive,Pre-Split,False
Alcahest,Squaresoft,HAL Laboratory,Standalone,Role-Playing,,Unknown,SNES,Nintendo,Home Console,1993.0,NA,,,,,Exclusive,Pre-Split,False
Alcahest,Squaresoft,HAL Laboratory,Standalone,Role-Playing,,Unknown,SNES,Nintendo,Home Console,1993.0,Other,,,,,Exclusive,Pre-Split,False
Alcahest,Squaresoft,HAL Laboratory,Standalone,Role-Playing,,Unknown,SNES,Nintendo,Home Console,1993.0,PAL,,,,,Exclusive,Pre-Split,False
,Squaresoft,Square,Standalone,,,,PC-8801; PC-9801; MSX ; Family Computer Disk System (unreleased),,,,,,,,,Multiplatform,,False
All Star Action,Enix,Mere Mortals,Standalone,Misc,,Unknown,PS1,PlayStation,Home Console,2003.0,JP,,,,,Exclusive,N/A,False
All Star Action,Enix,Mere Mortals,Standalone,Misc,,Unknown,PS1,PlayStation,Home Console,2003.0,NA,,,,,Exclusive,N/A,False
All Star Action,Enix,Mere Mortals,Standalone,Misc,,Unknown,PS1,PlayStation,Home Console,2003.0,Other,,,,,Exclusive,N/A,False
All Star Action,Enix,Mere Mortals,Standalone,Misc,,Unknown,PS1,PlayStation,Home Console,2003.0,PAL,,,,,Exclusive,N/A,False
All Star Pro-Wrestling,Squaresoft,SquareSoft,Standalone,Fighting,,Unknown,PS2,PlayStation,Home Console,2000.0,JP,0.2,,,,Exclusive,N/A,True
All Star Pro-Wrestling,Squaresoft,SquareSoft,Standalone,Fighting,,Unknown,PS2,PlayStation,Home Console,2000.0,NA,,,,,Exclusive,N/A,True
All Star Pro-Wrestling,Squaresoft,SquareSoft,Standalone,Fighting,,Unknown,PS2,PlayStation,Home Console,2000.0,Other,,,,,Exclusive,N/A,True
All Star Pro-Wrestling,Squaresoft,SquareSoft,Standalone,Fighting,,Unknown,PS2,PlayStation,Home Console,2000.0,PAL,,,,,Exclusive,N/A,True
,Squaresoft,Square,Standalone,,,,PS2,,,,,,,,,Multiplatform,,False
,Square Enix,Square Enix,Standalone,,,,PS2,,,,,,,,,Multiplatform,,False
All Star Watersports,Enix,Phoenix Games,Standalone,Sports,,Unknown,PS1,PlayStation,Home Console,2003.0,JP,,,,,Exclusive,N/A,False
All Star Watersports,Enix,Phoenix Games,Standalone,Sports,,Unknown,PS1,PlayStation,Home Console,2003.0,NA,,,,,Exclusive,N/A,False
All Star Watersports,Enix,Phoenix Games,Standalone,Sports,,Unknown,PS1,PlayStation,Home Console,2003.0,Other,,,,,Exclusive,N/A,False
All Star Watersports,Enix,Phoenix Games,Standalone,Sports,,Unknown,PS1,PlayStation,Home Console,2003.0,PAL,,,,,Exclusive,N/A,False
,Squaresoft,Square,Standalone,,,,PC-8801 ; PC-9801; X1; FM-7,,,,,,,,,Multiplatform,,False
American Mensa Academy,Square Enix,Unknown,Standalone,Misc,,Unknown,And,Other,Other,2014.0,JP,,,,,Multiplatform,N/A,False
American Mensa Academy,Square Enix,Unknown,Standalone,Misc,,Unknown,And,Other,Other,2014.0,NA,,,,,Multiplatform,N/A,False
American Mensa Academy,Square Enix,Unknown,Standalone,Misc,,Unknown,And,Other,Other,2014.0,Other,,,,,Multiplatform,N/A,False
American Mensa Academy,Square Enix,Unknown,Standalone,Misc,,Unknown,And,Other,Other,2014.0,PAL,,,,,Multiplatform,N/A,False
American Mensa Academy,Square Enix,Unknown,Standalone,Misc,,Unknown,PC,PC,PC,2012.0,JP,,,,,Multiplatform,N/A,False
American Mensa Academy,Square Enix,Unknown,Standalone,Misc,,Unknown,PC,PC,PC,2012.0,NA,,,,,Multiplatform,N/A,False
American Mensa Academy,Square Enix,Unknown,Standalone,Misc,,Unknown,PC,PC,PC,2012.0,Other,,,,,Multiplatform,N/A,False
American Mensa Academy,Square Enix,Unknown,Standalone,Misc,,Unknown,PC,PC,PC,2012.0,PAL,,,,,Multiplatform,N/A,False
American Mensa Academy,Square Enix,Unknown,Standalone,Misc,,Unknown,PS3,PlayStation,Home Console,2013.0,JP,,,,,Multiplatform,N/A,False
American Mensa Academy,Square Enix,Unknown,Standalone,Misc,,Unknown,PS3,PlayStation,Home Console,2013.0,NA,,,,,Multiplatform,N/A,False
American Mensa Academy,Square Enix,Unknown,Standalone,Misc,,Unknown,PS3,PlayStation,Home Console,2013.0,Other,,,,,Multiplatform,N/A,False
American Mensa Academy,Square Enix,Unknown,Standalone,Misc,,Unknown,PS3,PlayStation,Home Console,2013.0,PAL,,,,,Multiplatform,N/A,False
American Mensa Academy,Square Enix,Unknown,Standalone,Misc,,Unknown,Xbox 360,Microsoft,Home Console,2012.0,JP,,,,,Multiplatform,N/A,False
American Mensa Academy,Square Enix,Unknown,Standalone,Misc,,Unknown,Xbox 360,Microsoft,Home Console,2012.0,NA,,,,,Multiplatform,N/A,False
American Mensa Academy,Square Enix,Unknown,Standalone,Misc,,Unknown,Xbox 360,Microsoft,Home Console,2012.0,Other,,,,,Multiplatform,N/A,False
American Mensa Academy,Square Enix,Unknown,Standalone,Misc,,Unknown,Xbox 360,Microsoft,Home Console,2012.0,PAL,,,,,Multiplatform,N/A,False
Animal Football,Enix,Phoenix Games,Standalone,Sports,,Unknown,PS1,PlayStation,Home Console,2003.0,JP,,,,,Exclusive,N/A,False
Animal Football,Enix,Phoenix Games,Standalone,Sports,,Unknown,PS1,PlayStation,Home Console,2003.0,NA,,,,,Exclusive,N/A,False
Animal Football,Enix,Phoenix Games,Standalone,Sports,,Unknown,PS1,PlayStation,Home Console,2003.0,Other,,,,,Exclusive,N/A,False
Animal Football,Enix,Phoenix Games,Standalone,Sports,,Unknown,PS1,PlayStation,Home Console,2003.0,PAL,,,,,Exclusive,N/A,False
Another Mind,Squaresoft,SquareSoft,Standalone,Adventure,,Unknown,PS1,PlayStation,Home Console,1998.0,JP,,,,,Exclusive,N/A,False
Another Mind,Squaresoft,SquareSoft,Standalone,Adventure,,Unknown,PS1,PlayStation,Home Console,1998.0,NA,,,,,Exclusive,N/A,False
Another Mind,Squaresoft,SquareSoft,Standalone,Adventure,,Unknown,PS1,PlayStation,Home Console,1998.0,Other,,,,,Exclusive,N/A,False
Another Mind,Squaresoft,SquareSoft,Standalone,Adventure,,Unknown,PS1,PlayStation,Home Console,1998.0,PAL,,,,,Exclusive,N/A,False
,Squaresoft,Square,Standalone,,,,Family Computer Disk System,,,,,,,,,Multiplatform,,False
Arkanoid DS,Square Enix,Taito Corporation,Standalone,Puzzle,,Unknown,DS,Nintendo,Handheld,2008.0,JP,,,,,Exclusive,Post-Merger,False
Arkanoid DS,Square Enix,Taito Corporation,Standalone,Puzzle,,Unknown,DS,Nintendo,Handheld,2008.0,NA,0.06,,,,Exclusive,Post-Merger,False
Arkanoid DS,Square Enix,Taito Corporation,Standalone,Puzzle,,Unknown,DS,Nintendo,Handheld,2008.0,Other,0.0,,,,Exclusive,Post-Merger,False
Arkanoid DS,Square Enix,Taito Corporation,Standalone,Puzzle,,Unknown,DS,Nintendo,Handheld,2008.0,PAL,0.0,,,,Exclusive,Post-Merger,False
Army Corps of Hell,Square Enix,"Entersphere, Inc.",Standalone,Action,,Unknown,PSV,Other,Other,2012.0,JP,,,,,Exclusive,N/A,False
Army Corps of Hell,Square Enix,"Entersphere, Inc.",Standalone,Action,,Unknown,PSV,Other,Other,2012.0,NA,,,,,Exclusive,N/A,False
Army Corps of Hell,Square Enix,"Entersphere, Inc.",Standalone,Action,,Unknown,PSV,Other,Other,2012.0,Other,,,,,Exclusive,N/A,False
Army Corps of Hell,Square Enix,"Entersphere, Inc.",Standalone,Action,,Unknown,PSV,Other,Other,2012.0,PAL,,,,,Exclusive,N/A,False
"Astro Junk: It’s Space, Garbage and Rapid Fire Fun",Square Enix,Unknown,Standalone,Misc,,Unknown,And,Other,Other,2013.0,JP,,,,,Exclusive,N/A,False
"Astro Junk: It’s Space, Garbage and Rapid Fire Fun",Square Enix,Unknown,Standalone,Misc,,Unknown,And,Other,Other,2013.0,NA,,,,,Exclusive,N/A,False
"Astro Junk: It’s Space, Garbage and Rapid Fire Fun",Square Enix,Unknown,Standalone,Misc,,Unknown,And,Other,Other,2013.0,Other,,,,,Exclusive,N/A,False
"Astro Junk: It’s Space, Garbage and Rapid Fire Fun",Square Enix,Unknown,Standalone,Misc,,Unknown,And,Other,Other,2013.0,PAL,,,,,Exclusive,N/A,False
Astronoka,Enix,Enix Corporation,Standalone,Strategy,,Unknown,PS1,PlayStation,Home Console,1998.0,JP,,,,,Exclusive,N/A,False
Astronoka,Enix,Enix Corporation,Standalone,Strategy,,Unknown,PS1,PlayStation,Home Console,1998.0,NA,,,,,Exclusive,N/A,False
Astronoka,Enix,Enix Corporation,Standalone,Strategy,,Unknown,PS1,PlayStation,Home Console,1998.0,Other,,,,,Exclusive,N/A,False
Astronoka,Enix,Enix Corporation,Standalone,Strategy,,Unknown,PS1,PlayStation,Home Console,1998.0,PAL,,,,,Exclusive,N/A,False
,Enix,MuuMuu / System Sacom,Standalone,,,,PS1,,,,,,,,,Multiplatform,,False
Atlantis: The Lost Continent,Enix,The Code Monkeys,Standalone,Puzzle,,Unknown,PS1,PlayStation,Home Console,2003.0,JP,,,,,Exclusive,N/A,False
Atlantis: The Lost Continent,Enix,The Code Monkeys,Standalone,Puzzle,,Unknown,PS1,PlayStation,Home Console,2003.0,NA,,,,,Exclusive,N/A,False
Atlantis: The Lost Continent,Enix,The Code Monkeys,Standalone,Puzzle,,Unknown,PS1,PlayStation,Home Console,2003.0,Other,,,,,Exclusive,N/A,False
Atlantis: The Lost Continent,Enix,The Code Monkeys,Standalone,Puzzle,,Unknown,PS1,PlayStation,Home Console,2003.0,PAL,,,,,Exclusive,N/A,False
,Square Enix,"March 3, 2022",Standalone,,,,Final Fantasy VI Pixel Remaster,,,,,,,43.0,,Multiplatform,,False
Babylon's Fall,Square Enix,PlatinumGames,Standalone,Action-Adventure,,Unknown,PC,PC,PC,2022.0,JP,,,43.0,,Multiplatform,N/A,False
Babylon's Fall,Square Enix,PlatinumGames,Standalone,Action-Adventure,,Unknown,PC,PC,PC,2022.0,NA,,,43.0,,Multiplatform,N/A,False
Babylon's Fall,Square Enix,PlatinumGames,Standalone,Action-Adventure,,Unknown,PC,PC,PC,2022.0,Other,,,43.0,,Multiplatform,N/A,False
Babylon's Fall,Square Enix,PlatinumGames,Standalone,Action-Adventure,,Unknown,PC,PC,PC,2022.0,PAL,,,43.0,,Multiplatform,N/A,False
Babylon's Fall,Square Enix,PlatinumGames,Standalone,Action-Adventure,,Unknown,PS4,PlayStation,Home Console,2022.0,JP,,,43.0,,Multiplatform,N/A,False
Babylon's Fall,Square Enix,PlatinumGames,Standalone,Action-Adventure,,Unknown,PS4,PlayStation,Home Console,2022.0,NA,,,43.0,,Multiplatform,N/A,False
Babylon's Fall,Square Enix,PlatinumGames,Standalone,Action-Adventure,,Unknown,PS4,PlayStation,Home Console,2022.0,Other,,,43.0,,Multiplatform,N/A,False
Babylon's Fall,Square Enix,PlatinumGames,Standalone,Action-Adventure,,Unknown,PS4,PlayStation,Home Console,2022.0,PAL,,,43.0,,Multiplatform,N/A,False
Babylon's Fall,Square Enix,PlatinumGames,Standalone,Action-Adventure,,Unknown,PS5,PlayStation,Home Console,2022.0,JP,,,43.0,,Multiplatform,N/A,False
Babylon's Fall,Square Enix,PlatinumGames,Standalone,Action-Adventure,,Unknown,PS5,PlayStation,Home Console,2022.0,NA,,,43.0,,Multiplatform,N/A,False
Babylon's Fall,Square Enix,PlatinumGames,Standalone,Action-Adventure,,Unknown,PS5,PlayStation,Home Console,2022.0,Other,,,43.0,,Multiplatform,N/A,False
Babylon's Fall,Square Enix,PlatinumGames,Standalone,Action-Adventure,,Unknown,PS5,PlayStation,Home Console,2022.0,PAL,,,43.0,,Multiplatform,N/A,False
,Square Enix,"March 3, 2022",Standalone,,,,Triangle Strategy,,,,,,,43.0,,Multiplatform,,False
Backgammon,Enix,Altron,Standalone,Misc,,Unknown,PS1,PlayStation,Home Console,2003.0,JP,,,,,Exclusive,N/A,False
Backgammon,Enix,Altron,Standalone,Misc,,Unknown,PS1,PlayStation,Home Console,2003.0,NA,,,,,Exclusive,N/A,False
Backgammon,Enix,Altron,Standalone,Misc,,Unknown,PS1,PlayStation,Home Console,2003.0,Other,,,,,Exclusive,N/A,False
Backgammon,Enix,Altron,Standalone,Misc,,Unknown,PS1,PlayStation,Home Console,2003.0,PAL,,,,,Exclusive,N/A,False
Bahamut Lagoon,Squaresoft,SquareSoft,Standalone,Role-Playing,,Unknown,SNES,Nintendo,Home Console,1996.0,JP,0.62,,,,Timed Exclusive,Pre-Split,True
Bahamut Lagoon,Squaresoft,SquareSoft,Standalone,Role-Playing,,Unknown,SNES,Nintendo,Home Console,1996.0,NA,,,,,Timed Exclusive,Pre-Split,True
Bahamut Lagoon,Squaresoft,SquareSoft,Standalone,Role-Playing,,Unknown,SNES,Nintendo,Home Console,1996.0,Other,,,,,Timed Exclusive,Pre-Split,True
Bahamut Lagoon,Squaresoft,SquareSoft,Standalone,Role-Playing,,Unknown,SNES,Nintendo,Home Console,1996.0,PAL,,,,,Timed Exclusive,Pre-Split,True
Bahamut Lagoon,Square Enix,SquareSoft,Standalone,Role-Playing,,Unknown,VC,Other,Other,2009.0,JP,,,,,Timed Exclusive,N/A,True
Bahamut Lagoon,Square Enix,SquareSoft,Standalone,Role-Playing,,Unknown,VC,Other,Other,2009.0,NA,,,,,Timed Exclusive,N/A,True
Bahamut Lagoon,Square Enix,SquareSoft,Standalone,Role-Playing,,Unknown,VC,Other,Other,2009.0,Other,,,,,Timed Exclusive,N/A,True
Bahamut Lagoon,Square Enix,SquareSoft,Standalone,Role-Playing,,Unknown,VC,Other,Other,2009.0,PAL,,,,,Timed Exclusive,N/A,True
,Square Enix,Atelier Double,Standalone,,,,PC,,,,,,,,,Multiplatform,,False
,Square Enix,"March 26, 2021",Standalone,,,,Bravely Default II,,,,,,,48.0,,Multiplatform,,False
Balan Wonderworld,Square Enix,Square Enix,Standalone,Platform,,Unknown,PC,PC,PC,2021.0,JP,,,48.0,,Multiplatform,N/A,False
Balan Wonderworld,Square Enix,Square Enix,Standalone,Platform,,Unknown,PC,PC,PC,2021.0,NA,,,48.0,,Multiplatform,N/A,False
Balan Wonderworld,Square Enix,Square Enix,Standalone,Platform,,Unknown,PC,PC,PC,2021.0,Other,,,48.0,,Multiplatform,N/A,False
Balan Wonderworld,Square Enix,Square Enix,Standalone,Platform,,Unknown,PC,PC,PC,2021.0,PAL,,,48.0,,Multiplatform,N/A,False
Balan Wonderworld,Square Enix,Square Enix,Standalone,Platform,,Unknown,PS4,PlayStation,Home Console,2021.0,JP,,,48.0,,Multiplatform,N/A,False
Balan Wonderworld,Square Enix,Square Enix,Standalone,Platform,,Unknown,PS4,PlayStation,Home Console,2021.0,NA,,,48.0,,Multiplatform,N/A,False
Balan Wonderworld,Square Enix,Square Enix,Standalone,Platform,,Unknown,PS4,PlayStation,Home Console,2021.0,Other,,,48.0,,Multiplatform,N/A,False
Balan Wonderworld,Square Enix,Square Enix,Standalone,Platform,,Unknown,PS4,PlayStation,Home Console,2021.0,PAL,,,48.0,,Multiplatform,N/A,False
Balan Wonderworld,Square Enix,Square Enix,Standalone,Platform,,Unknown,PS5,PlayStation,Home Console,2021.0,JP,,,48.0,,Multiplatform,N/A,False
Balan Wonderworld,Square Enix,Square Enix,Standalone,Platform,,Unknown,PS5,PlayStation,Home Console,2021.0,NA,,,48.0,,Multiplatform,N/A,False
Balan Wonderworld,Square Enix,Square Enix,Standalone,Platform,,Unknown,PS5,PlayStation,Home Console,2021.0,Other,,,48.0,,Multiplatform,N/A,False
Balan Wonderworld,Square Enix,Square Enix,Standalone,Platform,,Unknown,PS5,PlayStation,Home Console,2021.0,PAL,,,48.0,,Multiplatform,N/A,False
,Square Enix,"March 26, 2021",Standalone,,,,SaGa Frontier Remastered,,,,,,,48.0,,Multiplatform,,False
,Square Enix,"March 26, 2021",Standalone,,,,Switch,,,,,,,48.0,,Multiplatform,,False
Balan Wonderworld,Square Enix,Square Enix,Standalone,Platform,,Unknown,XS,Other,Other,2021.0,JP,,,48.0,,Multiplatform,N/A,False
Balan Wonderworld,Square Enix,Square Enix,Standalone,Platform,,Unknown,XS,Other,Other,2021.0,NA,,,48.0,,Multiplatform,N/A,False
Balan Wonderworld,Square Enix,Square Enix,Standalone,Platform,,Unknown,XS,Other,Other,2021.0,Other,,,48.0,,Multiplatform,N/A,False
Balan Wonderworld,Square Enix,Square Enix,Standalone,Platform,,Unknown,XS,Other,Other,2021.0,PAL,,,48.0,,Multiplatform,N/A,False
Balan Wonderworld,Square Enix,Square Enix,Standalone,Platform,,Unknown,Xbox One,Microsoft,Home Console,2021.0,JP,,,48.0,,Multiplatform,N/A,False
Balan Wonderworld,Square Enix,Square Enix,Standalone,Platform,,Unknown,Xbox One,Microsoft,Home Console,2021.0,NA,,,48.0,,Multiplatform,N/A,False
Balan Wonderworld,Square Enix,Square Enix,Standalone,Platform,,Unknown,Xbox One,Microsoft,Home Console,2021.0,Other,,,48.0,,Multiplatform,N/A,False
Balan Wonderworld,Square Enix,Square Enix,Standalone,Platform,,Unknown,Xbox One,Microsoft,Home Console,2021.0,PAL,,,48.0,,Multiplatform,N/A,False
,Square Enix,"March 26, 2021",Standalone,,,,Xbox Series X/S,,,,,,,48.0,,Multiplatform,,False
Before Crisis: Final Fantasy VII,Square Enix,Unknown,Final Fantasy,Action RPG,Turn-Based RPG,Unknown,Mob,Other,Other,2004.0,JP,,,,,Exclusive,N/A,False
Before Crisis: Final Fantasy VII,Square Enix,Unknown,Final Fantasy,Action RPG,Turn-Based RPG,Unknown,Mob,Other,Other,2004.0,NA,,,,,Exclusive,N/A,False
Before Crisis: Final Fantasy VII,Square Enix,Unknown,Final Fantasy,Action RPG,Turn-Based RPG,Unknown,Mob,Other,Other,2004.0,Other,,,,,Exclusive,N/A,False
Before Crisis: Final Fantasy VII,Square Enix,Unknown,Final Fantasy,Action RPG,Turn-Based RPG,Unknown,Mob,Other,Other,2004.0,PAL,,,,,Exclusive,N/A,False
Blade Arts: Tasogare no Miyako R'lyeh,Enix,Enix Corporation,Standalone,Role-Playing,,Unknown,PS1,PlayStation,Home Console,2000.0,JP,,,,,Exclusive,N/A,False
Blade Arts: Tasogare no Miyako R'lyeh,Enix,Enix Corporation,Standalone,Role-Playing,,Unknown,PS1,PlayStation,Home Console,2000.0,NA,,,,,Exclusive,N/A,False
Blade Arts: Tasogare no Miyako R'lyeh,Enix,Enix Corporation,Standalone,Role-Playing,,Unknown,PS1,PlayStation,Home Console,2000.0,Other,,,,,Exclusive,N/A,False
Blade Arts: Tasogare no Miyako R'lyeh,Enix,Enix Corporation,Standalone,Role-Playing,,Unknown,PS1,PlayStation,Home Console,2000.0,PAL,,,,,Exclusive,N/A,False
Block Buster,Enix,Marvelous Interactive,Standalone,Puzzle,,Unknown,PS1,PlayStation,Home Console,2003.0,JP,,,,,Exclusive,N/A,False
Block Buster,Enix,Marvelous Interactive,Standalone,Puzzle,,Unknown,PS1,PlayStation,Home Console,2003.0,NA,,,,,Exclusive,N/A,False
Block Buster,Enix,Marvelous Interactive,Standalone,Puzzle,,Unknown,PS1,PlayStation,Home Console,2003.0,Other,,,,,Exclusive,N/A,False
Block Buster,Enix,Marvelous Interactive,Standalone,Puzzle,,Unknown,PS1,PlayStation,Home Console,2003.0,PAL,,,,,Exclusive,N/A,False
Blood of Bahamut,Square Enix,Square Enix,Standalone,Role-Playing,,Unknown,DS,Nintendo,Handheld,2009.0,JP,0.09,,,,Exclusive,Post-Merger,True
Blood of Bahamut,Square Enix,Square Enix,Standalone,Role-Playing,,Unknown,DS,Nintendo,Handheld,2009.0,NA,,,,,Exclusive,Post-Merger,True
Blood of Bahamut,Square Enix,Square Enix,Standalone,Role-Playing,,Unknown,DS,Nintendo,Handheld,2009.0,Other,,,,,Exclusive,Post-Merger,True
Blood of Bahamut,Square Enix,Square Enix,Standalone,Role-Playing,,Unknown,DS,Nintendo,Handheld,2009.0,PAL,,,,,Exclusive,Post-Merger,True
Blue Wing Blitz,Squaresoft,SquareSoft,Standalone,Role-Playing,,Unknown,WS,Other,Other,2001.0,JP,,,,,Exclusive,N/A,False
Blue Wing Blitz,Squaresoft,SquareSoft,Standalone,Role-Playing,,Unknown,WS,Other,Other,2001.0,NA,,,,,Exclusive,N/A,False
Blue Wing Blitz,Squaresoft,SquareSoft,Standalone,Role-Playing,,Unknown,WS,Other,Other,2001.0,Other,,,,,Exclusive,N/A,False
Blue Wing Blitz,Squaresoft,SquareSoft,Standalone,Role-Playing,,Unknown,WS,Other,Other,2001.0,PAL,,,,,Exclusive,N/A,False
,Squaresoft,Square,Standalone,,,,WonderSwan,,,,,,,,,Exclusive,,False
The Bouncer,Squaresoft,SquareSoft,Standalone,Action,,Unknown,PS2,PlayStation,Home Console,2001.0,JP,0.38,,,,Exclusive,N/A,False
The Bouncer,Squaresoft,SquareSoft,Standalone,Action,,Unknown,PS2,PlayStation,Home Console,2001.0,NA,0.3,,,,Exclusive,N/A,False
The Bouncer,Squaresoft,SquareSoft,Standalone,Action,,Unknown,PS2,PlayStation,Home Console,2001.0,Other,0.08,,,,Exclusive,N/A,False
The Bouncer,Squaresoft,SquareSoft,Standalone,Action,,Unknown,PS2,PlayStation,Home Console,2001.0,PAL,0.23,,,,Exclusive,N/A,False
Brain Lord,Enix,Produce!,Standalone,Role-Playing,,Unknown,SNES,Nintendo,Home Console,1994.0,JP,,,,,Exclusive,Pre-Split,False
Brain Lord,Enix,Produce!,Standalone,Role-Playing,,Unknown,SNES,Nintendo,Home Console,1994.0,NA,,,,,Exclusive,Pre-Split,False
Brain Lord,Enix,Produce!,Standalone,Role-Playing,,Unknown,SNES,Nintendo,Home Console,1994.0,Other,,,,,Exclusive,Pre-Split,False
Brain Lord,Enix,Produce!,Standalone,Role-Playing,,Unknown,SNES,Nintendo,Home Console,1994.0,PAL,,,,,Exclusive,Pre-Split,False
Brave Fencer Musashi,Squaresoft,SquareSoft,Musashi,Role-Playing,Action RPG,3D,PS1,PlayStation,Home Console,1998.0,JP,0.65,,84.0,,Timed Exclusive,N/A,False
Brave Fencer Musashi,Squaresoft,SquareSoft,Musashi,Role-Playing,Action RPG,3D,PS1,PlayStation,Home Console,1998.0,NA,0.25,,84.0,,Timed Exclusive,N/A,False
Brave Fencer Musashi,Squaresoft,SquareSoft,Musashi,Role-Playing,Action RPG,3D,PS1,PlayStation,Home Console,1998.0,Other,0.07,,84.0,,Timed Exclusive,N/A,False
Brave Fencer Musashi,Squaresoft,SquareSoft,Musashi,Role-Playing,Action RPG,3D,PS1,PlayStation,Home Console,1998.0,PAL,0.17,,84.0,,Timed Exclusive,N/A,False
Brave Fencer Musashi,Square Enix,SquareSoft,Musashi,Role-Playing,Action RPG,3D,PSN,Other,Other,2008.0,JP,,,,,Timed Exclusive,N/A,False
Brave Fencer Musashi,Square Enix,SquareSoft,Musashi,Role-Playing,Action RPG,3D,PSN,Other,Other,2008.0,NA,,,,,Timed Exclusive,N/A,False
Brave Fencer Musashi,Square Enix,SquareSoft,Musashi,Role-Playing,Action RPG,3D,PSN,Other,Other,2008.0,Other,,,,,Timed Exclusive,N/A,False
Brave Fencer Musashi,Square Enix,SquareSoft,Musashi,Role-Playing,Action RPG,3D,PSN,Other,Other,2008.0,PAL,,,,,Timed Exclusive,N/A,False
,Square Enix,"February 7, 2013",Standalone,,,,Dragon Quest VII,,,,,,,84.0,,Multiplatform,,False
,Square Enix,Nintendo 3DS,Standalone,,,,Final Fantasy VII,,,,,,,84.0,,Multiplatform,,False
,Square Enix,Cattle Call,Standalone,,,,Nintendo Switch 2,,,,,,,84.0,,Multiplatform,,False
Bravely Default II,Square Enix,Silicon Studio,Bravely,Role-Playing,Turn-Based RPG,Unknown,All,Other,Other,2021.0,JP,,,77.0,,Exclusive,N/A,False
Bravely Default II,Square Enix,Silicon Studio,Bravely,Role-Playing,Turn-Based RPG,Unknown,All,Other,Other,2021.0,NA,,,77.0,,Exclusive,N/A,False
Bravely Default II,Square Enix,Silicon Studio,Bravely,Role-Playing,Turn-Based RPG,Unknown,All,Other,Other,2021.0,Other,,,77.0,,Exclusive,N/A,False
Bravely Default II,Square Enix,Silicon Studio,Bravely,Role-Playing,Turn-Based RPG,Unknown,All,Other,Other,2021.0,PAL,,,77.0,,Exclusive,N/A,False
Bravely Default: Praying Brage,Square Enix,NHN Japan Corp.,Bravely,Role-Playing,Turn-Based RPG,Unknown,PC,PC,PC,2012.0,JP,,,,,Exclusive,N/A,False
Bravely Default: Praying Brage,Square Enix,NHN Japan Corp.,Bravely,Role-Playing,Turn-Based RPG,Unknown,PC,PC,PC,2012.0,NA,,,,,Exclusive,N/A,False
Bravely Default: Praying Brage,Square Enix,NHN Japan Corp.,Bravely,Role-Playing,Turn-Based RPG,Unknown,PC,PC,PC,2012.0,Other,,,,,Exclusive,N/A,False
Bravely Default: Praying Brage,Square Enix,NHN Japan Corp.,Bravely,Role-Playing,Turn-Based RPG,Unknown,PC,PC,PC,2012.0,PAL,,,,,Exclusive,N/A,False
,Square Enix,Silicon Studio,Standalone,,,,3DS,,,,,,,83.0,,Multiplatform,,False
Breath of Fire,Squaresoft,Capcom,Standalone,Role-Playing,,Unknown,SNES,Nintendo,Home Console,1994.0,JP,,,90.0,,Exclusive,Pre-Split,False
Breath of Fire,Squaresoft,Capcom,Standalone,Role-Playing,,Unknown,SNES,Nintendo,Home Console,1994.0,NA,,,90.0,,Exclusive,Pre-Split,False
Breath of Fire,Squaresoft,Capcom,Standalone,Role-Playing,,Unknown,SNES,Nintendo,Home Console,1994.0,Other,,,90.0,,Exclusive,Pre-Split,False
Breath of Fire,Squaresoft,Capcom,Standalone,Role-Playing,,Unknown,SNES,Nintendo,Home Console,1994.0,PAL,,,90.0,,Exclusive,Pre-Split,False
,Squaresoft,Capcom,Standalone,,,,SNES,,,,,,,,,Multiplatform,,False
,Squaresoft,Lightweight,Standalone,,,,PS1,,,,,,,,,Multiplatform,,False
Bushido Blade 2,Squaresoft,Light Weight,Standalone,Fighting,,3D,PS1,PlayStation,Home Console,1998.0,JP,0.22,,75.0,,Exclusive,N/A,False
Bushido Blade 2,Squaresoft,Light Weight,Standalone,Fighting,,3D,PS1,PlayStation,Home Console,1998.0,NA,0.25,,75.0,,Exclusive,N/A,False
Bushido Blade 2,Squaresoft,Light Weight,Standalone,Fighting,,3D,PS1,PlayStation,Home Console,1998.0,Other,0.04,,75.0,,Exclusive,N/A,False
Bushido Blade 2,Squaresoft,Light Weight,Standalone,Fighting,,3D,PS1,PlayStation,Home Console,1998.0,PAL,0.17,,75.0,,Exclusive,N/A,False
Bust A Groove 2,Enix,Metro,Standalone,Rhythm,,Unknown,PS1,PlayStation,Home Console,1999.0,JP,0.18,,70.0,,Exclusive,N/A,False
Bust A Groove 2,Enix,Metro,Standalone,Rhythm,,Unknown,PS1,PlayStation,Home Console,1999.0,NA,0.04,,70.0,,Exclusive,N/A,False
Bust A Groove 2,Enix,Metro,Standalone,Rhythm,,Unknown,PS1,PlayStation,Home Console,1999.0,Other,0.02,,70.0,,Exclusive,N/A,False
Bust A Groove 2,Enix,Metro,Standalone,Rhythm,,Unknown,PS1,PlayStation,Home Console,1999.0,PAL,0.03,,70.0,,Exclusive,N/A,False
,Enix,Metro,Standalone,,,,PS2,,,,,,,,,Multiplatform,,False
Bust-A-Move Universe,Square Enix,Arika,Standalone,Puzzle,,Unknown,3DS,Nintendo,Handheld,2011.0,JP,0.06,,56.0,,Exclusive,Post-Merger,False
Bust-A-Move Universe,Square Enix,Arika,Standalone,Puzzle,,Unknown,3DS,Nintendo,Handheld,2011.0,NA,0.08,,56.0,,Exclusive,Post-Merger,False
Bust-A-Move Universe,Square Enix,Arika,Standalone,Puzzle,,Unknown,3DS,Nintendo,Handheld,2011.0,Other,0.02,,56.0,,Exclusive,Post-Merger,False
Bust-A-Move Universe,Square Enix,Arika,Standalone,Puzzle,,Unknown,3DS,Nintendo,Handheld,2011.0,PAL,0.15,,56.0,,Exclusive,Post-Merger,False
Buttsubushi,Enix,Selen,Standalone,Misc,,Unknown,PS1,PlayStation,Home Console,2003.0,JP,,,,,Exclusive,N/A,False
Buttsubushi,Enix,Selen,Standalone,Misc,,Unknown,PS1,PlayStation,Home Console,2003.0,NA,,,,,Exclusive,N/A,False
Buttsubushi,Enix,Selen,Standalone,Misc,,Unknown,PS1,PlayStation,Home Console,2003.0,Other,,,,,Exclusive,N/A,False
Buttsubushi,Enix,Selen,Standalone,Misc,,Unknown,PS1,PlayStation,Home Console,2003.0,PAL,,,,,Exclusive,N/A,False
,Square Enix,Infinity Ward,Standalone,,,,"PlayStation 3 , Xbox 360",,,,,,,83.0,,Multiplatform,,False
Carwash Tycoon,Square Enix,Aqua Pacific,Standalone,Strategy,,Unknown,PS2,PlayStation,Home Console,2006.0,JP,,,,,Exclusive,N/A,False
Carwash Tycoon,Square Enix,Aqua Pacific,Standalone,Strategy,,Unknown,PS2,PlayStation,Home Console,2006.0,NA,,,,,Exclusive,N/A,False
Carwash Tycoon,Square Enix,Aqua Pacific,Standalone,Strategy,,Unknown,PS2,PlayStation,Home Console,2006.0,Other,,,,,Exclusive,N/A,False
Carwash Tycoon,Square Enix,Aqua Pacific,Standalone,Strategy,,Unknown,PS2,PlayStation,Home Console,2006.0,PAL,,,,,Exclusive,N/A,False
Caveman Rock,Square Enix,Unknown,Standalone,Misc,,Unknown,PS2,PlayStation,Home Console,2007.0,JP,,,,,Exclusive,N/A,False
Caveman Rock,Square Enix,Unknown,Standalone,Misc,,Unknown,PS2,PlayStation,Home Console,2007.0,NA,,,,,Exclusive,N/A,False
Caveman Rock,Square Enix,Unknown,Standalone,Misc,,Unknown,PS2,PlayStation,Home Console,2007.0,Other,,,,,Exclusive,N/A,False
Caveman Rock,Square Enix,Unknown,Standalone,Misc,,Unknown,PS2,PlayStation,Home Console,2007.0,PAL,,,,,Exclusive,N/A,False
,Square Enix,"May 12, 2022",Standalone,,,,Chrono Cross: The Radical Dreamers Edition,,,,,,,73.0,,Multiplatform,,False
,Square Enix,"May 12, 2022",Standalone,,,,Live A Live,,,,,,,73.0,,Multiplatform,,False
,Square Enix,"May 12, 2022",Standalone,,,,PS4,,,,,,,73.0,,Multiplatform,,False
,Square Enix,"May 12, 2022",Standalone,,,,PS5,,,,,,,73.0,,Multiplatform,,False
,Square Enix,"May 12, 2022",Standalone,,,,Switch,,,,,,,73.0,,Multiplatform,,False
chaos ring  II,Square Enix,Unknown,Standalone,Role-Playing,,Unknown,And,Other,Other,2013.0,JP,,,,,Exclusive,N/A,False
chaos ring  II,Square Enix,Unknown,Standalone,Role-Playing,,Unknown,And,Other,Other,2013.0,NA,,,,,Exclusive,N/A,False
chaos ring  II,Square Enix,Unknown,Standalone,Role-Playing,,Unknown,And,Other,Other,2013.0,Other,,,,,Exclusive,N/A,False
chaos ring  II,Square Enix,Unknown,Standalone,Role-Playing,,Unknown,And,Other,Other,2013.0,PAL,,,,,Exclusive,N/A,False
Chaos Rings,Square Enix,Unknown,Chaos Rings,Role-Playing,Turn-Based RPG / Mobile,Unknown,And,Other,Other,2012.0,JP,,,,,Exclusive,N/A,False
Chaos Rings,Square Enix,Unknown,Chaos Rings,Role-Playing,Turn-Based RPG / Mobile,Unknown,And,Other,Other,2012.0,NA,,,,,Exclusive,N/A,False
Chaos Rings,Square Enix,Unknown,Chaos Rings,Role-Playing,Turn-Based RPG / Mobile,Unknown,And,Other,Other,2012.0,Other,,,,,Exclusive,N/A,False
Chaos Rings,Square Enix,Unknown,Chaos Rings,Role-Playing,Turn-Based RPG / Mobile,Unknown,And,Other,Other,2012.0,PAL,,,,,Exclusive,N/A,False
,Square Enix,Media.Vision,Standalone,,,,PlayStation Mobile,,,,,,,,,Exclusive,,False
Chaos Rings,Square Enix,Unknown,Chaos Rings,Role-Playing,Turn-Based RPG / Mobile,Unknown,WinP,Other,Other,2013.0,JP,,,,,Exclusive,N/A,False
Chaos Rings,Square Enix,Unknown,Chaos Rings,Role-Playing,Turn-Based RPG / Mobile,Unknown,WinP,Other,Other,2013.0,NA,,,,,Exclusive,N/A,False
Chaos Rings,Square Enix,Unknown,Chaos Rings,Role-Playing,Turn-Based RPG / Mobile,Unknown,WinP,Other,Other,2013.0,Other,,,,,Exclusive,N/A,False
Chaos Rings,Square Enix,Unknown,Chaos Rings,Role-Playing,Turn-Based RPG / Mobile,Unknown,WinP,Other,Other,2013.0,PAL,,,,,Exclusive,N/A,False
Chaos Rings III,Square Enix,Media.Vision,Chaos Rings,Role-Playing,Turn-Based RPG / Mobile,Unknown,And,Other,Other,2014.0,JP,,,,,Exclusive,N/A,True
Chaos Rings III,Square Enix,Media.Vision,Chaos Rings,Role-Playing,Turn-Based RPG / Mobile,Unknown,And,Other,Other,2014.0,NA,,,,,Exclusive,N/A,True
Chaos Rings III,Square Enix,Media.Vision,Chaos Rings,Role-Playing,Turn-Based RPG / Mobile,Unknown,And,Other,Other,2014.0,Other,,,,,Exclusive,N/A,True
Chaos Rings III,Square Enix,Media.Vision,Chaos Rings,Role-Playing,Turn-Based RPG / Mobile,Unknown,And,Other,Other,2014.0,PAL,,,,,Exclusive,N/A,True
Chaos Rings III,Square Enix,Media.Vision,Chaos Rings,Role-Playing,Turn-Based RPG / Mobile,Unknown,PSV,Other,Other,2014.0,JP,0.06,,,,Exclusive,N/A,True
Chaos Rings III,Square Enix,Media.Vision,Chaos Rings,Role-Playing,Turn-Based RPG / Mobile,Unknown,PSV,Other,Other,2014.0,NA,,,,,Exclusive,N/A,True
Chaos Rings III,Square Enix,Media.Vision,Chaos Rings,Role-Playing,Turn-Based RPG / Mobile,Unknown,PSV,Other,Other,2014.0,Other,,,,,Exclusive,N/A,True
Chaos Rings III,Square Enix,Media.Vision,Chaos Rings,Role-Playing,Turn-Based RPG / Mobile,Unknown,PSV,Other,Other,2014.0,PAL,,,,,Exclusive,N/A,True
Chaos Rings Omega,Square Enix,Unknown,Chaos Rings,Role-Playing,Turn-Based RPG / Mobile,Unknown,And,Other,Other,2011.0,JP,,,,,Exclusive,N/A,False
Chaos Rings Omega,Square Enix,Unknown,Chaos Rings,Role-Playing,Turn-Based RPG / Mobile,Unknown,And,Other,Other,2011.0,NA,,,,,Exclusive,N/A,False
Chaos Rings Omega,Square Enix,Unknown,Chaos Rings,Role-Playing,Turn-Based RPG / Mobile,Unknown,And,Other,Other,2011.0,Other,,,,,Exclusive,N/A,False
Chaos Rings Omega,Square Enix,Unknown,Chaos Rings,Role-Playing,Turn-Based RPG / Mobile,Unknown,And,Other,Other,2011.0,PAL,,,,,Exclusive,N/A,False
,Enix,Hi Corporation / Org Corporation,Standalone,,,,PC,,,,,,,,,Multiplatform,,False
Chemist Tycoon,Square Enix,Aqua Pacific,Standalone,Strategy,,Unknown,PS2,PlayStation,Home Console,2006.0,JP,,,,,Exclusive,N/A,False
Chemist Tycoon,Square Enix,Aqua Pacific,Standalone,Strategy,,Unknown,PS2,PlayStation,Home Console,2006.0,NA,,,,,Exclusive,N/A,False
Chemist Tycoon,Square Enix,Aqua Pacific,Standalone,Strategy,,Unknown,PS2,PlayStation,Home Console,2006.0,Other,,,,,Exclusive,N/A,False
Chemist Tycoon,Square Enix,Aqua Pacific,Standalone,Strategy,,Unknown,PS2,PlayStation,Home Console,2006.0,PAL,,,,,Exclusive,N/A,False
,Square Enix,Nex Entertainment,Standalone,,,,DS,,,,,,,83.0,,Multiplatform,,False
,Squaresoft,Square / ParityBit / Denyusha,Standalone,,,,PS1,,,,,,,,,Multiplatform,,False
Chocobo Collection - Happy 10th Anniversary!,Squaresoft,SquareSoft,Chocobo,Misc,Roguelike RPG,Unknown,PS1,PlayStation,Home Console,1999.0,JP,,,,,Exclusive,N/A,False
Chocobo Collection - Happy 10th Anniversary!,Squaresoft,SquareSoft,Chocobo,Misc,Roguelike RPG,Unknown,PS1,PlayStation,Home Console,1999.0,NA,,,,,Exclusive,N/A,False
Chocobo Collection - Happy 10th Anniversary!,Squaresoft,SquareSoft,Chocobo,Misc,Roguelike RPG,Unknown,PS1,PlayStation,Home Console,1999.0,Other,,,,,Exclusive,N/A,False
Chocobo Collection - Happy 10th Anniversary!,Squaresoft,SquareSoft,Chocobo,Misc,Roguelike RPG,Unknown,PS1,PlayStation,Home Console,1999.0,PAL,,,,,Exclusive,N/A,False
,Square Enix,Nintendo Switch,Standalone,,,,Triangle Strategy,,,,,,,65.0,,Multiplatform,,False
,Squaresoft,Square,Standalone,,,,Game Boy Advance ; WonderSwan Color (unreleased),,,,,,,,,Multiplatform,,False
Chocobo no Fushigi Dungeon,Squaresoft,SquareSoft,Chocobo,Role-Playing,Roguelike RPG,Unknown,PS1,PlayStation,Home Console,1997.0,JP,,,,,Timed Exclusive,N/A,False
Chocobo no Fushigi Dungeon,Squaresoft,SquareSoft,Chocobo,Role-Playing,Roguelike RPG,Unknown,PS1,PlayStation,Home Console,1997.0,NA,,,,,Timed Exclusive,N/A,False
Chocobo no Fushigi Dungeon,Squaresoft,SquareSoft,Chocobo,Role-Playing,Roguelike RPG,Unknown,PS1,PlayStation,Home Console,1997.0,Other,,,,,Timed Exclusive,N/A,False
Chocobo no Fushigi Dungeon,Squaresoft,SquareSoft,Chocobo,Role-Playing,Roguelike RPG,Unknown,PS1,PlayStation,Home Console,1997.0,PAL,,,,,Timed Exclusive,N/A,False
Chocobo no Fushigi Dungeon,Square Enix,SquareSoft,Chocobo,Role-Playing,Roguelike RPG,Unknown,PSN,Other,Other,2010.0,JP,,,,,Timed Exclusive,N/A,False
Chocobo no Fushigi Dungeon,Square Enix,SquareSoft,Chocobo,Role-Playing,Roguelike RPG,Unknown,PSN,Other,Other,2010.0,NA,,,,,Timed Exclusive,N/A,False
Chocobo no Fushigi Dungeon,Square Enix,SquareSoft,Chocobo,Role-Playing,Roguelike RPG,Unknown,PSN,Other,Other,2010.0,Other,,,,,Timed Exclusive,N/A,False
Chocobo no Fushigi Dungeon,Square Enix,SquareSoft,Chocobo,Role-Playing,Roguelike RPG,Unknown,PSN,Other,Other,2010.0,PAL,,,,,Timed Exclusive,N/A,False
Chocobo Racing,Squaresoft,SquareSoft,Chocobo,Racing,Roguelike RPG,Unknown,PS1,PlayStation,Home Console,1999.0,JP,0.3,,54.0,,Timed Exclusive,N/A,False
Chocobo Racing,Squaresoft,SquareSoft,Chocobo,Racing,Roguelike RPG,Unknown,PS1,PlayStation,Home Console,1999.0,NA,0.07,,54.0,,Timed Exclusive,N/A,False
Chocobo Racing,Squaresoft,SquareSoft,Chocobo,Racing,Roguelike RPG,Unknown,PS1,PlayStation,Home Console,1999.0,Other,0.03,,54.0,,Timed Exclusive,N/A,False
Chocobo Racing,Squaresoft,SquareSoft,Chocobo,Racing,Roguelike RPG,Unknown,PS1,PlayStation,Home Console,1999.0,PAL,0.05,,54.0,,Timed Exclusive,N/A,False
Chocobo Racing,Square Enix,SquareSoft,Chocobo,Racing,Roguelike RPG,Unknown,PSN,Other,Other,2009.0,JP,,,,,Timed Exclusive,N/A,False
Chocobo Racing,Square Enix,SquareSoft,Chocobo,Racing,Roguelike RPG,Unknown,PSN,Other,Other,2009.0,NA,,,,,Timed Exclusive,N/A,False
Chocobo Racing,Square Enix,SquareSoft,Chocobo,Racing,Roguelike RPG,Unknown,PSN,Other,Other,2009.0,Other,,,,,Timed Exclusive,N/A,False
Chocobo Racing,Square Enix,SquareSoft,Chocobo,Racing,Roguelike RPG,Unknown,PSN,Other,Other,2009.0,PAL,,,,,Timed Exclusive,N/A,False
Chocobo Stallion,Squaresoft,SquareSoft,Chocobo,Simulation,Roguelike RPG,Unknown,PS1,PlayStation,Home Console,1999.0,JP,,,,,Timed Exclusive,N/A,False
Chocobo Stallion,Squaresoft,SquareSoft,Chocobo,Simulation,Roguelike RPG,Unknown,PS1,PlayStation,Home Console,1999.0,NA,,,,,Timed Exclusive,N/A,False
Chocobo Stallion,Squaresoft,SquareSoft,Chocobo,Simulation,Roguelike RPG,Unknown,PS1,PlayStation,Home Console,1999.0,Other,,,,,Timed Exclusive,N/A,False
Chocobo Stallion,Squaresoft,SquareSoft,Chocobo,Simulation,Roguelike RPG,Unknown,PS1,PlayStation,Home Console,1999.0,PAL,,,,,Timed Exclusive,N/A,False
Chocobo Stallion,Square Enix,SquareSoft,Chocobo,Simulation,Roguelike RPG,Unknown,PSN,Other,Other,2008.0,JP,,,,,Timed Exclusive,N/A,False
Chocobo Stallion,Square Enix,SquareSoft,Chocobo,Simulation,Roguelike RPG,Unknown,PSN,Other,Other,2008.0,NA,,,,,Timed Exclusive,N/A,False
Chocobo Stallion,Square Enix,SquareSoft,Chocobo,Simulation,Roguelike RPG,Unknown,PSN,Other,Other,2008.0,Other,,,,,Timed Exclusive,N/A,False
Chocobo Stallion,Square Enix,SquareSoft,Chocobo,Simulation,Roguelike RPG,Unknown,PSN,Other,Other,2008.0,PAL,,,,,Timed Exclusive,N/A,False
Chocobo to Mahou no Ehon: Majo to Shoujo to 5-Jin no Yuusha,Square Enix,High Horse Entertainment,Chocobo,Role-Playing,Roguelike RPG,Unknown,DS,Nintendo,Handheld,2008.0,JP,0.05,,,,Exclusive,Post-Merger,True
Chocobo to Mahou no Ehon: Majo to Shoujo to 5-Jin no Yuusha,Square Enix,High Horse Entertainment,Chocobo,Role-Playing,Roguelike RPG,Unknown,DS,Nintendo,Handheld,2008.0,NA,,,,,Exclusive,Post-Merger,True
Chocobo to Mahou no Ehon: Majo to Shoujo to 5-Jin no Yuusha,Square Enix,High Horse Entertainment,Chocobo,Role-Playing,Roguelike RPG,Unknown,DS,Nintendo,Handheld,2008.0,Other,,,,,Exclusive,Post-Merger,True
Chocobo to Mahou no Ehon: Majo to Shoujo to 5-Jin no Yuusha,Square Enix,High Horse Entertainment,Chocobo,Role-Playing,Roguelike RPG,Unknown,DS,Nintendo,Handheld,2008.0,PAL,,,,,Exclusive,Post-Merger,True
Chocobo to Mahou no Ehon: Special Package,Square Enix,High Horse Entertainment,Chocobo,Role-Playing,Roguelike RPG,Unknown,DS,Nintendo,Handheld,2008.0,JP,0.0,,,,Exclusive,Post-Merger,False
Chocobo to Mahou no Ehon: Special Package,Square Enix,High Horse Entertainment,Chocobo,Role-Playing,Roguelike RPG,Unknown,DS,Nintendo,Handheld,2008.0,NA,,,,,Exclusive,Post-Merger,False
Chocobo to Mahou no Ehon: Special Package,Square Enix,High Horse Entertainment,Chocobo,Role-Playing,Roguelike RPG,Unknown,DS,Nintendo,Handheld,2008.0,Other,,,,,Exclusive,Post-Merger,False
Chocobo to Mahou no Ehon: Special Package,Square Enix,High Horse Entertainment,Chocobo,Role-Playing,Roguelike RPG,Unknown,DS,Nintendo,Handheld,2008.0,PAL,,,,,Exclusive,Post-Merger,False
,Square Enix,"December 11, 2008",Standalone,,,,The Last Remnant,,,,,,,,,Multiplatform,,False
,Squaresoft,Square,Standalone,,,,PocketStation,,,,,,,,,Multiplatform,,False
Chocobo's Dungeon 2,Squaresoft,SquareSoft,Chocobo,Role-Playing,Roguelike RPG,Unknown,PS1,PlayStation,Home Console,1999.0,JP,0.58,,62.0,,Timed Exclusive,N/A,True
Chocobo's Dungeon 2,Squaresoft,SquareSoft,Chocobo,Role-Playing,Roguelike RPG,Unknown,PS1,PlayStation,Home Console,1999.0,NA,0.04,,62.0,,Timed Exclusive,N/A,True
Chocobo's Dungeon 2,Squaresoft,SquareSoft,Chocobo,Role-Playing,Roguelike RPG,Unknown,PS1,PlayStation,Home Console,1999.0,Other,0.05,,62.0,,Timed Exclusive,N/A,True
Chocobo's Dungeon 2,Squaresoft,SquareSoft,Chocobo,Role-Playing,Roguelike RPG,Unknown,PS1,PlayStation,Home Console,1999.0,PAL,0.03,,62.0,,Timed Exclusive,N/A,True
Chocobo's Dungeon 2,Square Enix,SquareSoft,Chocobo,Role-Playing,Roguelike RPG,Unknown,PSN,Other,Other,2010.0,JP,,,,,Timed Exclusive,N/A,True
Chocobo's Dungeon 2,Square Enix,SquareSoft,Chocobo,Role-Playing,Roguelike RPG,Unknown,PSN,Other,Other,2010.0,NA,,,,,Timed Exclusive,N/A,True
Chocobo's Dungeon 2,Square Enix,SquareSoft,Chocobo,Role-Playing,Roguelike RPG,Unknown,PSN,Other,Other,2010.0,Other,,,,,Timed Exclusive,N/A,True
Chocobo's Dungeon 2,Square Enix,SquareSoft,Chocobo,Role-Playing,Roguelike RPG,Unknown,PSN,Other,Other,2010.0,PAL,,,,,Timed Exclusive,N/A,True
,Squaresoft,Square,Standalone,,,,PS1,,,,,,,,,Multiplatform,,False
Chocobo's Mystery Dungeon: Every Buddy!,Square Enix,Square Enix,Chocobo,Role-Playing,Roguelike RPG,Unknown,PS4,PlayStation,Home Console,2019.0,JP,,,74.0,,Multiplatform,N/A,False
Chocobo's Mystery Dungeon: Every Buddy!,Square Enix,Square Enix,Chocobo,Role-Playing,Roguelike RPG,Unknown,PS4,PlayStation,Home Console,2019.0,NA,,,74.0,,Multiplatform,N/A,False
Chocobo's Mystery Dungeon: Every Buddy!,Square Enix,Square Enix,Chocobo,Role-Playing,Roguelike RPG,Unknown,PS4,PlayStation,Home Console,2019.0,Other,,,74.0,,Multiplatform,N/A,False
Chocobo's Mystery Dungeon: Every Buddy!,Square Enix,Square Enix,Chocobo,Role-Playing,Roguelike RPG,Unknown,PS4,PlayStation,Home Console,2019.0,PAL,,,74.0,,Multiplatform,N/A,False
Chocobo's Mystery Dungeon: Every Buddy!,Square Enix,Square Enix,Chocobo,Role-Playing,Roguelike RPG,Unknown,Switch,Nintendo,Home Console,2019.0,JP,,,74.0,,Multiplatform,Post-Merger,False
Chocobo's Mystery Dungeon: Every Buddy!,Square Enix,Square Enix,Chocobo,Role-Playing,Roguelike RPG,Unknown,Switch,Nintendo,Home Console,2019.0,NA,,,74.0,,Multiplatform,Post-Merger,False
Chocobo's Mystery Dungeon: Every Buddy!,Square Enix,Square Enix,Chocobo,Role-Playing,Roguelike RPG,Unknown,Switch,Nintendo,Home Console,2019.0,Other,,,74.0,,Multiplatform,Post-Merger,False
Chocobo's Mystery Dungeon: Every Buddy!,Square Enix,Square Enix,Chocobo,Role-Playing,Roguelike RPG,Unknown,Switch,Nintendo,Home Console,2019.0,PAL,,,74.0,,Multiplatform,Post-Merger,False
Chousoku Henkei Gyrozetter: Albatross no Tsubasa,Square Enix,Noise Inc.,Standalone,Role-Playing,,Unknown,3DS,Nintendo,Handheld,2013.0,JP,0.05,,,,Exclusive,Post-Merger,True
Chousoku Henkei Gyrozetter: Albatross no Tsubasa,Square Enix,Noise Inc.,Standalone,Role-Playing,,Unknown,3DS,Nintendo,Handheld,2013.0,NA,,,,,Exclusive,Post-Merger,True
Chousoku Henkei Gyrozetter: Albatross no Tsubasa,Square Enix,Noise Inc.,Standalone,Role-Playing,,Unknown,3DS,Nintendo,Handheld,2013.0,Other,,,,,Exclusive,Post-Merger,True
Chousoku Henkei Gyrozetter: Albatross no Tsubasa,Square Enix,Noise Inc.,Standalone,Role-Playing,,Unknown,3DS,Nintendo,Handheld,2013.0,PAL,,,,,Exclusive,Post-Merger,True
Chrono,Squaresoft,Square,Standalone,Role-Playing,,Unknown,Series,Other,Other,1995.0,JP,,,76.0,,Exclusive,N/A,False
Chrono,Squaresoft,Square,Standalone,Role-Playing,,Unknown,Series,Other,Other,1995.0,NA,,,76.0,,Exclusive,N/A,False
Chrono,Squaresoft,Square,Standalone,Role-Playing,,Unknown,Series,Other,Other,1995.0,Other,,,76.0,,Exclusive,N/A,False
Chrono,Squaresoft,Square,Standalone,Role-Playing,,Unknown,Series,Other,Other,1995.0,PAL,,,76.0,,Exclusive,N/A,False
Chrono Cross,Squaresoft,SquareSoft,Chrono,Role-Playing,Turn-Based RPG,3D,PS1,PlayStation,Home Console,2000.0,JP,,,97.0,,Timed Exclusive,N/A,False
Chrono Cross,Squaresoft,SquareSoft,Chrono,Role-Playing,Turn-Based RPG,3D,PS1,PlayStation,Home Console,2000.0,NA,,,97.0,,Timed Exclusive,N/A,False
Chrono Cross,Squaresoft,SquareSoft,Chrono,Role-Playing,Turn-Based RPG,3D,PS1,PlayStation,Home Console,2000.0,Other,,,97.0,,Timed Exclusive,N/A,False
Chrono Cross,Squaresoft,SquareSoft,Chrono,Role-Playing,Turn-Based RPG,3D,PS1,PlayStation,Home Console,2000.0,PAL,,,97.0,,Timed Exclusive,N/A,False
Chrono Cross,Square Enix,SquareSoft,Chrono,Role-Playing,Turn-Based RPG,3D,PSN,Other,Other,2011.0,JP,,,76.0,,Timed Exclusive,N/A,False
Chrono Cross,Square Enix,SquareSoft,Chrono,Role-Playing,Turn-Based RPG,3D,PSN,Other,Other,2011.0,NA,,,76.0,,Timed Exclusive,N/A,False
Chrono Cross,Square Enix,SquareSoft,Chrono,Role-Playing,Turn-Based RPG,3D,PSN,Other,Other,2011.0,Other,,,76.0,,Timed Exclusive,N/A,False
Chrono Cross,Square Enix,SquareSoft,Chrono,Role-Playing,Turn-Based RPG,3D,PSN,Other,Other,2011.0,PAL,,,76.0,,Timed Exclusive,N/A,False
Chrono Cross: The Radical Dreamers Edition,Square Enix,Square Enix,Chrono,Role-Playing,Turn-Based RPG,3D,PS4,PlayStation,Home Console,2022.0,JP,,,76.0,,Multiplatform,N/A,False
Chrono Cross: The Radical Dreamers Edition,Square Enix,Square Enix,Chrono,Role-Playing,Turn-Based RPG,3D,PS4,PlayStation,Home Console,2022.0,NA,,,76.0,,Multiplatform,N/A,False
Chrono Cross: The Radical Dreamers Edition,Square Enix,Square Enix,Chrono,Role-Playing,Turn-Based RPG,3D,PS4,PlayStation,Home Console,2022.0,Other,,,76.0,,Multiplatform,N/A,False
Chrono Cross: The Radical Dreamers Edition,Square Enix,Square Enix,Chrono,Role-Playing,Turn-Based RPG,3D,PS4,PlayStation,Home Console,2022.0,PAL,,,76.0,,Multiplatform,N/A,False
Chrono Cross: The Radical Dreamers Edition,Square Enix,Square Enix,Chrono,Role-Playing,Turn-Based RPG,3D,Switch,Nintendo,Home Console,2022.0,JP,,,76.0,,Multiplatform,Post-Merger,False
Chrono Cross: The Radical Dreamers Edition,Square Enix,Square Enix,Chrono,Role-Playing,Turn-Based RPG,3D,Switch,Nintendo,Home Console,2022.0,NA,,,76.0,,Multiplatform,Post-Merger,False
Chrono Cross: The Radical Dreamers Edition,Square Enix,Square Enix,Chrono,Role-Playing,Turn-Based RPG,3D,Switch,Nintendo,Home Console,2022.0,Other,,,76.0,,Multiplatform,Post-Merger,False
Chrono Cross: The Radical Dreamers Edition,Square Enix,Square Enix,Chrono,Role-Playing,Turn-Based RPG,3D,Switch,Nintendo,Home Console,2022.0,PAL,,,76.0,,Multiplatform,Post-Merger,False
Chrono Trigger,Squaresoft,Square,Chrono,Role-Playing,Turn-Based RPG,2D,All,Other,Other,1995.0,JP,5.071487,435000000,,,Multiplatform,N/A,False
Chrono Trigger,Squaresoft,Square,Chrono,Role-Playing,Turn-Based RPG,2D,All,Other,Other,1995.0,NA,5.071487,435000000,,,Multiplatform,N/A,False
Chrono Trigger,Squaresoft,Square,Chrono,Role-Playing,Turn-Based RPG,2D,All,Other,Other,1995.0,Other,5.071487,435000000,,,Multiplatform,N/A,False
Chrono Trigger,Squaresoft,Square,Chrono,Role-Playing,Turn-Based RPG,2D,All,Other,Other,1995.0,PAL,5.071487,435000000,,,Multiplatform,N/A,False
Chrono Trigger,Square Enix,Square Enix,Chrono,Role-Playing,Turn-Based RPG,2D,DS,Nintendo,Handheld,2008.0,JP,5.071487,435000000,92.0,,Multiplatform,Post-Merger,False
Chrono Trigger,Square Enix,Square Enix,Chrono,Role-Playing,Turn-Based RPG,2D,DS,Nintendo,Handheld,2008.0,NA,5.071487,435000000,92.0,,Multiplatform,Post-Merger,False
Chrono Trigger,Square Enix,Square Enix,Chrono,Role-Playing,Turn-Based RPG,2D,DS,Nintendo,Handheld,2008.0,Other,5.071487,435000000,92.0,,Multiplatform,Post-Merger,False
Chrono Trigger,Square Enix,Square Enix,Chrono,Role-Playing,Turn-Based RPG,2D,DS,Nintendo,Handheld,2008.0,PAL,5.071487,435000000,92.0,,Multiplatform,Post-Merger,False
,Square Enix,Tose,Standalone,,,,PC,,,,,,,,,Multiplatform,,False
Chrono Trigger,Squaresoft,SquareSoft,Chrono,Role-Playing,Turn-Based RPG,2D,PS1,PlayStation,Home Console,2001.0,JP,5.071487,435000000,,,Multiplatform,N/A,False
Chrono Trigger,Squaresoft,SquareSoft,Chrono,Role-Playing,Turn-Based RPG,2D,PS1,PlayStation,Home Console,2001.0,NA,5.071487,435000000,,,Multiplatform,N/A,False
Chrono Trigger,Squaresoft,SquareSoft,Chrono,Role-Playing,Turn-Based RPG,2D,PS1,PlayStation,Home Console,2001.0,Other,5.071487,435000000,,,Multiplatform,N/A,False
Chrono Trigger,Squaresoft,SquareSoft,Chrono,Role-Playing,Turn-Based RPG,2D,PS1,PlayStation,Home Console,2001.0,PAL,5.071487,435000000,,,Multiplatform,N/A,False
Chrono Trigger,Square Enix,SquareSoft,Chrono,Role-Playing,Turn-Based RPG,2D,PSN,Other,Other,2011.0,JP,5.071487,435000000,,,Multiplatform,N/A,False
Chrono Trigger,Square Enix,SquareSoft,Chrono,Role-Playing,Turn-Based RPG,2D,PSN,Other,Other,2011.0,NA,5.071487,435000000,,,Multiplatform,N/A,False
Chrono Trigger,Square Enix,SquareSoft,Chrono,Role-Playing,Turn-Based RPG,2D,PSN,Other,Other,2011.0,Other,5.071487,435000000,,,Multiplatform,N/A,False
Chrono Trigger,Square Enix,SquareSoft,Chrono,Role-Playing,Turn-Based RPG,2D,PSN,Other,Other,2011.0,PAL,5.071487,435000000,,,Multiplatform,N/A,False
Chrono Trigger,Squaresoft,SquareSoft,Chrono,Role-Playing,Turn-Based RPG,2D,SNES,Nintendo,Home Console,1995.0,JP,5.071487,435000000,88.0,,Multiplatform,Pre-Split,False
Chrono Trigger,Squaresoft,SquareSoft,Chrono,Role-Playing,Turn-Based RPG,2D,SNES,Nintendo,Home Console,1995.0,NA,5.071487,435000000,88.0,,Multiplatform,Pre-Split,False
Chrono Trigger,Squaresoft,SquareSoft,Chrono,Role-Playing,Turn-Based RPG,2D,SNES,Nintendo,Home Console,1995.0,Other,5.071487,435000000,88.0,,Multiplatform,Pre-Split,False
Chrono Trigger,Squaresoft,SquareSoft,Chrono,Role-Playing,Turn-Based RPG,2D,SNES,Nintendo,Home Console,1995.0,PAL,5.071487,435000000,88.0,,Multiplatform,Pre-Split,False
,Square Enix,Tose,Standalone,,,,The Last Remnant,,,,,,,,,Multiplatform,,False
Chrono Trigger,Square Enix,SquareSoft,Chrono,Role-Playing,Turn-Based RPG,2D,VC,Other,Other,2011.0,JP,5.071487,435000000,95.0,,Multiplatform,N/A,False
Chrono Trigger,Square Enix,SquareSoft,Chrono,Role-Playing,Turn-Based RPG,2D,VC,Other,Other,2011.0,NA,5.071487,435000000,95.0,,Multiplatform,N/A,False
Chrono Trigger,Square Enix,SquareSoft,Chrono,Role-Playing,Turn-Based RPG,2D,VC,Other,Other,2011.0,Other,5.071487,435000000,95.0,,Multiplatform,N/A,False
Chrono Trigger,Square Enix,SquareSoft,Chrono,Role-Playing,Turn-Based RPG,2D,VC,Other,Other,2011.0,PAL,5.071487,435000000,95.0,,Multiplatform,N/A,False
Cid to Chocobo no Fushigi na Dungeon: Toki Wasure no Meikyuu DS+,Square Enix,High Horse Entertainment,Chocobo,Role-Playing,Roguelike RPG,Unknown,DS,Nintendo,Handheld,2008.0,JP,0.06,,,,Exclusive,Post-Merger,True
Cid to Chocobo no Fushigi na Dungeon: Toki Wasure no Meikyuu DS+,Square Enix,High Horse Entertainment,Chocobo,Role-Playing,Roguelike RPG,Unknown,DS,Nintendo,Handheld,2008.0,NA,,,,,Exclusive,Post-Merger,True
Cid to Chocobo no Fushigi na Dungeon: Toki Wasure no Meikyuu DS+,Square Enix,High Horse Entertainment,Chocobo,Role-Playing,Roguelike RPG,Unknown,DS,Nintendo,Handheld,2008.0,Other,,,,,Exclusive,Post-Merger,True
Cid to Chocobo no Fushigi na Dungeon: Toki Wasure no Meikyuu DS+,Square Enix,High Horse Entertainment,Chocobo,Role-Playing,Roguelike RPG,Unknown,DS,Nintendo,Handheld,2008.0,PAL,,,,,Exclusive,Post-Merger,True
,Square Enix,h.a.n.d.,Standalone,,,,DS,,,,,,,,,Multiplatform,,False
Cindy's Caribbean Holiday,Enix,Phoenix Games,Standalone,Adventure,,Unknown,PS1,PlayStation,Home Console,2003.0,JP,,,,,Exclusive,N/A,False
Cindy's Caribbean Holiday,Enix,Phoenix Games,Standalone,Adventure,,Unknown,PS1,PlayStation,Home Console,2003.0,NA,,,,,Exclusive,N/A,False
Cindy's Caribbean Holiday,Enix,Phoenix Games,Standalone,Adventure,,Unknown,PS1,PlayStation,Home Console,2003.0,Other,,,,,Exclusive,N/A,False
Cindy's Caribbean Holiday,Enix,Phoenix Games,Standalone,Adventure,,Unknown,PS1,PlayStation,Home Console,2003.0,PAL,,,,,Exclusive,N/A,False
Cindy's Fashion World,Enix,Phoenix Games,Standalone,Adventure,,Unknown,PS1,PlayStation,Home Console,2003.0,JP,,,,,Exclusive,N/A,False
Cindy's Fashion World,Enix,Phoenix Games,Standalone,Adventure,,Unknown,PS1,PlayStation,Home Console,2003.0,NA,,,,,Exclusive,N/A,False
Cindy's Fashion World,Enix,Phoenix Games,Standalone,Adventure,,Unknown,PS1,PlayStation,Home Console,2003.0,Other,,,,,Exclusive,N/A,False
Cindy's Fashion World,Enix,Phoenix Games,Standalone,Adventure,,Unknown,PS1,PlayStation,Home Console,2003.0,PAL,,,,,Exclusive,N/A,False
City Soccer Challenge,Square Enix,Data Design Interactive,Standalone,Sports,,Unknown,PS2,PlayStation,Home Console,2006.0,JP,,,,,Exclusive,N/A,False
City Soccer Challenge,Square Enix,Data Design Interactive,Standalone,Sports,,Unknown,PS2,PlayStation,Home Console,2006.0,NA,,,,,Exclusive,N/A,False
City Soccer Challenge,Square Enix,Data Design Interactive,Standalone,Sports,,Unknown,PS2,PlayStation,Home Console,2006.0,Other,,,,,Exclusive,N/A,False
City Soccer Challenge,Square Enix,Data Design Interactive,Standalone,Sports,,Unknown,PS2,PlayStation,Home Console,2006.0,PAL,,,,,Exclusive,N/A,False
,Squaresoft,Square,Standalone,,,,Family Computer Disk System,,,,,,,,,Multiplatform,,False
Code Age Commanders,Square Enix,Square Enix,Standalone,Role-Playing,,Unknown,PS2,PlayStation,Home Console,2005.0,JP,,,,,Exclusive,N/A,False
Code Age Commanders,Square Enix,Square Enix,Standalone,Role-Playing,,Unknown,PS2,PlayStation,Home Console,2005.0,NA,,,,,Exclusive,N/A,False
Code Age Commanders,Square Enix,Square Enix,Standalone,Role-Playing,,Unknown,PS2,PlayStation,Home Console,2005.0,Other,,,,,Exclusive,N/A,False
Code Age Commanders,Square Enix,Square Enix,Standalone,Role-Playing,,Unknown,PS2,PlayStation,Home Console,2005.0,PAL,,,,,Exclusive,N/A,False
Cognition: An Erica Reed Thriller,Square Enix,Unknown,Standalone,Misc,,Unknown,OSX,Other,Other,2012.0,JP,,,,,Multiplatform,N/A,False
Cognition: An Erica Reed Thriller,Square Enix,Unknown,Standalone,Misc,,Unknown,OSX,Other,Other,2012.0,NA,,,,,Multiplatform,N/A,False
Cognition: An Erica Reed Thriller,Square Enix,Unknown,Standalone,Misc,,Unknown,OSX,Other,Other,2012.0,Other,,,,,Multiplatform,N/A,False
Cognition: An Erica Reed Thriller,Square Enix,Unknown,Standalone,Misc,,Unknown,OSX,Other,Other,2012.0,PAL,,,,,Multiplatform,N/A,False
Cognition: An Erica Reed Thriller,Square Enix,Unknown,Standalone,Misc,,Unknown,PC,PC,PC,2012.0,JP,,,,,Multiplatform,N/A,False
Cognition: An Erica Reed Thriller,Square Enix,Unknown,Standalone,Misc,,Unknown,PC,PC,PC,2012.0,NA,,,,,Multiplatform,N/A,False
Cognition: An Erica Reed Thriller,Square Enix,Unknown,Standalone,Misc,,Unknown,PC,PC,PC,2012.0,Other,,,,,Multiplatform,N/A,False
Cognition: An Erica Reed Thriller,Square Enix,Unknown,Standalone,Misc,,Unknown,PC,PC,PC,2012.0,PAL,,,,,Multiplatform,N/A,False
Collection of Mana,Square Enix,Square Enix,Standalone,Role-Playing,,Unknown,Switch,Nintendo,Home Console,2019.0,JP,,,83.0,,Exclusive,Post-Merger,False
Collection of Mana,Square Enix,Square Enix,Standalone,Role-Playing,,Unknown,Switch,Nintendo,Home Console,2019.0,NA,,,83.0,,Exclusive,Post-Merger,False
Collection of Mana,Square Enix,Square Enix,Standalone,Role-Playing,,Unknown,Switch,Nintendo,Home Console,2019.0,Other,,,83.0,,Exclusive,Post-Merger,False
Collection of Mana,Square Enix,Square Enix,Standalone,Role-Playing,,Unknown,Switch,Nintendo,Home Console,2019.0,PAL,,,83.0,,Exclusive,Post-Merger,False
,Square Enix,"February 26, 2021",Standalone,,,,Bravely Default II,,,,,,,73.0,,Exclusive,,False
,Square Enix,"December 15, 2020",Standalone,,,,Kingdom Hearts: Melody of Memory,,,,,,,73.0,,Exclusive,,False
,Square Enix,[ 351 ],Standalone,,,,PC,,,,,,,73.0,,Exclusive,,False
Collection of SaGa: Final Fantasy Legend,Square Enix,Square Enix,Final Fantasy,Role-Playing,Turn-Based RPG,Unknown,Switch,Nintendo,Home Console,2020.0,JP,,,73.0,,Exclusive,Post-Merger,False
Collection of SaGa: Final Fantasy Legend,Square Enix,Square Enix,Final Fantasy,Role-Playing,Turn-Based RPG,Unknown,Switch,Nintendo,Home Console,2020.0,NA,,,73.0,,Exclusive,Post-Merger,False
Collection of SaGa: Final Fantasy Legend,Square Enix,Square Enix,Final Fantasy,Role-Playing,Turn-Based RPG,Unknown,Switch,Nintendo,Home Console,2020.0,Other,,,73.0,,Exclusive,Post-Merger,False
Collection of SaGa: Final Fantasy Legend,Square Enix,Square Enix,Final Fantasy,Role-Playing,Turn-Based RPG,Unknown,Switch,Nintendo,Home Console,2020.0,PAL,,,73.0,,Exclusive,Post-Merger,False
Combat Ace,Square Enix,Phoenix Games,Standalone,Action,,Unknown,PS2,PlayStation,Home Console,2006.0,JP,,,,,Exclusive,N/A,False
Combat Ace,Square Enix,Phoenix Games,Standalone,Action,,Unknown,PS2,PlayStation,Home Console,2006.0,NA,,,,,Exclusive,N/A,False
Combat Ace,Square Enix,Phoenix Games,Standalone,Action,,Unknown,PS2,PlayStation,Home Console,2006.0,Other,,,,,Exclusive,N/A,False
Combat Ace,Square Enix,Phoenix Games,Standalone,Action,,Unknown,PS2,PlayStation,Home Console,2006.0,PAL,,,,,Exclusive,N/A,False
,Enix,Brain Dock,Standalone,,,,GBC,,,,,,,,,Exclusive,,False
Command Master,Enix,Enix Corporation,Standalone,Role-Playing,,Unknown,Game Boy,Nintendo,Handheld,2000.0,JP,,,,,Exclusive,Cold War,False
Command Master,Enix,Enix Corporation,Standalone,Role-Playing,,Unknown,Game Boy,Nintendo,Handheld,2000.0,NA,,,,,Exclusive,Cold War,False
Command Master,Enix,Enix Corporation,Standalone,Role-Playing,,Unknown,Game Boy,Nintendo,Handheld,2000.0,Other,,,,,Exclusive,Cold War,False
Command Master,Enix,Enix Corporation,Standalone,Role-Playing,,Unknown,Game Boy,Nintendo,Handheld,2000.0,PAL,,,,,Exclusive,Cold War,False
,Square Enix,ponsbic,Standalone,,,,PC,,,,,,,,,Multiplatform,,False
Cool Shot,Enix,DigiCube,Standalone,Sports,,Unknown,PS2,PlayStation,Home Console,2003.0,JP,,,,,Exclusive,N/A,False
Cool Shot,Enix,DigiCube,Standalone,Sports,,Unknown,PS2,PlayStation,Home Console,2003.0,NA,,,,,Exclusive,N/A,False
Cool Shot,Enix,DigiCube,Standalone,Sports,,Unknown,PS2,PlayStation,Home Console,2003.0,Other,,,,,Exclusive,N/A,False
Cool Shot,Enix,DigiCube,Standalone,Sports,,Unknown,PS2,PlayStation,Home Console,2003.0,PAL,,,,,Exclusive,N/A,False
Crazy Golf,Square Enix,Phoenix Games,Standalone,Sports,,Unknown,PS2,PlayStation,Home Console,2005.0,JP,,,,,Exclusive,N/A,False
Crazy Golf,Square Enix,Phoenix Games,Standalone,Sports,,Unknown,PS2,PlayStation,Home Console,2005.0,NA,,,,,Exclusive,N/A,False
Crazy Golf,Square Enix,Phoenix Games,Standalone,Sports,,Unknown,PS2,PlayStation,Home Console,2005.0,Other,,,,,Exclusive,N/A,False
Crazy Golf,Square Enix,Phoenix Games,Standalone,Sports,,Unknown,PS2,PlayStation,Home Console,2005.0,PAL,,,,,Exclusive,N/A,False
Crisis Core: Final Fantasy VII,Square Enix,Square Enix,Final Fantasy,Role-Playing,Turn-Based RPG,3D,PSP,PlayStation,Handheld,2008.0,JP,3.918448,,81.0,,Exclusive,N/A,False
Crisis Core: Final Fantasy VII,Square Enix,Square Enix,Final Fantasy,Role-Playing,Turn-Based RPG,3D,PSP,PlayStation,Handheld,2008.0,NA,3.918448,,81.0,,Exclusive,N/A,False
Crisis Core: Final Fantasy VII,Square Enix,Square Enix,Final Fantasy,Role-Playing,Turn-Based RPG,3D,PSP,PlayStation,Handheld,2008.0,Other,3.918448,,81.0,,Exclusive,N/A,False
Crisis Core: Final Fantasy VII,Square Enix,Square Enix,Final Fantasy,Role-Playing,Turn-Based RPG,3D,PSP,PlayStation,Handheld,2008.0,PAL,3.918448,,81.0,,Exclusive,N/A,False
,Square Enix,"December 13, 2022",Standalone,,,,Dragon Quest Treasures,,,,,,,80.0,,Multiplatform,,False
,Square Enix,"December 13, 2022",Standalone,,,,Forspoken,,,,,,,80.0,,Multiplatform,,False
,Square Enix,"December 13, 2022",Standalone,,,,PS4,,,,,,,80.0,,Multiplatform,,False
,Square Enix,"December 13, 2022",Standalone,,,,PS5,,,,,,,80.0,,Multiplatform,,False
,Square Enix,"December 13, 2022",Standalone,,,,Switch,,,,,,,80.0,,Multiplatform,,False
,Square Enix,"December 13, 2022",Standalone,,,,Xbox One,,,,,,,80.0,,Multiplatform,,False
,Square Enix,"December 13, 2022",Standalone,,,,Xbox Series X/S,,,,,,,80.0,,Multiplatform,,False
,Enix,Dwango,Standalone,,,,PC,,,,,,,,,Multiplatform,,False
Cross Treasures,Square Enix,V Jump / Square Enix,Standalone,Role-Playing,,Unknown,DS,Nintendo,Handheld,2009.0,JP,0.02,,,,Exclusive,Post-Merger,True
Cross Treasures,Square Enix,V Jump / Square Enix,Standalone,Role-Playing,,Unknown,DS,Nintendo,Handheld,2009.0,NA,,,,,Exclusive,Post-Merger,True
Cross Treasures,Square Enix,V Jump / Square Enix,Standalone,Role-Playing,,Unknown,DS,Nintendo,Handheld,2009.0,Other,,,,,Exclusive,Post-Merger,True
Cross Treasures,Square Enix,V Jump / Square Enix,Standalone,Role-Playing,,Unknown,DS,Nintendo,Handheld,2009.0,PAL,,,,,Exclusive,Post-Merger,True
,Squaresoft,Square,Standalone,,,,PC-8801 ; PC-9801; X1,,,,,,,,,Multiplatform,,False
,Square Enix,Square Enix,Standalone,,,,Final Fantasy Crystal Chronicles: Echoes of Time,,,,,,,,,Exclusive,,False
,Square Enix,Square Enix,Standalone,,,,PS3,,,,,,,,,Exclusive,,False
Crystal Defenders,Square Enix,TOSE Software,Standalone,Strategy,,Unknown,PSN,Other,Other,2009.0,JP,,,75.0,,Exclusive,N/A,False
Crystal Defenders,Square Enix,TOSE Software,Standalone,Strategy,,Unknown,PSN,Other,Other,2009.0,NA,,,75.0,,Exclusive,N/A,False
Crystal Defenders,Square Enix,TOSE Software,Standalone,Strategy,,Unknown,PSN,Other,Other,2009.0,Other,,,75.0,,Exclusive,N/A,False
Crystal Defenders,Square Enix,TOSE Software,Standalone,Strategy,,Unknown,PSN,Other,Other,2009.0,PAL,,,75.0,,Exclusive,N/A,False
,Square Enix,Square Enix,Standalone,,,,PSP,,,,,,,,,Exclusive,,False
,Square Enix,Square Enix,Standalone,,,,Wii,,,,,,,,,Exclusive,,False
Crystal Defenders,Square Enix,TOSE Software,Standalone,Strategy,,Unknown,XBL,Other,Other,2009.0,JP,,,57.0,,Exclusive,N/A,False
Crystal Defenders,Square Enix,TOSE Software,Standalone,Strategy,,Unknown,XBL,Other,Other,2009.0,NA,,,57.0,,Exclusive,N/A,False
Crystal Defenders,Square Enix,TOSE Software,Standalone,Strategy,,Unknown,XBL,Other,Other,2009.0,Other,,,57.0,,Exclusive,N/A,False
Crystal Defenders,Square Enix,TOSE Software,Standalone,Strategy,,Unknown,XBL,Other,Other,2009.0,PAL,,,57.0,,Exclusive,N/A,False
,Square Enix,Square Enix,Standalone,,,,Xbox 360,,,,,,,,,Exclusive,,False
Crystal Defenders (PSP),Square Enix,Square Enix,Standalone,Strategy,,Unknown,PSN,Other,Other,2009.0,JP,,,,,Exclusive,N/A,False
Crystal Defenders (PSP),Square Enix,Square Enix,Standalone,Strategy,,Unknown,PSN,Other,Other,2009.0,NA,,,,,Exclusive,N/A,False
Crystal Defenders (PSP),Square Enix,Square Enix,Standalone,Strategy,,Unknown,PSN,Other,Other,2009.0,Other,,,,,Exclusive,N/A,False
Crystal Defenders (PSP),Square Enix,Square Enix,Standalone,Strategy,,Unknown,PSN,Other,Other,2009.0,PAL,,,,,Exclusive,N/A,False
Crystal Defenders R1,Square Enix,Square Enix,Standalone,Strategy,,Unknown,WW,Other,Other,2009.0,JP,,,64.0,,Exclusive,N/A,False
Crystal Defenders R1,Square Enix,Square Enix,Standalone,Strategy,,Unknown,WW,Other,Other,2009.0,NA,,,64.0,,Exclusive,N/A,False
Crystal Defenders R1,Square Enix,Square Enix,Standalone,Strategy,,Unknown,WW,Other,Other,2009.0,Other,,,64.0,,Exclusive,N/A,False
Crystal Defenders R1,Square Enix,Square Enix,Standalone,Strategy,,Unknown,WW,Other,Other,2009.0,PAL,,,64.0,,Exclusive,N/A,False
Crystal Defenders R2,Square Enix,Square Enix,Standalone,Strategy,,Unknown,WW,Other,Other,2009.0,JP,,,58.0,,Exclusive,N/A,False
Crystal Defenders R2,Square Enix,Square Enix,Standalone,Strategy,,Unknown,WW,Other,Other,2009.0,NA,,,58.0,,Exclusive,N/A,False
Crystal Defenders R2,Square Enix,Square Enix,Standalone,Strategy,,Unknown,WW,Other,Other,2009.0,Other,,,58.0,,Exclusive,N/A,False
Crystal Defenders R2,Square Enix,Square Enix,Standalone,Strategy,,Unknown,WW,Other,Other,2009.0,PAL,,,58.0,,Exclusive,N/A,False
Cyber Org,Squaresoft,SqaureSoft,Standalone,Action,,Unknown,PS1,PlayStation,Home Console,1999.0,JP,,,,,Exclusive,N/A,False
Cyber Org,Squaresoft,SqaureSoft,Standalone,Action,,Unknown,PS1,PlayStation,Home Console,1999.0,NA,,,,,Exclusive,N/A,False
Cyber Org,Squaresoft,SqaureSoft,Standalone,Action,,Unknown,PS1,PlayStation,Home Console,1999.0,Other,,,,,Exclusive,N/A,False
Cyber Org,Squaresoft,SqaureSoft,Standalone,Action,,Unknown,PS1,PlayStation,Home Console,1999.0,PAL,,,,,Exclusive,N/A,False
Dalmatians 2,Enix,Phoenix Games,Standalone,Action,,Unknown,PS1,PlayStation,Home Console,2003.0,JP,,,,,Exclusive,N/A,False
Dalmatians 2,Enix,Phoenix Games,Standalone,Action,,Unknown,PS1,PlayStation,Home Console,2003.0,NA,,,,,Exclusive,N/A,False
Dalmatians 2,Enix,Phoenix Games,Standalone,Action,,Unknown,PS1,PlayStation,Home Console,2003.0,Other,,,,,Exclusive,N/A,False
Dalmatians 2,Enix,Phoenix Games,Standalone,Action,,Unknown,PS1,PlayStation,Home Console,2003.0,PAL,,,,,Exclusive,N/A,False
Dalmatians 3,Square Enix,Phoenix Games,Standalone,Misc,,Unknown,PS2,PlayStation,Home Console,2006.0,JP,,,,,Exclusive,N/A,False
Dalmatians 3,Square Enix,Phoenix Games,Standalone,Misc,,Unknown,PS2,PlayStation,Home Console,2006.0,NA,,,,,Exclusive,N/A,False
Dalmatians 3,Square Enix,Phoenix Games,Standalone,Misc,,Unknown,PS2,PlayStation,Home Console,2006.0,Other,,,,,Exclusive,N/A,False
Dalmatians 3,Square Enix,Phoenix Games,Standalone,Misc,,Unknown,PS2,PlayStation,Home Console,2006.0,PAL,,,,,Exclusive,N/A,False
Dance Summit 2001: Bust A Move,Enix,Metro Corporation,Standalone,Rhythm,,Unknown,PS2,PlayStation,Home Console,2000.0,JP,,,,,Exclusive,N/A,False
Dance Summit 2001: Bust A Move,Enix,Metro Corporation,Standalone,Rhythm,,Unknown,PS2,PlayStation,Home Console,2000.0,NA,,,,,Exclusive,N/A,False
Dance Summit 2001: Bust A Move,Enix,Metro Corporation,Standalone,Rhythm,,Unknown,PS2,PlayStation,Home Console,2000.0,Other,,,,,Exclusive,N/A,False
Dance Summit 2001: Bust A Move,Enix,Metro Corporation,Standalone,Rhythm,,Unknown,PS2,PlayStation,Home Console,2000.0,PAL,,,,,Exclusive,N/A,False
Dark Half,Enix,Enix Corporation,Standalone,Role-Playing,,Unknown,SNES,Nintendo,Home Console,1996.0,JP,0.04,,,,Exclusive,Pre-Split,True
Dark Half,Enix,Enix Corporation,Standalone,Role-Playing,,Unknown,SNES,Nintendo,Home Console,1996.0,NA,,,,,Exclusive,Pre-Split,True
Dark Half,Enix,Enix Corporation,Standalone,Role-Playing,,Unknown,SNES,Nintendo,Home Console,1996.0,Other,0.0,,,,Exclusive,Pre-Split,True
Dark Half,Enix,Enix Corporation,Standalone,Role-Playing,,Unknown,SNES,Nintendo,Home Console,1996.0,PAL,,,,,Exclusive,Pre-Split,True
Dauntless,Square Enix,Phoenix Labs,Standalone,Role-Playing,,Unknown,PC,PC,PC,2019.0,JP,,,76.0,,Multiplatform,N/A,False
Dauntless,Square Enix,Phoenix Labs,Standalone,Role-Playing,,Unknown,PC,PC,PC,2019.0,NA,,,76.0,,Multiplatform,N/A,False
Dauntless,Square Enix,Phoenix Labs,Standalone,Role-Playing,,Unknown,PC,PC,PC,2019.0,Other,,,76.0,,Multiplatform,N/A,False
Dauntless,Square Enix,Phoenix Labs,Standalone,Role-Playing,,Unknown,PC,PC,PC,2019.0,PAL,,,76.0,,Multiplatform,N/A,False
Dauntless,Square Enix,Phoenix Labs,Standalone,Role-Playing,,Unknown,PS4,PlayStation,Home Console,2019.0,JP,,,76.0,,Multiplatform,N/A,False
Dauntless,Square Enix,Phoenix Labs,Standalone,Role-Playing,,Unknown,PS4,PlayStation,Home Console,2019.0,NA,,,76.0,,Multiplatform,N/A,False
Dauntless,Square Enix,Phoenix Labs,Standalone,Role-Playing,,Unknown,PS4,PlayStation,Home Console,2019.0,Other,,,76.0,,Multiplatform,N/A,False
Dauntless,Square Enix,Phoenix Labs,Standalone,Role-Playing,,Unknown,PS4,PlayStation,Home Console,2019.0,PAL,,,76.0,,Multiplatform,N/A,False
Dauntless,Square Enix,Phoenix Labs,Standalone,Role-Playing,,Unknown,Switch,Nintendo,Home Console,2019.0,JP,,,76.0,,Multiplatform,Post-Merger,False
Dauntless,Square Enix,Phoenix Labs,Standalone,Role-Playing,,Unknown,Switch,Nintendo,Home Console,2019.0,NA,,,76.0,,Multiplatform,Post-Merger,False
Dauntless,Square Enix,Phoenix Labs,Standalone,Role-Playing,,Unknown,Switch,Nintendo,Home Console,2019.0,Other,,,76.0,,Multiplatform,Post-Merger,False
Dauntless,Square Enix,Phoenix Labs,Standalone,Role-Playing,,Unknown,Switch,Nintendo,Home Console,2019.0,PAL,,,76.0,,Multiplatform,Post-Merger,False
Dauntless,Square Enix,Phoenix Labs,Standalone,Role-Playing,,Unknown,Xbox One,Microsoft,Home Console,2019.0,JP,,,76.0,,Multiplatform,N/A,False
Dauntless,Square Enix,Phoenix Labs,Standalone,Role-Playing,,Unknown,Xbox One,Microsoft,Home Console,2019.0,NA,,,76.0,,Multiplatform,N/A,False
Dauntless,Square Enix,Phoenix Labs,Standalone,Role-Playing,,Unknown,Xbox One,Microsoft,Home Console,2019.0,Other,,,76.0,,Multiplatform,N/A,False
Dauntless,Square Enix,Phoenix Labs,Standalone,Role-Playing,,Unknown,Xbox One,Microsoft,Home Console,2019.0,PAL,,,76.0,,Multiplatform,N/A,False
Dawn of Mana,Square Enix,Square Enix,Mana,Role-Playing,Turn-Based RPG,3D,PS2,PlayStation,Home Console,2007.0,JP,,,63.0,,Exclusive,N/A,False
Dawn of Mana,Square Enix,Square Enix,Mana,Role-Playing,Turn-Based RPG,3D,PS2,PlayStation,Home Console,2007.0,NA,,,63.0,,Exclusive,N/A,False
Dawn of Mana,Square Enix,Square Enix,Mana,Role-Playing,Turn-Based RPG,3D,PS2,PlayStation,Home Console,2007.0,Other,,,63.0,,Exclusive,N/A,False
Dawn of Mana,Square Enix,Square Enix,Mana,Role-Playing,Turn-Based RPG,3D,PS2,PlayStation,Home Console,2007.0,PAL,,,63.0,,Exclusive,N/A,False
Dead Eye Jim,Square Enix,Phoenix Games,Standalone,Action,,Unknown,PS2,PlayStation,Home Console,2007.0,JP,,,,,Exclusive,N/A,False
Dead Eye Jim,Square Enix,Phoenix Games,Standalone,Action,,Unknown,PS2,PlayStation,Home Console,2007.0,NA,,,,,Exclusive,N/A,False
Dead Eye Jim,Square Enix,Phoenix Games,Standalone,Action,,Unknown,PS2,PlayStation,Home Console,2007.0,Other,,,,,Exclusive,N/A,False
Dead Eye Jim,Square Enix,Phoenix Games,Standalone,Action,,Unknown,PS2,PlayStation,Home Console,2007.0,PAL,,,,,Exclusive,N/A,False
,Square Enix,Square Enix,Standalone,,,,PS Vita,,,,,,,,,Multiplatform,,False
Death By Cube,Square Enix,Premium Agency,Standalone,Shooter,,Unknown,XBL,Other,Other,2010.0,JP,,,45.0,,Exclusive,N/A,False
Death By Cube,Square Enix,Premium Agency,Standalone,Shooter,,Unknown,XBL,Other,Other,2010.0,NA,,,45.0,,Exclusive,N/A,False
Death By Cube,Square Enix,Premium Agency,Standalone,Shooter,,Unknown,XBL,Other,Other,2010.0,Other,,,45.0,,Exclusive,N/A,False
Death By Cube,Square Enix,Premium Agency,Standalone,Shooter,,Unknown,XBL,Other,Other,2010.0,PAL,,,45.0,,Exclusive,N/A,False
,Square Enix,Premium Agency,Standalone,,,,Xbox 360,,,,,,,,,Exclusive,,False
,Squaresoft,Square,Standalone,,,,PC-8801 ; PC-9801; FM-7,,,,,,,76.0,,Multiplatform,,False
,Squaresoft,HummingBirdSoft,Standalone,,,,NES,,,,,,,,,Multiplatform,,False
Deep Dungeon (FDS),Squaresoft,Hummingbird Soft,Standalone,Role-Playing,,Unknown,NES,Nintendo,Home Console,1986.0,JP,,,,,Exclusive,Pre-Split,False
Deep Dungeon (FDS),Squaresoft,Hummingbird Soft,Standalone,Role-Playing,,Unknown,NES,Nintendo,Home Console,1986.0,NA,,,,,Exclusive,Pre-Split,False
Deep Dungeon (FDS),Squaresoft,Hummingbird Soft,Standalone,Role-Playing,,Unknown,NES,Nintendo,Home Console,1986.0,Other,,,,,Exclusive,Pre-Split,False
Deep Dungeon (FDS),Squaresoft,Hummingbird Soft,Standalone,Role-Playing,,Unknown,NES,Nintendo,Home Console,1986.0,PAL,,,,,Exclusive,Pre-Split,False
,Squaresoft,HummingBirdSoft,Standalone,,,,Family Computer Disk System,,,,,,,,,Multiplatform,,False
Densha de Go! Tokubetsu-hen: Fukkatsu Shouwa no Yamatesen,Square Enix,Taito Corporation,Standalone,Simulation,,Unknown,DS,Nintendo,Handheld,2010.0,JP,0.02,,,,Exclusive,Post-Merger,True
Densha de Go! Tokubetsu-hen: Fukkatsu Shouwa no Yamatesen,Square Enix,Taito Corporation,Standalone,Simulation,,Unknown,DS,Nintendo,Handheld,2010.0,NA,,,,,Exclusive,Post-Merger,True
Densha de Go! Tokubetsu-hen: Fukkatsu Shouwa no Yamatesen,Square Enix,Taito Corporation,Standalone,Simulation,,Unknown,DS,Nintendo,Handheld,2010.0,Other,,,,,Exclusive,Post-Merger,True
Densha de Go! Tokubetsu-hen: Fukkatsu Shouwa no Yamatesen,Square Enix,Taito Corporation,Standalone,Simulation,,Unknown,DS,Nintendo,Handheld,2010.0,PAL,,,,,Exclusive,Post-Merger,True
,Enix,Headlock,Standalone,,,,PC,,,,,,,,,Multiplatform,,False
Destructo 2,Enix,Axes Art Amuse,Standalone,Puzzle,,Unknown,PS1,PlayStation,Home Console,2003.0,JP,,,,,Exclusive,N/A,False
Destructo 2,Enix,Axes Art Amuse,Standalone,Puzzle,,Unknown,PS1,PlayStation,Home Console,2003.0,NA,,,,,Exclusive,N/A,False
Destructo 2,Enix,Axes Art Amuse,Standalone,Puzzle,,Unknown,PS1,PlayStation,Home Console,2003.0,Other,,,,,Exclusive,N/A,False
Destructo 2,Enix,Axes Art Amuse,Standalone,Puzzle,,Unknown,PS1,PlayStation,Home Console,2003.0,PAL,,,,,Exclusive,N/A,False
Detective Mouse,Enix,The Code Monkeys,Standalone,Puzzle,,Unknown,PS1,PlayStation,Home Console,2003.0,JP,,,,,Exclusive,N/A,False
Detective Mouse,Enix,The Code Monkeys,Standalone,Puzzle,,Unknown,PS1,PlayStation,Home Console,2003.0,NA,,,,,Exclusive,N/A,False
Detective Mouse,Enix,The Code Monkeys,Standalone,Puzzle,,Unknown,PS1,PlayStation,Home Console,2003.0,Other,,,,,Exclusive,N/A,False
Detective Mouse,Enix,The Code Monkeys,Standalone,Puzzle,,Unknown,PS1,PlayStation,Home Console,2003.0,PAL,,,,,Exclusive,N/A,False
Deus Ex GO,Square Enix,Square Enix,Deus Ex,Puzzle,First-Person RPG / Immersive Sim,3D,And,Other,Other,2016.0,JP,,,,,Exclusive,N/A,False
Deus Ex GO,Square Enix,Square Enix,Deus Ex,Puzzle,First-Person RPG / Immersive Sim,3D,And,Other,Other,2016.0,NA,,,,,Exclusive,N/A,False
Deus Ex GO,Square Enix,Square Enix,Deus Ex,Puzzle,First-Person RPG / Immersive Sim,3D,And,Other,Other,2016.0,Other,,,,,Exclusive,N/A,False
Deus Ex GO,Square Enix,Square Enix,Deus Ex,Puzzle,First-Person RPG / Immersive Sim,3D,And,Other,Other,2016.0,PAL,,,,,Exclusive,N/A,False
Deus Ex: Human Revolution,Square Enix,Eidos Montreal,Deus Ex,Role-Playing,First-Person RPG / Immersive Sim,3D,All,Other,Other,2011.0,JP,,,,,Multiplatform,N/A,False
Deus Ex: Human Revolution,Square Enix,Eidos Montreal,Deus Ex,Role-Playing,First-Person RPG / Immersive Sim,3D,All,Other,Other,2011.0,NA,,,,,Multiplatform,N/A,False
Deus Ex: Human Revolution,Square Enix,Eidos Montreal,Deus Ex,Role-Playing,First-Person RPG / Immersive Sim,3D,All,Other,Other,2011.0,Other,,,,,Multiplatform,N/A,False
Deus Ex: Human Revolution,Square Enix,Eidos Montreal,Deus Ex,Role-Playing,First-Person RPG / Immersive Sim,3D,All,Other,Other,2011.0,PAL,,,,,Multiplatform,N/A,False
Deus Ex: Human Revolution,Square Enix,Eidos Montreal,Deus Ex,Shooter,First-Person RPG / Immersive Sim,3D,PC,PC,PC,2011.0,JP,,,87.0,,Multiplatform,N/A,False
Deus Ex: Human Revolution,Square Enix,Eidos Montreal,Deus Ex,Shooter,First-Person RPG / Immersive Sim,3D,PC,PC,PC,2011.0,NA,0.25,,87.0,,Multiplatform,N/A,False
Deus Ex: Human Revolution,Square Enix,Eidos Montreal,Deus Ex,Shooter,First-Person RPG / Immersive Sim,3D,PC,PC,PC,2011.0,Other,0.08,,87.0,,Multiplatform,N/A,False
Deus Ex: Human Revolution,Square Enix,Eidos Montreal,Deus Ex,Shooter,First-Person RPG / Immersive Sim,3D,PC,PC,PC,2011.0,PAL,0.26,,87.0,,Multiplatform,N/A,False
Deus Ex: Human Revolution,Square Enix,Eidos Montreal,Deus Ex,Shooter,First-Person RPG / Immersive Sim,3D,PS3,PlayStation,Home Console,2011.0,JP,0.07,,88.0,,Multiplatform,N/A,False
Deus Ex: Human Revolution,Square Enix,Eidos Montreal,Deus Ex,Shooter,First-Person RPG / Immersive Sim,3D,PS3,PlayStation,Home Console,2011.0,NA,0.5,,88.0,,Multiplatform,N/A,False
Deus Ex: Human Revolution,Square Enix,Eidos Montreal,Deus Ex,Shooter,First-Person RPG / Immersive Sim,3D,PS3,PlayStation,Home Console,2011.0,Other,0.22,,88.0,,Multiplatform,N/A,False
Deus Ex: Human Revolution,Square Enix,Eidos Montreal,Deus Ex,Shooter,First-Person RPG / Immersive Sim,3D,PS3,PlayStation,Home Console,2011.0,PAL,0.6,,88.0,,Multiplatform,N/A,False
Deus Ex: Human Revolution,Square Enix,Eidos Interactive,Deus Ex,Shooter,First-Person RPG / Immersive Sim,3D,WiiU,Other,Other,2013.0,JP,,,86.0,,Multiplatform,N/A,False
Deus Ex: Human Revolution,Square Enix,Eidos Interactive,Deus Ex,Shooter,First-Person RPG / Immersive Sim,3D,WiiU,Other,Other,2013.0,NA,0.05,,86.0,,Multiplatform,N/A,False
Deus Ex: Human Revolution,Square Enix,Eidos Interactive,Deus Ex,Shooter,First-Person RPG / Immersive Sim,3D,WiiU,Other,Other,2013.0,Other,0.01,,86.0,,Multiplatform,N/A,False
Deus Ex: Human Revolution,Square Enix,Eidos Interactive,Deus Ex,Shooter,First-Person RPG / Immersive Sim,3D,WiiU,Other,Other,2013.0,PAL,0.05,,86.0,,Multiplatform,N/A,False
Deus Ex: Human Revolution,Square Enix,Eidos Montreal,Deus Ex,Shooter,First-Person RPG / Immersive Sim,3D,Xbox 360,Microsoft,Home Console,2011.0,JP,0.02,,88.0,,Multiplatform,N/A,False
Deus Ex: Human Revolution,Square Enix,Eidos Montreal,Deus Ex,Shooter,First-Person RPG / Immersive Sim,3D,Xbox 360,Microsoft,Home Console,2011.0,NA,0.77,,88.0,,Multiplatform,N/A,False
Deus Ex: Human Revolution,Square Enix,Eidos Montreal,Deus Ex,Shooter,First-Person RPG / Immersive Sim,3D,Xbox 360,Microsoft,Home Console,2011.0,Other,0.12,,88.0,,Multiplatform,N/A,False
Deus Ex: Human Revolution,Square Enix,Eidos Montreal,Deus Ex,Shooter,First-Person RPG / Immersive Sim,3D,Xbox 360,Microsoft,Home Console,2011.0,PAL,0.47,,88.0,,Multiplatform,N/A,False
Deus Ex: Human Revolution - The Missing Link,Square Enix,Eidos Montreal,Deus Ex,Action,First-Person RPG / Immersive Sim,3D,PC,PC,PC,2011.0,JP,,,75.0,,Multiplatform,N/A,False
Deus Ex: Human Revolution - The Missing Link,Square Enix,Eidos Montreal,Deus Ex,Action,First-Person RPG / Immersive Sim,3D,PC,PC,PC,2011.0,NA,,,75.0,,Multiplatform,N/A,False
Deus Ex: Human Revolution - The Missing Link,Square Enix,Eidos Montreal,Deus Ex,Action,First-Person RPG / Immersive Sim,3D,PC,PC,PC,2011.0,Other,,,75.0,,Multiplatform,N/A,False
Deus Ex: Human Revolution - The Missing Link,Square Enix,Eidos Montreal,Deus Ex,Action,First-Person RPG / Immersive Sim,3D,PC,PC,PC,2011.0,PAL,,,75.0,,Multiplatform,N/A,False
Deus Ex: Human Revolution - The Missing Link,Square Enix,Eidos Montreal,Deus Ex,Action,First-Person RPG / Immersive Sim,3D,PSN,Other,Other,2011.0,JP,,,80.0,,Multiplatform,N/A,False
Deus Ex: Human Revolution - The Missing Link,Square Enix,Eidos Montreal,Deus Ex,Action,First-Person RPG / Immersive Sim,3D,PSN,Other,Other,2011.0,NA,,,80.0,,Multiplatform,N/A,False
Deus Ex: Human Revolution - The Missing Link,Square Enix,Eidos Montreal,Deus Ex,Action,First-Person RPG / Immersive Sim,3D,PSN,Other,Other,2011.0,Other,,,80.0,,Multiplatform,N/A,False
Deus Ex: Human Revolution - The Missing Link,Square Enix,Eidos Montreal,Deus Ex,Action,First-Person RPG / Immersive Sim,3D,PSN,Other,Other,2011.0,PAL,,,80.0,,Multiplatform,N/A,False
Deus Ex: Human Revolution - The Missing Link,Square Enix,Eidos Montreal,Deus Ex,Action,First-Person RPG / Immersive Sim,3D,XBL,Other,Other,2011.0,JP,,,70.0,,Multiplatform,N/A,False
Deus Ex: Human Revolution - The Missing Link,Square Enix,Eidos Montreal,Deus Ex,Action,First-Person RPG / Immersive Sim,3D,XBL,Other,Other,2011.0,NA,,,70.0,,Multiplatform,N/A,False
Deus Ex: Human Revolution - The Missing Link,Square Enix,Eidos Montreal,Deus Ex,Action,First-Person RPG / Immersive Sim,3D,XBL,Other,Other,2011.0,Other,,,70.0,,Multiplatform,N/A,False
Deus Ex: Human Revolution - The Missing Link,Square Enix,Eidos Montreal,Deus Ex,Action,First-Person RPG / Immersive Sim,3D,XBL,Other,Other,2011.0,PAL,,,70.0,,Multiplatform,N/A,False
Deus Ex: Mankind Divided,Square Enix,Eidos Montreal,Deus Ex,Role-Playing,First-Person RPG / Immersive Sim,3D,PC,PC,PC,2016.0,JP,,,82.0,,Multiplatform,N/A,False
Deus Ex: Mankind Divided,Square Enix,Eidos Montreal,Deus Ex,Role-Playing,First-Person RPG / Immersive Sim,3D,PC,PC,PC,2016.0,NA,,,82.0,,Multiplatform,N/A,False
Deus Ex: Mankind Divided,Square Enix,Eidos Montreal,Deus Ex,Role-Playing,First-Person RPG / Immersive Sim,3D,PC,PC,PC,2016.0,Other,,,82.0,,Multiplatform,N/A,False
Deus Ex: Mankind Divided,Square Enix,Eidos Montreal,Deus Ex,Role-Playing,First-Person RPG / Immersive Sim,3D,PC,PC,PC,2016.0,PAL,,,82.0,,Multiplatform,N/A,False
Deus Ex: Mankind Divided,Square Enix,Eidos Montreal,Deus Ex,Role-Playing,First-Person RPG / Immersive Sim,3D,PS4,PlayStation,Home Console,2016.0,JP,0.01,,82.0,,Multiplatform,N/A,False
Deus Ex: Mankind Divided,Square Enix,Eidos Montreal,Deus Ex,Role-Playing,First-Person RPG / Immersive Sim,3D,PS4,PlayStation,Home Console,2016.0,NA,0.25,,82.0,,Multiplatform,N/A,False
Deus Ex: Mankind Divided,Square Enix,Eidos Montreal,Deus Ex,Role-Playing,First-Person RPG / Immersive Sim,3D,PS4,PlayStation,Home Console,2016.0,Other,0.12,,82.0,,Multiplatform,N/A,False
Deus Ex: Mankind Divided,Square Enix,Eidos Montreal,Deus Ex,Role-Playing,First-Person RPG / Immersive Sim,3D,PS4,PlayStation,Home Console,2016.0,PAL,0.34,,82.0,,Multiplatform,N/A,False
Deus Ex: Mankind Divided,Square Enix,Eidos Montreal,Deus Ex,Role-Playing,First-Person RPG / Immersive Sim,3D,Xbox One,Microsoft,Home Console,2016.0,JP,,,82.0,,Multiplatform,N/A,False
Deus Ex: Mankind Divided,Square Enix,Eidos Montreal,Deus Ex,Role-Playing,First-Person RPG / Immersive Sim,3D,Xbox One,Microsoft,Home Console,2016.0,NA,0.25,,82.0,,Multiplatform,N/A,False
Deus Ex: Mankind Divided,Square Enix,Eidos Montreal,Deus Ex,Role-Playing,First-Person RPG / Immersive Sim,3D,Xbox One,Microsoft,Home Console,2016.0,Other,0.04,,82.0,,Multiplatform,N/A,False
Deus Ex: Mankind Divided,Square Enix,Eidos Montreal,Deus Ex,Role-Playing,First-Person RPG / Immersive Sim,3D,Xbox One,Microsoft,Home Console,2016.0,PAL,0.11,,82.0,,Multiplatform,N/A,False
Deus Ex: The Fall,Square Enix,Unknown,Deus Ex,Shooter,First-Person RPG / Immersive Sim,3D,And,Other,Other,2014.0,JP,,,47.0,,Multiplatform,N/A,False
Deus Ex: The Fall,Square Enix,Unknown,Deus Ex,Shooter,First-Person RPG / Immersive Sim,3D,And,Other,Other,2014.0,NA,,,47.0,,Multiplatform,N/A,False
Deus Ex: The Fall,Square Enix,Unknown,Deus Ex,Shooter,First-Person RPG / Immersive Sim,3D,And,Other,Other,2014.0,Other,,,47.0,,Multiplatform,N/A,False
Deus Ex: The Fall,Square Enix,Unknown,Deus Ex,Shooter,First-Person RPG / Immersive Sim,3D,And,Other,Other,2014.0,PAL,,,47.0,,Multiplatform,N/A,False
Deus Ex: The Fall,Square Enix,Unknown,Deus Ex,Shooter,First-Person RPG / Immersive Sim,3D,PC,PC,PC,2014.0,JP,,,47.0,,Multiplatform,N/A,False
Deus Ex: The Fall,Square Enix,Unknown,Deus Ex,Shooter,First-Person RPG / Immersive Sim,3D,PC,PC,PC,2014.0,NA,,,47.0,,Multiplatform,N/A,False
Deus Ex: The Fall,Square Enix,Unknown,Deus Ex,Shooter,First-Person RPG / Immersive Sim,3D,PC,PC,PC,2014.0,Other,,,47.0,,Multiplatform,N/A,False
Deus Ex: The Fall,Square Enix,Unknown,Deus Ex,Shooter,First-Person RPG / Immersive Sim,3D,PC,PC,PC,2014.0,PAL,,,47.0,,Multiplatform,N/A,False
Dice de Chocobo,Square Enix,SquareSoft,Chocobo,Misc,Roguelike RPG,Unknown,PSN,Other,Other,2008.0,JP,,,,,Exclusive,N/A,False
Dice de Chocobo,Square Enix,SquareSoft,Chocobo,Misc,Roguelike RPG,Unknown,PSN,Other,Other,2008.0,NA,,,,,Exclusive,N/A,False
Dice de Chocobo,Square Enix,SquareSoft,Chocobo,Misc,Roguelike RPG,Unknown,PSN,Other,Other,2008.0,Other,,,,,Exclusive,N/A,False
Dice de Chocobo,Square Enix,SquareSoft,Chocobo,Misc,Roguelike RPG,Unknown,PSN,Other,Other,2008.0,PAL,,,,,Exclusive,N/A,False
,Squaresoft,Aques,Standalone,,,,PS1,,,,,,,,,Multiplatform,,False
The Diofield Chronicle,Square Enix,Square Enix,Standalone,Strategy,,Unknown,PS4,PlayStation,Home Console,2022.0,JP,,,71.0,,Exclusive,N/A,False
The Diofield Chronicle,Square Enix,Square Enix,Standalone,Strategy,,Unknown,PS4,PlayStation,Home Console,2022.0,NA,,,71.0,,Exclusive,N/A,False
The Diofield Chronicle,Square Enix,Square Enix,Standalone,Strategy,,Unknown,PS4,PlayStation,Home Console,2022.0,Other,,,71.0,,Exclusive,N/A,False
The Diofield Chronicle,Square Enix,Square Enix,Standalone,Strategy,,Unknown,PS4,PlayStation,Home Console,2022.0,PAL,,,71.0,,Exclusive,N/A,False
,Square Enix,"September 22, 2022",Standalone,,,,PS5,,,,,,,71.0,,Exclusive,,False
,Square Enix,"September 22, 2022",Standalone,,,,Switch,,,,,,,71.0,,Exclusive,,False
,Square Enix,"September 22, 2022",Standalone,,,,Valkyrie Elysium,,,,,,,71.0,,Exclusive,,False
,Square Enix,"September 22, 2022",Standalone,,,,Various Daylife,,,,,,,71.0,,Exclusive,,False
,Square Enix,"September 22, 2022",Standalone,,,,Xbox One,,,,,,,71.0,,Exclusive,,False
,Square Enix,"September 22, 2022",Standalone,,,,Xbox Series X/S,,,,,,,71.0,,Exclusive,,False
Dirge of Cerberus: Final Fantasy VII,Square Enix,Square Enix,Final Fantasy,Shooter,Turn-Based RPG,Unknown,PS2,PlayStation,Home Console,2006,JP,1.243,,57.5,,Exclusive,N/A,False
Dirge of Cerberus: Final Fantasy VII,Square Enix,Square Enix,Final Fantasy,Shooter,Turn-Based RPG,Unknown,PS2,PlayStation,Home Console,2006,NA,1.243,,57.5,,Exclusive,N/A,False
Dirge of Cerberus: Final Fantasy VII,Square Enix,Square Enix,Final Fantasy,Shooter,Turn-Based RPG,Unknown,PS2,PlayStation,Home Console,2006,Other,1.243,,57.5,,Exclusive,N/A,False
Dirge of Cerberus: Final Fantasy VII,Square Enix,Square Enix,Final Fantasy,Shooter,Turn-Based RPG,Unknown,PS2,PlayStation,Home Console,2006,PAL,1.243,,57.5,,Exclusive,N/A,False
Dissidia 012: Duodecim Final Fantasy,Square Enix,Square Enix,Final Fantasy,Fighting,Turn-Based RPG,Unknown,PSN,Other,Other,2011.0,JP,,,83.0,,Multiplatform,N/A,False
Dissidia 012: Duodecim Final Fantasy,Square Enix,Square Enix,Final Fantasy,Fighting,Turn-Based RPG,Unknown,PSN,Other,Other,2011.0,NA,,,83.0,,Multiplatform,N/A,False
Dissidia 012: Duodecim Final Fantasy,Square Enix,Square Enix,Final Fantasy,Fighting,Turn-Based RPG,Unknown,PSN,Other,Other,2011.0,Other,,,83.0,,Multiplatform,N/A,False
Dissidia 012: Duodecim Final Fantasy,Square Enix,Square Enix,Final Fantasy,Fighting,Turn-Based RPG,Unknown,PSN,Other,Other,2011.0,PAL,,,83.0,,Multiplatform,N/A,False
Dissidia 012: Duodecim Final Fantasy,Square Enix,Square Enix,Final Fantasy,Fighting,Turn-Based RPG,Unknown,PSP,PlayStation,Handheld,2011.0,JP,0.46,,83.0,,Multiplatform,N/A,False
Dissidia 012: Duodecim Final Fantasy,Square Enix,Square Enix,Final Fantasy,Fighting,Turn-Based RPG,Unknown,PSP,PlayStation,Handheld,2011.0,NA,0.21,,83.0,,Multiplatform,N/A,False
Dissidia 012: Duodecim Final Fantasy,Square Enix,Square Enix,Final Fantasy,Fighting,Turn-Based RPG,Unknown,PSP,PlayStation,Handheld,2011.0,Other,0.09,,83.0,,Multiplatform,N/A,False
Dissidia 012: Duodecim Final Fantasy,Square Enix,Square Enix,Final Fantasy,Fighting,Turn-Based RPG,Unknown,PSP,PlayStation,Handheld,2011.0,PAL,0.13,,83.0,,Multiplatform,N/A,False
,Square Enix,Square Enix,Standalone,,,,PSP,,,,,,,68.0,,Multiplatform,,False
Dissidia Duodecim Prologus Final Fantasy,Square Enix,Square Enix,Final Fantasy,Fighting,Turn-Based RPG,Unknown,PSN,Other,Other,2011.0,JP,,,,,Exclusive,N/A,False
Dissidia Duodecim Prologus Final Fantasy,Square Enix,Square Enix,Final Fantasy,Fighting,Turn-Based RPG,Unknown,PSN,Other,Other,2011.0,NA,,,,,Exclusive,N/A,False
Dissidia Duodecim Prologus Final Fantasy,Square Enix,Square Enix,Final Fantasy,Fighting,Turn-Based RPG,Unknown,PSN,Other,Other,2011.0,Other,,,,,Exclusive,N/A,False
Dissidia Duodecim Prologus Final Fantasy,Square Enix,Square Enix,Final Fantasy,Fighting,Turn-Based RPG,Unknown,PSN,Other,Other,2011.0,PAL,,,,,Exclusive,N/A,False
,Square Enix,Team Ninja,Standalone,,,,Arcade,,,,,,,68.0,,Multiplatform,,False
Dissidia: Final Fantasy,Square Enix,Square Enix,Final Fantasy,Fighting,Turn-Based RPG,Unknown,PSN,Other,Other,2009.0,JP,,,81.0,,Multiplatform,N/A,False
Dissidia: Final Fantasy,Square Enix,Square Enix,Final Fantasy,Fighting,Turn-Based RPG,Unknown,PSN,Other,Other,2009.0,NA,,,81.0,,Multiplatform,N/A,False
Dissidia: Final Fantasy,Square Enix,Square Enix,Final Fantasy,Fighting,Turn-Based RPG,Unknown,PSN,Other,Other,2009.0,Other,,,81.0,,Multiplatform,N/A,False
Dissidia: Final Fantasy,Square Enix,Square Enix,Final Fantasy,Fighting,Turn-Based RPG,Unknown,PSN,Other,Other,2009.0,PAL,,,81.0,,Multiplatform,N/A,False
Dissidia: Final Fantasy,Square Enix,Square Enix,Final Fantasy,Fighting,Turn-Based RPG,Unknown,PSP,PlayStation,Handheld,2009.0,JP,,,81.0,,Multiplatform,N/A,False
Dissidia: Final Fantasy,Square Enix,Square Enix,Final Fantasy,Fighting,Turn-Based RPG,Unknown,PSP,PlayStation,Handheld,2009.0,NA,,,81.0,,Multiplatform,N/A,False
Dissidia: Final Fantasy,Square Enix,Square Enix,Final Fantasy,Fighting,Turn-Based RPG,Unknown,PSP,PlayStation,Handheld,2009.0,Other,,,81.0,,Multiplatform,N/A,False
Dissidia: Final Fantasy,Square Enix,Square Enix,Final Fantasy,Fighting,Turn-Based RPG,Unknown,PSP,PlayStation,Handheld,2009.0,PAL,,,81.0,,Multiplatform,N/A,False
Dissidia: Final Fantasy (Arcade),Square Enix,Square Enix,Final Fantasy,Fighting,Turn-Based RPG,Unknown,Arc,Other,Other,2016.0,JP,,,68.0,,Exclusive,N/A,False
Dissidia: Final Fantasy (Arcade),Square Enix,Square Enix,Final Fantasy,Fighting,Turn-Based RPG,Unknown,Arc,Other,Other,2016.0,NA,,,68.0,,Exclusive,N/A,False
Dissidia: Final Fantasy (Arcade),Square Enix,Square Enix,Final Fantasy,Fighting,Turn-Based RPG,Unknown,Arc,Other,Other,2016.0,Other,,,68.0,,Exclusive,N/A,False
Dissidia: Final Fantasy (Arcade),Square Enix,Square Enix,Final Fantasy,Fighting,Turn-Based RPG,Unknown,Arc,Other,Other,2016.0,PAL,,,68.0,,Exclusive,N/A,False
Dissidia Final Fantasy NT,Square Enix,Square Enix,Final Fantasy,Fighting,Turn-Based RPG,3D,PS4,PlayStation,Home Console,2018.0,JP,0.16,,68.0,,Exclusive,N/A,False
Dissidia Final Fantasy NT,Square Enix,Square Enix,Final Fantasy,Fighting,Turn-Based RPG,3D,PS4,PlayStation,Home Console,2018.0,NA,0.19,,68.0,,Exclusive,N/A,False
Dissidia Final Fantasy NT,Square Enix,Square Enix,Final Fantasy,Fighting,Turn-Based RPG,3D,PS4,PlayStation,Home Console,2018.0,Other,0.05,,68.0,,Exclusive,N/A,False
Dissidia Final Fantasy NT,Square Enix,Square Enix,Final Fantasy,Fighting,Turn-Based RPG,3D,PS4,PlayStation,Home Console,2018.0,PAL,0.06,,68.0,,Exclusive,N/A,False
Dissidia: Final Fantasy Universal Tuning,Square Enix,Square Enix,Final Fantasy,Fighting,Turn-Based RPG,Unknown,PSP,PlayStation,Handheld,2009.0,JP,0.06,,,,Exclusive,N/A,True
Dissidia: Final Fantasy Universal Tuning,Square Enix,Square Enix,Final Fantasy,Fighting,Turn-Based RPG,Unknown,PSP,PlayStation,Handheld,2009.0,NA,,,,,Exclusive,N/A,True
Dissidia: Final Fantasy Universal Tuning,Square Enix,Square Enix,Final Fantasy,Fighting,Turn-Based RPG,Unknown,PSP,PlayStation,Handheld,2009.0,Other,,,,,Exclusive,N/A,True
Dissidia: Final Fantasy Universal Tuning,Square Enix,Square Enix,Final Fantasy,Fighting,Turn-Based RPG,Unknown,PSP,PlayStation,Handheld,2009.0,PAL,,,,,Exclusive,N/A,True
,Enix,Tam Tam,Standalone,,,,GBC,,,,,,,,,Multiplatform,,False
Doomsday Racers,Square Enix,Phoenix Games,Standalone,Racing,,Unknown,PS2,PlayStation,Home Console,2005.0,JP,,,,,Exclusive,N/A,False
Doomsday Racers,Square Enix,Phoenix Games,Standalone,Racing,,Unknown,PS2,PlayStation,Home Console,2005.0,NA,,,,,Exclusive,N/A,False
Doomsday Racers,Square Enix,Phoenix Games,Standalone,Racing,,Unknown,PS2,PlayStation,Home Console,2005.0,Other,,,,,Exclusive,N/A,False
Doomsday Racers,Square Enix,Phoenix Games,Standalone,Racing,,Unknown,PS2,PlayStation,Home Console,2005.0,PAL,,,,,Exclusive,N/A,False
Door Door,Enix,ChunSoft,Standalone,Puzzle,,Unknown,NES,Nintendo,Home Console,1985.0,JP,,,,,Timed Exclusive,Pre-Split,False
Door Door,Enix,ChunSoft,Standalone,Puzzle,,Unknown,NES,Nintendo,Home Console,1985.0,NA,,,,,Timed Exclusive,Pre-Split,False
Door Door,Enix,ChunSoft,Standalone,Puzzle,,Unknown,NES,Nintendo,Home Console,1985.0,Other,,,,,Timed Exclusive,Pre-Split,False
Door Door,Enix,ChunSoft,Standalone,Puzzle,,Unknown,NES,Nintendo,Home Console,1985.0,PAL,,,,,Timed Exclusive,Pre-Split,False
Door Door,Enix,"Chunsoft Co., Ltd.",Standalone,Action,,Unknown,PC,PC,PC,1984.0,JP,,,,,Timed Exclusive,N/A,False
Door Door,Enix,"Chunsoft Co., Ltd.",Standalone,Action,,Unknown,PC,PC,PC,1984.0,NA,,,,,Timed Exclusive,N/A,False
Door Door,Enix,"Chunsoft Co., Ltd.",Standalone,Action,,Unknown,PC,PC,PC,1984.0,Other,,,,,Timed Exclusive,N/A,False
Door Door,Enix,"Chunsoft Co., Ltd.",Standalone,Action,,Unknown,PC,PC,PC,1984.0,PAL,,,,,Timed Exclusive,N/A,False
Downhill Slalom,Square Enix,Phoenix Games,Standalone,Sports,,Unknown,PS2,PlayStation,Home Console,2006.0,JP,,,,,Exclusive,N/A,False
Downhill Slalom,Square Enix,Phoenix Games,Standalone,Sports,,Unknown,PS2,PlayStation,Home Console,2006.0,NA,,,,,Exclusive,N/A,False
Downhill Slalom,Square Enix,Phoenix Games,Standalone,Sports,,Unknown,PS2,PlayStation,Home Console,2006.0,Other,,,,,Exclusive,N/A,False
Downhill Slalom,Square Enix,Phoenix Games,Standalone,Sports,,Unknown,PS2,PlayStation,Home Console,2006.0,PAL,,,,,Exclusive,N/A,False
Drag Racer USA,Square Enix,Phoenix Games,Standalone,Racing,,Unknown,PS2,PlayStation,Home Console,2006.0,JP,,,,,Exclusive,N/A,False
Drag Racer USA,Square Enix,Phoenix Games,Standalone,Racing,,Unknown,PS2,PlayStation,Home Console,2006.0,NA,,,,,Exclusive,N/A,False
Drag Racer USA,Square Enix,Phoenix Games,Standalone,Racing,,Unknown,PS2,PlayStation,Home Console,2006.0,Other,,,,,Exclusive,N/A,False
Drag Racer USA,Square Enix,Phoenix Games,Standalone,Racing,,Unknown,PS2,PlayStation,Home Console,2006.0,PAL,,,,,Exclusive,N/A,False
,Enix,Chunsoft,Standalone,,,,NES,,,,,,,83.0,,Timed Exclusive,,False
Dragon Quest,Squaresoft,ArtePiazza,Dragon Quest,Role-Playing,Turn-Based RPG,2D,Series,Other,Other,1986.0,JP,5.461426,,83.0,,Timed Exclusive,N/A,False
Dragon Quest,Squaresoft,ArtePiazza,Dragon Quest,Role-Playing,Turn-Based RPG,2D,Series,Other,Other,1986.0,NA,5.461426,,83.0,,Timed Exclusive,N/A,False
Dragon Quest,Squaresoft,ArtePiazza,Dragon Quest,Role-Playing,Turn-Based RPG,2D,Series,Other,Other,1986.0,Other,5.461426,,83.0,,Timed Exclusive,N/A,False
Dragon Quest,Squaresoft,ArtePiazza,Dragon Quest,Role-Playing,Turn-Based RPG,2D,Series,Other,Other,1986.0,PAL,5.461426,,83.0,,Timed Exclusive,N/A,False
Dragon Quest,Square Enix,Square Enix,Dragon Quest,Role-Playing,Turn-Based RPG,2D,Switch,Nintendo,Home Console,2019.0,JP,5.461426,,83.0,,Timed Exclusive,Post-Merger,False
Dragon Quest,Square Enix,Square Enix,Dragon Quest,Role-Playing,Turn-Based RPG,2D,Switch,Nintendo,Home Console,2019.0,NA,5.461426,,83.0,,Timed Exclusive,Post-Merger,False
Dragon Quest,Square Enix,Square Enix,Dragon Quest,Role-Playing,Turn-Based RPG,2D,Switch,Nintendo,Home Console,2019.0,Other,5.461426,,83.0,,Timed Exclusive,Post-Merger,False
Dragon Quest,Square Enix,Square Enix,Dragon Quest,Role-Playing,Turn-Based RPG,2D,Switch,Nintendo,Home Console,2019.0,PAL,5.461426,,83.0,,Timed Exclusive,Post-Merger,False
Dragon Quest I & II,Enix,ChunSoft,Dragon Quest,Role-Playing,Turn-Based RPG,2D,SNES,Nintendo,Home Console,1993.0,JP,,,,,Exclusive,Pre-Split,False
Dragon Quest I & II,Enix,ChunSoft,Dragon Quest,Role-Playing,Turn-Based RPG,2D,SNES,Nintendo,Home Console,1993.0,NA,,,,,Exclusive,Pre-Split,False
Dragon Quest I & II,Enix,ChunSoft,Dragon Quest,Role-Playing,Turn-Based RPG,2D,SNES,Nintendo,Home Console,1993.0,Other,,,,,Exclusive,Pre-Split,False
Dragon Quest I & II,Enix,ChunSoft,Dragon Quest,Role-Playing,Turn-Based RPG,2D,SNES,Nintendo,Home Console,1993.0,PAL,,,,,Exclusive,Pre-Split,False
Dragon Quest X,Square Enix,Square Enix,Dragon Quest,MMO,Turn-Based RPG,3D,3DS,Nintendo,Handheld,2014.0,JP,0.17,,,,Timed Exclusive,Post-Merger,True
Dragon Quest X,Square Enix,Square Enix,Dragon Quest,MMO,Turn-Based RPG,3D,3DS,Nintendo,Handheld,2014.0,NA,,,,,Timed Exclusive,Post-Merger,True
Dragon Quest X,Square Enix,Square Enix,Dragon Quest,MMO,Turn-Based RPG,3D,3DS,Nintendo,Handheld,2014.0,Other,,,,,Timed Exclusive,Post-Merger,True
Dragon Quest X,Square Enix,Square Enix,Dragon Quest,MMO,Turn-Based RPG,3D,3DS,Nintendo,Handheld,2014.0,PAL,,,,,Timed Exclusive,Post-Merger,True
Dragon Quest X,Square Enix,Square Enix,Dragon Quest,MMO,Turn-Based RPG,3D,All,Other,Other,2012.0,JP,,,,,Timed Exclusive,N/A,True
Dragon Quest X,Square Enix,Square Enix,Dragon Quest,MMO,Turn-Based RPG,3D,All,Other,Other,2012.0,NA,,,,,Timed Exclusive,N/A,True
Dragon Quest X,Square Enix,Square Enix,Dragon Quest,MMO,Turn-Based RPG,3D,All,Other,Other,2012.0,Other,,,,,Timed Exclusive,N/A,True
Dragon Quest X,Square Enix,Square Enix,Dragon Quest,MMO,Turn-Based RPG,3D,All,Other,Other,2012.0,PAL,,,,,Timed Exclusive,N/A,True
Dragon Quest X,Square Enix,Square Enix,Dragon Quest,Role-Playing,Turn-Based RPG,3D,And,Other,Other,2013.0,JP,,,,,Timed Exclusive,N/A,True
Dragon Quest X,Square Enix,Square Enix,Dragon Quest,Role-Playing,Turn-Based RPG,3D,And,Other,Other,2013.0,NA,,,,,Timed Exclusive,N/A,True
Dragon Quest X,Square Enix,Square Enix,Dragon Quest,Role-Playing,Turn-Based RPG,3D,And,Other,Other,2013.0,Other,,,,,Timed Exclusive,N/A,True
Dragon Quest X,Square Enix,Square Enix,Dragon Quest,Role-Playing,Turn-Based RPG,3D,And,Other,Other,2013.0,PAL,,,,,Timed Exclusive,N/A,True
,Square Enix,Square Enix,Standalone,,,,Final Fantasy VII,,,,,,,,,Timed Exclusive,,False
Dragon Quest X,Square Enix,Square Enix,Dragon Quest,MMO,Turn-Based RPG,3D,PC,PC,PC,2013.0,JP,,,,,Timed Exclusive,N/A,True
Dragon Quest X,Square Enix,Square Enix,Dragon Quest,MMO,Turn-Based RPG,3D,PC,PC,PC,2013.0,NA,,,,,Timed Exclusive,N/A,True
Dragon Quest X,Square Enix,Square Enix,Dragon Quest,MMO,Turn-Based RPG,3D,PC,PC,PC,2013.0,Other,,,,,Timed Exclusive,N/A,True
Dragon Quest X,Square Enix,Square Enix,Dragon Quest,MMO,Turn-Based RPG,3D,PC,PC,PC,2013.0,PAL,,,,,Timed Exclusive,N/A,True
,Square Enix,Square Enix,Standalone,,,,PS4,,,,,,,,,Timed Exclusive,,False
,Square Enix,Square Enix,Standalone,,,,Switch,,,,,,,,,Timed Exclusive,,False
,Square Enix,Square Enix,Standalone,,,,Wii,,,,,,,,,Timed Exclusive,,False
,Square Enix,Square Enix,Standalone,,,,Wii U,,,,,,,,,Timed Exclusive,,False
Dragon Quest X,Square Enix,Square Enix,Dragon Quest,MMO,Turn-Based RPG,3D,WiiU,Other,Other,2013.0,JP,0.42,,,,Timed Exclusive,N/A,True
Dragon Quest X,Square Enix,Square Enix,Dragon Quest,MMO,Turn-Based RPG,3D,WiiU,Other,Other,2013.0,NA,,,,,Timed Exclusive,N/A,True
Dragon Quest X,Square Enix,Square Enix,Dragon Quest,MMO,Turn-Based RPG,3D,WiiU,Other,Other,2013.0,Other,,,,,Timed Exclusive,N/A,True
Dragon Quest X,Square Enix,Square Enix,Dragon Quest,MMO,Turn-Based RPG,3D,WiiU,Other,Other,2013.0,PAL,,,,,Timed Exclusive,N/A,True
Dragon Quest X: 5000-nen no Harukanaru Kokyou e Online,Square Enix,Square Enix,Dragon Quest,Role-Playing,Turn-Based RPG,2D,PS4,PlayStation,Home Console,2017.0,JP,0.02,,,,Multiplatform,N/A,True
Dragon Quest X: 5000-nen no Harukanaru Kokyou e Online,Square Enix,Square Enix,Dragon Quest,Role-Playing,Turn-Based RPG,2D,PS4,PlayStation,Home Console,2017.0,NA,,,,,Multiplatform,N/A,True
Dragon Quest X: 5000-nen no Harukanaru Kokyou e Online,Square Enix,Square Enix,Dragon Quest,Role-Playing,Turn-Based RPG,2D,PS4,PlayStation,Home Console,2017.0,Other,,,,,Multiplatform,N/A,True
Dragon Quest X: 5000-nen no Harukanaru Kokyou e Online,Square Enix,Square Enix,Dragon Quest,Role-Playing,Turn-Based RPG,2D,PS4,PlayStation,Home Console,2017.0,PAL,,,,,Multiplatform,N/A,True
Dragon Quest X: 5000-nen no Harukanaru Kokyou e Online,Square Enix,Square Enix,Dragon Quest,MMO,Turn-Based RPG,2D,Switch,Nintendo,Home Console,2017.0,JP,0.03,,,,Multiplatform,Post-Merger,True
Dragon Quest X: 5000-nen no Harukanaru Kokyou e Online,Square Enix,Square Enix,Dragon Quest,MMO,Turn-Based RPG,2D,Switch,Nintendo,Home Console,2017.0,NA,,,,,Multiplatform,Post-Merger,True
Dragon Quest X: 5000-nen no Harukanaru Kokyou e Online,Square Enix,Square Enix,Dragon Quest,MMO,Turn-Based RPG,2D,Switch,Nintendo,Home Console,2017.0,Other,,,,,Multiplatform,Post-Merger,True
Dragon Quest X: 5000-nen no Harukanaru Kokyou e Online,Square Enix,Square Enix,Dragon Quest,MMO,Turn-Based RPG,2D,Switch,Nintendo,Home Console,2017.0,PAL,,,,,Multiplatform,Post-Merger,True
Dragon Quest X: 5000-nen no Harukanaru Kokyou e Online,Square Enix,Square Enix,Dragon Quest,MMO,Turn-Based RPG,2D,WiiU,Other,Other,2017.0,JP,0.03,,,,Multiplatform,N/A,True
Dragon Quest X: 5000-nen no Harukanaru Kokyou e Online,Square Enix,Square Enix,Dragon Quest,MMO,Turn-Based RPG,2D,WiiU,Other,Other,2017.0,NA,,,,,Multiplatform,N/A,True
Dragon Quest X: 5000-nen no Harukanaru Kokyou e Online,Square Enix,Square Enix,Dragon Quest,MMO,Turn-Based RPG,2D,WiiU,Other,Other,2017.0,Other,,,,,Multiplatform,N/A,True
Dragon Quest X: 5000-nen no Harukanaru Kokyou e Online,Square Enix,Square Enix,Dragon Quest,MMO,Turn-Based RPG,2D,WiiU,Other,Other,2017.0,PAL,,,,,Multiplatform,N/A,True
Dragon Quest X: All in One Package,Square Enix,Square Enix,Dragon Quest,Role-Playing,Turn-Based RPG,2D,PS4,PlayStation,Home Console,2017.0,JP,0.06,,,,Timed Exclusive,N/A,True
Dragon Quest X: All in One Package,Square Enix,Square Enix,Dragon Quest,Role-Playing,Turn-Based RPG,2D,PS4,PlayStation,Home Console,2017.0,NA,,,,,Timed Exclusive,N/A,True
Dragon Quest X: All in One Package,Square Enix,Square Enix,Dragon Quest,Role-Playing,Turn-Based RPG,2D,PS4,PlayStation,Home Console,2017.0,Other,,,,,Timed Exclusive,N/A,True
Dragon Quest X: All in One Package,Square Enix,Square Enix,Dragon Quest,Role-Playing,Turn-Based RPG,2D,PS4,PlayStation,Home Console,2017.0,PAL,,,,,Timed Exclusive,N/A,True
Dragon Quest X: All in One Package,Square Enix,Square Enix,Dragon Quest,MMO,Turn-Based RPG,2D,Switch,Nintendo,Home Console,2017.0,JP,0.04,,,,Timed Exclusive,Post-Merger,True
Dragon Quest X: All in One Package,Square Enix,Square Enix,Dragon Quest,MMO,Turn-Based RPG,2D,Switch,Nintendo,Home Console,2017.0,NA,,,,,Timed Exclusive,Post-Merger,True
Dragon Quest X: All in One Package,Square Enix,Square Enix,Dragon Quest,MMO,Turn-Based RPG,2D,Switch,Nintendo,Home Console,2017.0,Other,,,,,Timed Exclusive,Post-Merger,True
Dragon Quest X: All in One Package,Square Enix,Square Enix,Dragon Quest,MMO,Turn-Based RPG,2D,Switch,Nintendo,Home Console,2017.0,PAL,,,,,Timed Exclusive,Post-Merger,True
Dragon Quest X: All in One Package,Square Enix,Square Enix,Dragon Quest,MMO,Turn-Based RPG,2D,WiiU,Other,Other,2015.0,JP,0.02,,,,Timed Exclusive,N/A,True
Dragon Quest X: All in One Package,Square Enix,Square Enix,Dragon Quest,MMO,Turn-Based RPG,2D,WiiU,Other,Other,2015.0,NA,,,,,Timed Exclusive,N/A,True
Dragon Quest X: All in One Package,Square Enix,Square Enix,Dragon Quest,MMO,Turn-Based RPG,2D,WiiU,Other,Other,2015.0,Other,,,,,Timed Exclusive,N/A,True
Dragon Quest X: All in One Package,Square Enix,Square Enix,Dragon Quest,MMO,Turn-Based RPG,2D,WiiU,Other,Other,2015.0,PAL,,,,,Timed Exclusive,N/A,True
Dragon Quest X: All in One Package Ver.1-4,Square Enix,Square Enix,Dragon Quest,MMO,Turn-Based RPG,2D,PC,PC,PC,2018.0,JP,,,,,Multiplatform,N/A,True
Dragon Quest X: All in One Package Ver.1-4,Square Enix,Square Enix,Dragon Quest,MMO,Turn-Based RPG,2D,PC,PC,PC,2018.0,NA,,,,,Multiplatform,N/A,True
Dragon Quest X: All in One Package Ver.1-4,Square Enix,Square Enix,Dragon Quest,MMO,Turn-Based RPG,2D,PC,PC,PC,2018.0,Other,,,,,Multiplatform,N/A,True
Dragon Quest X: All in One Package Ver.1-4,Square Enix,Square Enix,Dragon Quest,MMO,Turn-Based RPG,2D,PC,PC,PC,2018.0,PAL,,,,,Multiplatform,N/A,True
Dragon Quest X: All in One Package Ver.1-4,Square Enix,Square Enix,Dragon Quest,MMO,Turn-Based RPG,2D,PS4,PlayStation,Home Console,2018.0,JP,0.01,,,,Multiplatform,N/A,True
Dragon Quest X: All in One Package Ver.1-4,Square Enix,Square Enix,Dragon Quest,MMO,Turn-Based RPG,2D,PS4,PlayStation,Home Console,2018.0,NA,,,,,Multiplatform,N/A,True
Dragon Quest X: All in One Package Ver.1-4,Square Enix,Square Enix,Dragon Quest,MMO,Turn-Based RPG,2D,PS4,PlayStation,Home Console,2018.0,Other,,,,,Multiplatform,N/A,True
Dragon Quest X: All in One Package Ver.1-4,Square Enix,Square Enix,Dragon Quest,MMO,Turn-Based RPG,2D,PS4,PlayStation,Home Console,2018.0,PAL,,,,,Multiplatform,N/A,True
Dragon Quest X: All in One Package Ver.1-4,Square Enix,Square Enix,Dragon Quest,MMO,Turn-Based RPG,2D,Switch,Nintendo,Home Console,2018.0,JP,0.03,,,,Multiplatform,Post-Merger,True
Dragon Quest X: All in One Package Ver.1-4,Square Enix,Square Enix,Dragon Quest,MMO,Turn-Based RPG,2D,Switch,Nintendo,Home Console,2018.0,NA,,,,,Multiplatform,Post-Merger,True
Dragon Quest X: All in One Package Ver.1-4,Square Enix,Square Enix,Dragon Quest,MMO,Turn-Based RPG,2D,Switch,Nintendo,Home Console,2018.0,Other,,,,,Multiplatform,Post-Merger,True
Dragon Quest X: All in One Package Ver.1-4,Square Enix,Square Enix,Dragon Quest,MMO,Turn-Based RPG,2D,Switch,Nintendo,Home Console,2018.0,PAL,,,,,Multiplatform,Post-Merger,True
Dragon Quest X: All in One Package Ver.1-4,Square Enix,Square Enix,Dragon Quest,MMO,Turn-Based RPG,2D,WiiU,Other,Other,2018.0,JP,,,,,Multiplatform,N/A,True
Dragon Quest X: All in One Package Ver.1-4,Square Enix,Square Enix,Dragon Quest,MMO,Turn-Based RPG,2D,WiiU,Other,Other,2018.0,NA,,,,,Multiplatform,N/A,True
Dragon Quest X: All in One Package Ver.1-4,Square Enix,Square Enix,Dragon Quest,MMO,Turn-Based RPG,2D,WiiU,Other,Other,2018.0,Other,,,,,Multiplatform,N/A,True
Dragon Quest X: All in One Package Ver.1-4,Square Enix,Square Enix,Dragon Quest,MMO,Turn-Based RPG,2D,WiiU,Other,Other,2018.0,PAL,,,,,Multiplatform,N/A,True
Dragon Quest X: Inishie no Ryuu no Denshou Online,Square Enix,Square Enix,Dragon Quest,MMO,Turn-Based RPG,2D,WiiU,Other,Other,2015.0,JP,,,,,Exclusive,N/A,False
Dragon Quest X: Inishie no Ryuu no Denshou Online,Square Enix,Square Enix,Dragon Quest,MMO,Turn-Based RPG,2D,WiiU,Other,Other,2015.0,NA,,,,,Exclusive,N/A,False
Dragon Quest X: Inishie no Ryuu no Denshou Online,Square Enix,Square Enix,Dragon Quest,MMO,Turn-Based RPG,2D,WiiU,Other,Other,2015.0,Other,,,,,Exclusive,N/A,False
Dragon Quest X: Inishie no Ryuu no Denshou Online,Square Enix,Square Enix,Dragon Quest,MMO,Turn-Based RPG,2D,WiiU,Other,Other,2015.0,PAL,,,,,Exclusive,N/A,False
Dragon Quest XI,Square Enix,Square Enix,Dragon Quest,Role-Playing,Turn-Based RPG,3D,3DS,Nintendo,Handheld,2017.0,JP,9.0,500000000,88.0,,Timed Exclusive,Post-Merger,True
Dragon Quest XI,Square Enix,Square Enix,Dragon Quest,Role-Playing,Turn-Based RPG,3D,3DS,Nintendo,Handheld,2017.0,NA,9.0,500000000,88.0,,Timed Exclusive,Post-Merger,True
Dragon Quest XI,Square Enix,Square Enix,Dragon Quest,Role-Playing,Turn-Based RPG,3D,3DS,Nintendo,Handheld,2017.0,Other,9.0,500000000,88.0,,Timed Exclusive,Post-Merger,True
Dragon Quest XI,Square Enix,Square Enix,Dragon Quest,Role-Playing,Turn-Based RPG,3D,3DS,Nintendo,Handheld,2017.0,PAL,9.0,500000000,88.0,,Timed Exclusive,Post-Merger,True
Dragon Quest XI,Square Enix,Square Enix,Dragon Quest,Role-Playing,Turn-Based RPG,3D,All,Other,Other,2018.0,JP,9.0,500000000,88.0,,Timed Exclusive,N/A,True
Dragon Quest XI,Square Enix,Square Enix,Dragon Quest,Role-Playing,Turn-Based RPG,3D,All,Other,Other,2018.0,NA,9.0,500000000,88.0,,Timed Exclusive,N/A,True
Dragon Quest XI,Square Enix,Square Enix,Dragon Quest,Role-Playing,Turn-Based RPG,3D,All,Other,Other,2018.0,Other,9.0,500000000,88.0,,Timed Exclusive,N/A,True
Dragon Quest XI,Square Enix,Square Enix,Dragon Quest,Role-Playing,Turn-Based RPG,3D,All,Other,Other,2018.0,PAL,9.0,500000000,88.0,,Timed Exclusive,N/A,True
,Square Enix,Square Enix,Standalone,,,,Dragon Quest,,,,,,,88.0,,Timed Exclusive,,False
,Square Enix,Square Enix,Standalone,,,,PC,,,,,,,88.0,,Timed Exclusive,,False
,Square Enix,Square Enix,Standalone,,,,PS4,,,,,,,88.0,,Timed Exclusive,,False
Dragon Quest XI: Echoes of an Elusive Age,Square Enix,Square Enix,Dragon Quest,Role-Playing,Turn-Based RPG,2D,PS4,PlayStation,Home Console,2018.0,JP,9.0,,95.0,,Exclusive,N/A,False
Dragon Quest XI: Echoes of an Elusive Age,Square Enix,Square Enix,Dragon Quest,Role-Playing,Turn-Based RPG,2D,PS4,PlayStation,Home Console,2018.0,NA,9.0,,95.0,,Exclusive,N/A,False
Dragon Quest XI: Echoes of an Elusive Age,Square Enix,Square Enix,Dragon Quest,Role-Playing,Turn-Based RPG,2D,PS4,PlayStation,Home Console,2018.0,Other,9.0,,95.0,,Exclusive,N/A,False
Dragon Quest XI: Echoes of an Elusive Age,Square Enix,Square Enix,Dragon Quest,Role-Playing,Turn-Based RPG,2D,PS4,PlayStation,Home Console,2018.0,PAL,9.0,,95.0,,Exclusive,N/A,False
Dragon Quest XI: Echoes of an Elusive Age S - Definitive Edition,Square Enix,Square Enix,Dragon Quest,Role-Playing,Turn-Based RPG,2D,Switch,Nintendo,Home Console,2019.0,JP,,,92.0,,Exclusive,Post-Merger,False
Dragon Quest XI: Echoes of an Elusive Age S - Definitive Edition,Square Enix,Square Enix,Dragon Quest,Role-Playing,Turn-Based RPG,2D,Switch,Nintendo,Home Console,2019.0,NA,,,92.0,,Exclusive,Post-Merger,False
Dragon Quest XI: Echoes of an Elusive Age S - Definitive Edition,Square Enix,Square Enix,Dragon Quest,Role-Playing,Turn-Based RPG,2D,Switch,Nintendo,Home Console,2019.0,Other,,,92.0,,Exclusive,Post-Merger,False
Dragon Quest XI: Echoes of an Elusive Age S - Definitive Edition,Square Enix,Square Enix,Dragon Quest,Role-Playing,Turn-Based RPG,2D,Switch,Nintendo,Home Console,2019.0,PAL,,,92.0,,Exclusive,Post-Merger,False
,Square Enix,"September 27, 2019",Standalone,,,,Final Fantasy VIII Remastered,,,,,,,92.0,,Multiplatform,,False
,Square Enix,"October 31, 2019",Standalone,,,,Imperial SaGa: Eclipse,,,,,,,92.0,,Multiplatform,,False
,Square Enix,[ 339 ],Standalone,,,,PC,,,,,,,92.0,,Multiplatform,,False
,Square Enix,[ 339 ],Standalone,,,,PS4,,,,,,,92.0,,Multiplatform,,False
,Square Enix,"March 16, 2021",Standalone,,,,Stadia,,,,,,,92.0,,Multiplatform,,False
,Square Enix,[ 339 ],Standalone,,,,Xbox One,,,,,,,92.0,,Multiplatform,,False
Dragon Quest XI S: Definitive Edition,Square Enix,Square Enix,Dragon Quest,Role-Playing,Turn-Based RPG,2D,PC,PC,PC,2020.0,JP,,,90,,Multiplatform,N/A,False
Dragon Quest XI S: Definitive Edition,Square Enix,Square Enix,Dragon Quest,Role-Playing,Turn-Based RPG,2D,PC,PC,PC,2020.0,NA,,,90,,Multiplatform,N/A,False
Dragon Quest XI S: Definitive Edition,Square Enix,Square Enix,Dragon Quest,Role-Playing,Turn-Based RPG,2D,PC,PC,PC,2020.0,Other,,,90,,Multiplatform,N/A,False
Dragon Quest XI S: Definitive Edition,Square Enix,Square Enix,Dragon Quest,Role-Playing,Turn-Based RPG,2D,PC,PC,PC,2020.0,PAL,,,90,,Multiplatform,N/A,False
Dragon Quest XI S: Definitive Edition,Square Enix,Square Enix,Dragon Quest,Role-Playing,Turn-Based RPG,2D,PS4,PlayStation,Home Console,2020.0,JP,,,90,,Multiplatform,N/A,False
Dragon Quest XI S: Definitive Edition,Square Enix,Square Enix,Dragon Quest,Role-Playing,Turn-Based RPG,2D,PS4,PlayStation,Home Console,2020.0,NA,,,90,,Multiplatform,N/A,False
Dragon Quest XI S: Definitive Edition,Square Enix,Square Enix,Dragon Quest,Role-Playing,Turn-Based RPG,2D,PS4,PlayStation,Home Console,2020.0,Other,,,90,,Multiplatform,N/A,False
Dragon Quest XI S: Definitive Edition,Square Enix,Square Enix,Dragon Quest,Role-Playing,Turn-Based RPG,2D,PS4,PlayStation,Home Console,2020.0,PAL,,,90,,Multiplatform,N/A,False
Dragon Quest XI S: Definitive Edition,Square Enix,Square Enix,Dragon Quest,Role-Playing,Turn-Based RPG,2D,Xbox One,Microsoft,Home Console,2020.0,JP,,,90,,Multiplatform,N/A,False
Dragon Quest XI S: Definitive Edition,Square Enix,Square Enix,Dragon Quest,Role-Playing,Turn-Based RPG,2D,Xbox One,Microsoft,Home Console,2020.0,NA,,,90,,Multiplatform,N/A,False
Dragon Quest XI S: Definitive Edition,Square Enix,Square Enix,Dragon Quest,Role-Playing,Turn-Based RPG,2D,Xbox One,Microsoft,Home Console,2020.0,Other,,,90,,Multiplatform,N/A,False
Dragon Quest XI S: Definitive Edition,Square Enix,Square Enix,Dragon Quest,Role-Playing,Turn-Based RPG,2D,Xbox One,Microsoft,Home Console,2020.0,PAL,,,90,,Multiplatform,N/A,False
,Square Enix,TBA,Standalone,,,,The Adventures of Elliot: The Millennium Tales,,,,,,,,,Multiplatform,,False
,Square Enix,"August 10, 2017",Standalone,,,,3DS,,,,,,,,,Exclusive,,False
,Square Enix,"August 10, 2017",Standalone,,,,Dragon Quest,,,,,,,,,Exclusive,,False
,Square Enix,"August 10, 2017",Standalone,,,,Dragon Quest III,,,,,,,,,Exclusive,,False
Dragon Quest II,Enix,ChunSoft,Dragon Quest,Role-Playing,Turn-Based RPG,2D,NES,Nintendo,Home Console,1990.0,JP,6.129352,478300000,,,Exclusive,Pre-Split,False
Dragon Quest II,Enix,ChunSoft,Dragon Quest,Role-Playing,Turn-Based RPG,2D,NES,Nintendo,Home Console,1990.0,NA,6.129352,478300000,,,Exclusive,Pre-Split,False
Dragon Quest II,Enix,ChunSoft,Dragon Quest,Role-Playing,Turn-Based RPG,2D,NES,Nintendo,Home Console,1990.0,Other,6.129352,478300000,,,Exclusive,Pre-Split,False
Dragon Quest II,Enix,ChunSoft,Dragon Quest,Role-Playing,Turn-Based RPG,2D,NES,Nintendo,Home Console,1990.0,PAL,6.129352,478300000,,,Exclusive,Pre-Split,False
Dragon Quest II,Square Enix,Square Enix,Dragon Quest,Role-Playing,Turn-Based RPG,2D,Switch,Nintendo,Home Console,2019.0,JP,6.129352,478300000,,,Exclusive,Post-Merger,False
Dragon Quest II,Square Enix,Square Enix,Dragon Quest,Role-Playing,Turn-Based RPG,2D,Switch,Nintendo,Home Console,2019.0,NA,6.129352,478300000,,,Exclusive,Post-Merger,False
Dragon Quest II,Square Enix,Square Enix,Dragon Quest,Role-Playing,Turn-Based RPG,2D,Switch,Nintendo,Home Console,2019.0,Other,6.129352,478300000,,,Exclusive,Post-Merger,False
Dragon Quest II,Square Enix,Square Enix,Dragon Quest,Role-Playing,Turn-Based RPG,2D,Switch,Nintendo,Home Console,2019.0,PAL,6.129352,478300000,,,Exclusive,Post-Merger,False
Dragon Quest 25 Shuunen Kinin: Famicom & Super Famicom Dragon Quest I-II-III,Square Enix,Square Enix,Dragon Quest,Role-Playing,Turn-Based RPG,2D,Wii,Nintendo,Home Console,2011.0,JP,,,,,Exclusive,Post-Merger,False
Dragon Quest 25 Shuunen Kinin: Famicom & Super Famicom Dragon Quest I-II-III,Square Enix,Square Enix,Dragon Quest,Role-Playing,Turn-Based RPG,2D,Wii,Nintendo,Home Console,2011.0,NA,,,,,Exclusive,Post-Merger,False
Dragon Quest 25 Shuunen Kinin: Famicom & Super Famicom Dragon Quest I-II-III,Square Enix,Square Enix,Dragon Quest,Role-Playing,Turn-Based RPG,2D,Wii,Nintendo,Home Console,2011.0,Other,,,,,Exclusive,Post-Merger,False
Dragon Quest 25 Shuunen Kinin: Famicom & Super Famicom Dragon Quest I-II-III,Square Enix,Square Enix,Dragon Quest,Role-Playing,Turn-Based RPG,2D,Wii,Nintendo,Home Console,2011.0,PAL,,,,,Exclusive,Post-Merger,False
,Enix,"February 11, 1990",Standalone,,,,Dragon Quest IV,,,,,,,,,Exclusive,,False
,Enix,Tose,Standalone,,,,GBC,,,,,,,,,Exclusive,,False
Dragon Quest III,Enix,TOSE,Dragon Quest,Role-Playing,Turn-Based RPG,2D,Game Boy,Nintendo,Handheld,2001.0,JP,9.510822,516700000,,,Exclusive,Cold War,True
Dragon Quest III,Enix,TOSE,Dragon Quest,Role-Playing,Turn-Based RPG,2D,Game Boy,Nintendo,Handheld,2001.0,NA,9.510822,516700000,,,Exclusive,Cold War,True
Dragon Quest III,Enix,TOSE,Dragon Quest,Role-Playing,Turn-Based RPG,2D,Game Boy,Nintendo,Handheld,2001.0,Other,9.510822,516700000,,,Exclusive,Cold War,True
Dragon Quest III,Enix,TOSE,Dragon Quest,Role-Playing,Turn-Based RPG,2D,Game Boy,Nintendo,Handheld,2001.0,PAL,9.510822,516700000,,,Exclusive,Cold War,True
Dragon Quest III,Enix,ChunSoft,Dragon Quest,Role-Playing,Turn-Based RPG,2D,NES,Nintendo,Home Console,1992.0,JP,9.510822,516700000,,,Exclusive,Pre-Split,True
Dragon Quest III,Enix,ChunSoft,Dragon Quest,Role-Playing,Turn-Based RPG,2D,NES,Nintendo,Home Console,1992.0,NA,9.510822,516700000,,,Exclusive,Pre-Split,True
Dragon Quest III,Enix,ChunSoft,Dragon Quest,Role-Playing,Turn-Based RPG,2D,NES,Nintendo,Home Console,1992.0,Other,9.510822,516700000,,,Exclusive,Pre-Split,True
Dragon Quest III,Enix,ChunSoft,Dragon Quest,Role-Playing,Turn-Based RPG,2D,NES,Nintendo,Home Console,1992.0,PAL,9.510822,516700000,,,Exclusive,Pre-Split,True
,Enix,Heartbeat,Standalone,,,,SNES,,,,,,,,,Exclusive,,False
Dragon Quest III,Square Enix,Square Enix,Dragon Quest,Role-Playing,Turn-Based RPG,2D,Switch,Nintendo,Home Console,2019.0,JP,9.510822,516700000,,,Exclusive,Post-Merger,True
Dragon Quest III,Square Enix,Square Enix,Dragon Quest,Role-Playing,Turn-Based RPG,2D,Switch,Nintendo,Home Console,2019.0,NA,9.510822,516700000,,,Exclusive,Post-Merger,True
Dragon Quest III,Square Enix,Square Enix,Dragon Quest,Role-Playing,Turn-Based RPG,2D,Switch,Nintendo,Home Console,2019.0,Other,9.510822,516700000,,,Exclusive,Post-Merger,True
Dragon Quest III,Square Enix,Square Enix,Dragon Quest,Role-Playing,Turn-Based RPG,2D,Switch,Nintendo,Home Console,2019.0,PAL,9.510822,516700000,,,Exclusive,Post-Merger,True
Dragon Quest III: Soshite Densetsu e...,Enix,Heart Beat,Dragon Quest,Role-Playing,Turn-Based RPG,2D,SNES,Nintendo,Home Console,1996.0,JP,,,,,Exclusive,Pre-Split,False
Dragon Quest III: Soshite Densetsu e...,Enix,Heart Beat,Dragon Quest,Role-Playing,Turn-Based RPG,2D,SNES,Nintendo,Home Console,1996.0,NA,,,,,Exclusive,Pre-Split,False
Dragon Quest III: Soshite Densetsu e...,Enix,Heart Beat,Dragon Quest,Role-Playing,Turn-Based RPG,2D,SNES,Nintendo,Home Console,1996.0,Other,,,,,Exclusive,Pre-Split,False
Dragon Quest III: Soshite Densetsu e...,Enix,Heart Beat,Dragon Quest,Role-Playing,Turn-Based RPG,2D,SNES,Nintendo,Home Console,1996.0,PAL,,,,,Exclusive,Pre-Split,False
Dragon Quest IV,Enix,ChunSoft,Dragon Quest,Role-Playing,Turn-Based RPG,2D,NES,Nintendo,Home Console,1992.0,JP,7.209044,644100000,,,Exclusive,Pre-Split,False
Dragon Quest IV,Enix,ChunSoft,Dragon Quest,Role-Playing,Turn-Based RPG,2D,NES,Nintendo,Home Console,1992.0,NA,7.209044,644100000,,,Exclusive,Pre-Split,False
Dragon Quest IV,Enix,ChunSoft,Dragon Quest,Role-Playing,Turn-Based RPG,2D,NES,Nintendo,Home Console,1992.0,Other,7.209044,644100000,,,Exclusive,Pre-Split,False
Dragon Quest IV,Enix,ChunSoft,Dragon Quest,Role-Playing,Turn-Based RPG,2D,NES,Nintendo,Home Console,1992.0,PAL,7.209044,644100000,,,Exclusive,Pre-Split,False
,Square Enix,ArtePiazza / Cattle Call,Standalone,,,,DS,,,,,,,,,Multiplatform,,False
Dragon Quest IV: Chapters of the Chosen,Square Enix,ArtePiazza,Dragon Quest,Role-Playing,Turn-Based RPG,2D,DS,Nintendo,Handheld,2008.0,JP,,,81.0,,Exclusive,Post-Merger,False
Dragon Quest IV: Chapters of the Chosen,Square Enix,ArtePiazza,Dragon Quest,Role-Playing,Turn-Based RPG,2D,DS,Nintendo,Handheld,2008.0,NA,,,81.0,,Exclusive,Post-Merger,False
Dragon Quest IV: Chapters of the Chosen,Square Enix,ArtePiazza,Dragon Quest,Role-Playing,Turn-Based RPG,2D,DS,Nintendo,Handheld,2008.0,Other,,,81.0,,Exclusive,Post-Merger,False
Dragon Quest IV: Chapters of the Chosen,Square Enix,ArtePiazza,Dragon Quest,Role-Playing,Turn-Based RPG,2D,DS,Nintendo,Handheld,2008.0,PAL,,,81.0,,Exclusive,Post-Merger,False
Dragon Quest IV: Michibikareshi Monotachi,Enix,Heart Beat,Dragon Quest,Role-Playing,Turn-Based RPG,2D,PS1,PlayStation,Home Console,2001.0,JP,,,,,Exclusive,N/A,False
Dragon Quest IV: Michibikareshi Monotachi,Enix,Heart Beat,Dragon Quest,Role-Playing,Turn-Based RPG,2D,PS1,PlayStation,Home Console,2001.0,NA,,,,,Exclusive,N/A,False
Dragon Quest IV: Michibikareshi Monotachi,Enix,Heart Beat,Dragon Quest,Role-Playing,Turn-Based RPG,2D,PS1,PlayStation,Home Console,2001.0,Other,,,,,Exclusive,N/A,False
Dragon Quest IV: Michibikareshi Monotachi,Enix,Heart Beat,Dragon Quest,Role-Playing,Turn-Based RPG,2D,PS1,PlayStation,Home Console,2001.0,PAL,,,,,Exclusive,N/A,False
,Square Enix,ArtePiazza / Matrix Software,Standalone,,,,PS2,,,,,,,,,Multiplatform,,False
,Enix,Chunsoft,Standalone,,,,SNES,,,,,,,,,Multiplatform,,False
,Square Enix,ArtePiazza,Standalone,,,,DS,,,,,,,,,Multiplatform,,False
Dragon Quest V: Hand of the Heavenly Bride,Square Enix,ArtePiazza,Dragon Quest,Role-Playing,Turn-Based RPG,2D,DS,Nintendo,Handheld,2009.0,JP,,,86.0,,Exclusive,Post-Merger,False
Dragon Quest V: Hand of the Heavenly Bride,Square Enix,ArtePiazza,Dragon Quest,Role-Playing,Turn-Based RPG,2D,DS,Nintendo,Handheld,2009.0,NA,,,86.0,,Exclusive,Post-Merger,False
Dragon Quest V: Hand of the Heavenly Bride,Square Enix,ArtePiazza,Dragon Quest,Role-Playing,Turn-Based RPG,2D,DS,Nintendo,Handheld,2009.0,Other,,,86.0,,Exclusive,Post-Merger,False
Dragon Quest V: Hand of the Heavenly Bride,Square Enix,ArtePiazza,Dragon Quest,Role-Playing,Turn-Based RPG,2D,DS,Nintendo,Handheld,2009.0,PAL,,,86.0,,Exclusive,Post-Merger,False
Dragon Quest V: Tenkuu no Hanayome,Square Enix,Matrix Software,Dragon Quest,Role-Playing,Turn-Based RPG,2D,PS2,PlayStation,Home Console,2004.0,JP,,,,,Timed Exclusive,N/A,False
Dragon Quest V: Tenkuu no Hanayome,Square Enix,Matrix Software,Dragon Quest,Role-Playing,Turn-Based RPG,2D,PS2,PlayStation,Home Console,2004.0,NA,,,,,Timed Exclusive,N/A,False
Dragon Quest V: Tenkuu no Hanayome,Square Enix,Matrix Software,Dragon Quest,Role-Playing,Turn-Based RPG,2D,PS2,PlayStation,Home Console,2004.0,Other,,,,,Timed Exclusive,N/A,False
Dragon Quest V: Tenkuu no Hanayome,Square Enix,Matrix Software,Dragon Quest,Role-Playing,Turn-Based RPG,2D,PS2,PlayStation,Home Console,2004.0,PAL,,,,,Timed Exclusive,N/A,False
Dragon Quest V: Tenkuu no Hanayome,Enix,ChunSoft,Dragon Quest,Role-Playing,Turn-Based RPG,2D,SNES,Nintendo,Home Console,1992.0,JP,,,,,Timed Exclusive,Pre-Split,False
Dragon Quest V: Tenkuu no Hanayome,Enix,ChunSoft,Dragon Quest,Role-Playing,Turn-Based RPG,2D,SNES,Nintendo,Home Console,1992.0,NA,,,,,Timed Exclusive,Pre-Split,False
Dragon Quest V: Tenkuu no Hanayome,Enix,ChunSoft,Dragon Quest,Role-Playing,Turn-Based RPG,2D,SNES,Nintendo,Home Console,1992.0,Other,,,,,Timed Exclusive,Pre-Split,False
Dragon Quest V: Tenkuu no Hanayome,Enix,ChunSoft,Dragon Quest,Role-Playing,Turn-Based RPG,2D,SNES,Nintendo,Home Console,1992.0,PAL,,,,,Timed Exclusive,Pre-Split,False
,Square Enix,ArtePiazza,Standalone,,,,DS,,,,,,,,,Multiplatform,,False
,Enix,Heartbeat,Standalone,,,,SNES,,,,,,,,,Multiplatform,,False
Dragon Quest VI: Maboroshi no Daichi,Enix,Heart Beat,Dragon Quest,Role-Playing,Turn-Based RPG,2D,SNES,Nintendo,Home Console,1995.0,JP,,,,,Exclusive,Pre-Split,False
Dragon Quest VI: Maboroshi no Daichi,Enix,Heart Beat,Dragon Quest,Role-Playing,Turn-Based RPG,2D,SNES,Nintendo,Home Console,1995.0,NA,,,,,Exclusive,Pre-Split,False
Dragon Quest VI: Maboroshi no Daichi,Enix,Heart Beat,Dragon Quest,Role-Playing,Turn-Based RPG,2D,SNES,Nintendo,Home Console,1995.0,Other,,,,,Exclusive,Pre-Split,False
Dragon Quest VI: Maboroshi no Daichi,Enix,Heart Beat,Dragon Quest,Role-Playing,Turn-Based RPG,2D,SNES,Nintendo,Home Console,1995.0,PAL,,,,,Exclusive,Pre-Split,False
Dragon Quest VII,Enix,Heart Beat,Dragon Quest,Role-Playing,Turn-Based RPG,3D,PS1,PlayStation,Home Console,2001.0,JP,6.866998,513000000,80.0,,Exclusive,N/A,False
Dragon Quest VII,Enix,Heart Beat,Dragon Quest,Role-Playing,Turn-Based RPG,3D,PS1,PlayStation,Home Console,2001.0,NA,6.866998,513000000,80.0,,Exclusive,N/A,False
Dragon Quest VII,Enix,Heart Beat,Dragon Quest,Role-Playing,Turn-Based RPG,3D,PS1,PlayStation,Home Console,2001.0,Other,6.866998,513000000,80.0,,Exclusive,N/A,False
Dragon Quest VII,Enix,Heart Beat,Dragon Quest,Role-Playing,Turn-Based RPG,3D,PS1,PlayStation,Home Console,2001.0,PAL,6.866998,513000000,80.0,,Exclusive,N/A,False
,Square Enix,Square Enix,Standalone,,,,3DS,,,,,,,85.0,,Multiplatform,,False
,Square Enix,"December 22, 2004",Standalone,,,,Dragon Quest & Final Fantasy in Itadaki Street Special,,,,,,,85.0,,Multiplatform,,False
,Square Enix,Level-5,Standalone,,,,PS2,,,,,,,85.0,,Multiplatform,,False
Dragon Quest VIII: Journey of the Cursed King,Square Enix,Level 5 / Armor Project,Dragon Quest,Role-Playing,Turn-Based RPG,2D,PS2,PlayStation,Home Console,2005.0,JP,,,86.0,,Exclusive,N/A,False
Dragon Quest VIII: Journey of the Cursed King,Square Enix,Level 5 / Armor Project,Dragon Quest,Role-Playing,Turn-Based RPG,2D,PS2,PlayStation,Home Console,2005.0,NA,,,86.0,,Exclusive,N/A,False
Dragon Quest VIII: Journey of the Cursed King,Square Enix,Level 5 / Armor Project,Dragon Quest,Role-Playing,Turn-Based RPG,2D,PS2,PlayStation,Home Console,2005.0,Other,,,86.0,,Exclusive,N/A,False
Dragon Quest VIII: Journey of the Cursed King,Square Enix,Level 5 / Armor Project,Dragon Quest,Role-Playing,Turn-Based RPG,2D,PS2,PlayStation,Home Console,2005.0,PAL,,,86.0,,Exclusive,N/A,False
,Square Enix,Level-5,Standalone,,,,DS,,,,,,,,,Multiplatform,,False
,Square Enix,Square Enix,Standalone,,,,Adventures of Mana,,,,,,,83.0,,Exclusive,,False
,Square Enix,Square Enix,Standalone,,,,PC,,,,,,,83.0,,Exclusive,,False
,Square Enix,Square Enix,Standalone,,,,PS Vita,,,,,,,83.0,,Exclusive,,False
,Square Enix,Square Enix,Standalone,,,,PS3,,,,,,,83.0,,Exclusive,,False
,Square Enix,Square Enix,Standalone,,,,PS4,,,,,,,83.0,,Exclusive,,False
Dragon Quest Builders,Square Enix,Square Enix,Dragon Quest Builders,Sandbox,Turn-Based RPG,3D,Series,Other,Other,2016.0,JP,,,83.0,,Exclusive,N/A,False
Dragon Quest Builders,Square Enix,Square Enix,Dragon Quest Builders,Sandbox,Turn-Based RPG,3D,Series,Other,Other,2016.0,NA,,,83.0,,Exclusive,N/A,False
Dragon Quest Builders,Square Enix,Square Enix,Dragon Quest Builders,Sandbox,Turn-Based RPG,3D,Series,Other,Other,2016.0,Other,,,83.0,,Exclusive,N/A,False
Dragon Quest Builders,Square Enix,Square Enix,Dragon Quest Builders,Sandbox,Turn-Based RPG,3D,Series,Other,Other,2016.0,PAL,,,83.0,,Exclusive,N/A,False
,Square Enix,Square Enix,Standalone,,,,Switch,,,,,,,83.0,,Exclusive,,False
,Square Enix,Square Enix / Omega Force,Standalone,,,,Kingdom Hearts III,,,,,,,85.0,,Multiplatform,,False
,Square Enix,Square Enix / Omega Force,Standalone,,,,PC,,,,,,,85.0,,Multiplatform,,False
Dragon Quest Builders 2,Square Enix,Square Enix,Dragon Quest Builders,Adventure,Turn-Based RPG,3D,PS4,PlayStation,Home Console,2019.0,JP,0.15,,85.0,,Multiplatform,N/A,True
Dragon Quest Builders 2,Square Enix,Square Enix,Dragon Quest Builders,Adventure,Turn-Based RPG,3D,PS4,PlayStation,Home Console,2019.0,NA,,,85.0,,Multiplatform,N/A,True
Dragon Quest Builders 2,Square Enix,Square Enix,Dragon Quest Builders,Adventure,Turn-Based RPG,3D,PS4,PlayStation,Home Console,2019.0,Other,,,85.0,,Multiplatform,N/A,True
Dragon Quest Builders 2,Square Enix,Square Enix,Dragon Quest Builders,Adventure,Turn-Based RPG,3D,PS4,PlayStation,Home Console,2019.0,PAL,,,85.0,,Multiplatform,N/A,True
Dragon Quest Builders 2,Square Enix,Square Enix,Dragon Quest Builders,Adventure,Turn-Based RPG,3D,Switch,Nintendo,Home Console,2019.0,JP,0.14,,85.0,,Multiplatform,Post-Merger,True
Dragon Quest Builders 2,Square Enix,Square Enix,Dragon Quest Builders,Adventure,Turn-Based RPG,3D,Switch,Nintendo,Home Console,2019.0,NA,,,85.0,,Multiplatform,Post-Merger,True
Dragon Quest Builders 2,Square Enix,Square Enix,Dragon Quest Builders,Adventure,Turn-Based RPG,3D,Switch,Nintendo,Home Console,2019.0,Other,,,85.0,,Multiplatform,Post-Merger,True
Dragon Quest Builders 2,Square Enix,Square Enix,Dragon Quest Builders,Adventure,Turn-Based RPG,3D,Switch,Nintendo,Home Console,2019.0,PAL,,,85.0,,Multiplatform,Post-Merger,True
Dragon Quest Builders: Revive Alefgard,Square Enix,Square Enix,Dragon Quest Builders,Role-Playing,Turn-Based RPG,2D,PS3,PlayStation,Home Console,2016.0,JP,0.13,,,,Multiplatform,N/A,False
Dragon Quest Builders: Revive Alefgard,Square Enix,Square Enix,Dragon Quest Builders,Role-Playing,Turn-Based RPG,2D,PS3,PlayStation,Home Console,2016.0,NA,,,,,Multiplatform,N/A,False
Dragon Quest Builders: Revive Alefgard,Square Enix,Square Enix,Dragon Quest Builders,Role-Playing,Turn-Based RPG,2D,PS3,PlayStation,Home Console,2016.0,Other,,,,,Multiplatform,N/A,False
Dragon Quest Builders: Revive Alefgard,Square Enix,Square Enix,Dragon Quest Builders,Role-Playing,Turn-Based RPG,2D,PS3,PlayStation,Home Console,2016.0,PAL,,,,,Multiplatform,N/A,False
Dragon Quest Builders: Revive Alefgard,Square Enix,Square Enix,Dragon Quest Builders,Role-Playing,Turn-Based RPG,2D,PS4,PlayStation,Home Console,2016.0,JP,0.24,,,,Multiplatform,N/A,False
Dragon Quest Builders: Revive Alefgard,Square Enix,Square Enix,Dragon Quest Builders,Role-Playing,Turn-Based RPG,2D,PS4,PlayStation,Home Console,2016.0,NA,0.12,,,,Multiplatform,N/A,False
Dragon Quest Builders: Revive Alefgard,Square Enix,Square Enix,Dragon Quest Builders,Role-Playing,Turn-Based RPG,2D,PS4,PlayStation,Home Console,2016.0,Other,0.06,,,,Multiplatform,N/A,False
Dragon Quest Builders: Revive Alefgard,Square Enix,Square Enix,Dragon Quest Builders,Role-Playing,Turn-Based RPG,2D,PS4,PlayStation,Home Console,2016.0,PAL,0.17,,,,Multiplatform,N/A,False
Dragon Quest Builders: Revive Alefgard,Square Enix,Square Enix,Dragon Quest Builders,Role-Playing,Turn-Based RPG,2D,PSV,Other,Other,2016.0,JP,0.31,,,,Multiplatform,N/A,False
Dragon Quest Builders: Revive Alefgard,Square Enix,Square Enix,Dragon Quest Builders,Role-Playing,Turn-Based RPG,2D,PSV,Other,Other,2016.0,NA,,,,,Multiplatform,N/A,False
Dragon Quest Builders: Revive Alefgard,Square Enix,Square Enix,Dragon Quest Builders,Role-Playing,Turn-Based RPG,2D,PSV,Other,Other,2016.0,Other,,,,,Multiplatform,N/A,False
Dragon Quest Builders: Revive Alefgard,Square Enix,Square Enix,Dragon Quest Builders,Role-Playing,Turn-Based RPG,2D,PSV,Other,Other,2016.0,PAL,,,,,Multiplatform,N/A,False
Dragon Quest Builders: Revive Alefgard,Square Enix,Square Enix,Dragon Quest Builders,Role-Playing,Turn-Based RPG,2D,Switch,Nintendo,Home Console,2018.0,JP,0.07,,80.0,,Multiplatform,Post-Merger,False
Dragon Quest Builders: Revive Alefgard,Square Enix,Square Enix,Dragon Quest Builders,Role-Playing,Turn-Based RPG,2D,Switch,Nintendo,Home Console,2018.0,NA,0.07,,80.0,,Multiplatform,Post-Merger,False
Dragon Quest Builders: Revive Alefgard,Square Enix,Square Enix,Dragon Quest Builders,Role-Playing,Turn-Based RPG,2D,Switch,Nintendo,Home Console,2018.0,Other,0.01,,80.0,,Multiplatform,Post-Merger,False
Dragon Quest Builders: Revive Alefgard,Square Enix,Square Enix,Dragon Quest Builders,Role-Playing,Turn-Based RPG,2D,Switch,Nintendo,Home Console,2018.0,PAL,0.07,,80.0,,Multiplatform,Post-Merger,False
Dragon Quest Characters: Torneko no Daibouken 2 Advance,Enix,ChunSoft,Dragon Quest,Role-Playing,Turn-Based RPG,2D,GBA,Nintendo,Handheld,2001.0,JP,,,,,Exclusive,Cold War,False
Dragon Quest Characters: Torneko no Daibouken 2 Advance,Enix,ChunSoft,Dragon Quest,Role-Playing,Turn-Based RPG,2D,GBA,Nintendo,Handheld,2001.0,NA,,,,,Exclusive,Cold War,False
Dragon Quest Characters: Torneko no Daibouken 2 Advance,Enix,ChunSoft,Dragon Quest,Role-Playing,Turn-Based RPG,2D,GBA,Nintendo,Handheld,2001.0,Other,,,,,Exclusive,Cold War,False
Dragon Quest Characters: Torneko no Daibouken 2 Advance,Enix,ChunSoft,Dragon Quest,Role-Playing,Turn-Based RPG,2D,GBA,Nintendo,Handheld,2001.0,PAL,,,,,Exclusive,Cold War,False
Dragon Quest Characters: Torneko no Daibouken 3 Advance,Square Enix,ChunSoft,Dragon Quest,Role-Playing,Turn-Based RPG,2D,GBA,Nintendo,Handheld,2004.0,JP,,,,,Exclusive,Post-Merger,False
Dragon Quest Characters: Torneko no Daibouken 3 Advance,Square Enix,ChunSoft,Dragon Quest,Role-Playing,Turn-Based RPG,2D,GBA,Nintendo,Handheld,2004.0,NA,,,,,Exclusive,Post-Merger,False
Dragon Quest Characters: Torneko no Daibouken 3 Advance,Square Enix,ChunSoft,Dragon Quest,Role-Playing,Turn-Based RPG,2D,GBA,Nintendo,Handheld,2004.0,Other,,,,,Exclusive,Post-Merger,False
Dragon Quest Characters: Torneko no Daibouken 3 Advance,Square Enix,ChunSoft,Dragon Quest,Role-Playing,Turn-Based RPG,2D,GBA,Nintendo,Handheld,2004.0,PAL,,,,,Exclusive,Post-Merger,False
Dragon Quest Characters: Torneko no Daibouken 3: Fushigi no Dungeon,Enix,ChunSoft,Dragon Quest,Role-Playing,Turn-Based RPG,2D,PS2,PlayStation,Home Console,2002.0,JP,,,,,Exclusive,N/A,False
Dragon Quest Characters: Torneko no Daibouken 3: Fushigi no Dungeon,Enix,ChunSoft,Dragon Quest,Role-Playing,Turn-Based RPG,2D,PS2,PlayStation,Home Console,2002.0,NA,,,,,Exclusive,N/A,False
Dragon Quest Characters: Torneko no Daibouken 3: Fushigi no Dungeon,Enix,ChunSoft,Dragon Quest,Role-Playing,Turn-Based RPG,2D,PS2,PlayStation,Home Console,2002.0,Other,,,,,Exclusive,N/A,False
Dragon Quest Characters: Torneko no Daibouken 3: Fushigi no Dungeon,Enix,ChunSoft,Dragon Quest,Role-Playing,Turn-Based RPG,2D,PS2,PlayStation,Home Console,2002.0,PAL,,,,,Exclusive,N/A,False
,Enix,Chunsoft / Matrix Software,Standalone,,,,PS2,,,,,,,,,Multiplatform,,False
,Square Enix,Chunsoft / Rakish,Standalone,,,,GBA,,,,,,,,,Multiplatform,,False
Dragon Quest & Final Fantasy in Itadaki Street Portable,Square Enix,Square Enix,Final Fantasy,Misc,Turn-Based RPG,2D,PSP,PlayStation,Handheld,2006.0,JP,0.11,,,,Exclusive,N/A,True
Dragon Quest & Final Fantasy in Itadaki Street Portable,Square Enix,Square Enix,Final Fantasy,Misc,Turn-Based RPG,2D,PSP,PlayStation,Handheld,2006.0,NA,,,,,Exclusive,N/A,True
Dragon Quest & Final Fantasy in Itadaki Street Portable,Square Enix,Square Enix,Final Fantasy,Misc,Turn-Based RPG,2D,PSP,PlayStation,Handheld,2006.0,Other,,,,,Exclusive,N/A,True
Dragon Quest & Final Fantasy in Itadaki Street Portable,Square Enix,Square Enix,Final Fantasy,Misc,Turn-Based RPG,2D,PSP,PlayStation,Handheld,2006.0,PAL,,,,,Exclusive,N/A,True
Dragon Quest & Final Fantasy in Itadaki Street Special,Square Enix,Paon,Final Fantasy,Misc,Turn-Based RPG,2D,PS2,PlayStation,Home Console,2004.0,JP,,,,,Exclusive,N/A,False
Dragon Quest & Final Fantasy in Itadaki Street Special,Square Enix,Paon,Final Fantasy,Misc,Turn-Based RPG,2D,PS2,PlayStation,Home Console,2004.0,NA,,,,,Exclusive,N/A,False
Dragon Quest & Final Fantasy in Itadaki Street Special,Square Enix,Paon,Final Fantasy,Misc,Turn-Based RPG,2D,PS2,PlayStation,Home Console,2004.0,Other,,,,,Exclusive,N/A,False
Dragon Quest & Final Fantasy in Itadaki Street Special,Square Enix,Paon,Final Fantasy,Misc,Turn-Based RPG,2D,PS2,PlayStation,Home Console,2004.0,PAL,,,,,Exclusive,N/A,False
Dragon Quest & Final Fantasy in Itadaki Street Special,Square Enix,Unknown,Final Fantasy,Misc,Turn-Based RPG,2D,PSP,PlayStation,Handheld,2006.0,JP,,,,,Exclusive,N/A,False
Dragon Quest & Final Fantasy in Itadaki Street Special,Square Enix,Unknown,Final Fantasy,Misc,Turn-Based RPG,2D,PSP,PlayStation,Handheld,2006.0,NA,,,,,Exclusive,N/A,False
Dragon Quest & Final Fantasy in Itadaki Street Special,Square Enix,Unknown,Final Fantasy,Misc,Turn-Based RPG,2D,PSP,PlayStation,Handheld,2006.0,Other,,,,,Exclusive,N/A,False
Dragon Quest & Final Fantasy in Itadaki Street Special,Square Enix,Unknown,Final Fantasy,Misc,Turn-Based RPG,2D,PSP,PlayStation,Handheld,2006.0,PAL,,,,,Exclusive,N/A,False
Dragon Quest Heroes I & II for Nintendo Switch,Square Enix,Omega Force,Dragon Quest,Role-Playing,Turn-Based RPG,2D,Switch,Nintendo,Home Console,2017.0,JP,0.09,,,,Exclusive,Post-Merger,True
Dragon Quest Heroes I & II for Nintendo Switch,Square Enix,Omega Force,Dragon Quest,Role-Playing,Turn-Based RPG,2D,Switch,Nintendo,Home Console,2017.0,NA,,,,,Exclusive,Post-Merger,True
Dragon Quest Heroes I & II for Nintendo Switch,Square Enix,Omega Force,Dragon Quest,Role-Playing,Turn-Based RPG,2D,Switch,Nintendo,Home Console,2017.0,Other,,,,,Exclusive,Post-Merger,True
Dragon Quest Heroes I & II for Nintendo Switch,Square Enix,Omega Force,Dragon Quest,Role-Playing,Turn-Based RPG,2D,Switch,Nintendo,Home Console,2017.0,PAL,,,,,Exclusive,Post-Merger,True
,Square Enix,Omega Force,Standalone,,,,PC,,,,,,,78.0,,Multiplatform,,False
,Square Enix,Omega Force,Standalone,,,,PS Vita,,,,,,,78.0,,Multiplatform,,False
,Square Enix,Omega Force,Standalone,,,,PS3,,,,,,,78.0,,Multiplatform,,False
,Square Enix,Omega Force,Standalone,,,,PS4,,,,,,,78.0,,Multiplatform,,False
,Square Enix,Omega Force,Standalone,,,,Switch,,,,,,,78.0,,Multiplatform,,False
,Square Enix,Omega Force,Standalone,,,,Theatrhythm Final Fantasy All-Star Carnival,,,,,,,78.0,,Multiplatform,,False
Dragon Quest Heroes II: Twin Kings and the Prophecy's End,Square Enix,Omega Force,Dragon Quest,Action,Turn-Based RPG,2D,PS3,PlayStation,Home Console,2016.0,JP,0.15,,,,Multiplatform,N/A,False
Dragon Quest Heroes II: Twin Kings and the Prophecy's End,Square Enix,Omega Force,Dragon Quest,Action,Turn-Based RPG,2D,PS3,PlayStation,Home Console,2016.0,NA,,,,,Multiplatform,N/A,False
Dragon Quest Heroes II: Twin Kings and the Prophecy's End,Square Enix,Omega Force,Dragon Quest,Action,Turn-Based RPG,2D,PS3,PlayStation,Home Console,2016.0,Other,,,,,Multiplatform,N/A,False
Dragon Quest Heroes II: Twin Kings and the Prophecy's End,Square Enix,Omega Force,Dragon Quest,Action,Turn-Based RPG,2D,PS3,PlayStation,Home Console,2016.0,PAL,,,,,Multiplatform,N/A,False
Dragon Quest Heroes II: Twin Kings and the Prophecy's End,Square Enix,Omega Force,Dragon Quest,Action,Turn-Based RPG,2D,PS4,PlayStation,Home Console,2017.0,JP,0.3,,,,Multiplatform,N/A,False
Dragon Quest Heroes II: Twin Kings and the Prophecy's End,Square Enix,Omega Force,Dragon Quest,Action,Turn-Based RPG,2D,PS4,PlayStation,Home Console,2017.0,NA,0.05,,,,Multiplatform,N/A,False
Dragon Quest Heroes II: Twin Kings and the Prophecy's End,Square Enix,Omega Force,Dragon Quest,Action,Turn-Based RPG,2D,PS4,PlayStation,Home Console,2017.0,Other,0.03,,,,Multiplatform,N/A,False
Dragon Quest Heroes II: Twin Kings and the Prophecy's End,Square Enix,Omega Force,Dragon Quest,Action,Turn-Based RPG,2D,PS4,PlayStation,Home Console,2017.0,PAL,0.09,,,,Multiplatform,N/A,False
Dragon Quest Heroes II: Twin Kings and the Prophecy's End,Square Enix,Omega Force,Dragon Quest,Action,Turn-Based RPG,2D,PSV,Other,Other,2016.0,JP,0.25,,,,Multiplatform,N/A,False
Dragon Quest Heroes II: Twin Kings and the Prophecy's End,Square Enix,Omega Force,Dragon Quest,Action,Turn-Based RPG,2D,PSV,Other,Other,2016.0,NA,,,,,Multiplatform,N/A,False
Dragon Quest Heroes II: Twin Kings and the Prophecy's End,Square Enix,Omega Force,Dragon Quest,Action,Turn-Based RPG,2D,PSV,Other,Other,2016.0,Other,,,,,Multiplatform,N/A,False
Dragon Quest Heroes II: Twin Kings and the Prophecy's End,Square Enix,Omega Force,Dragon Quest,Action,Turn-Based RPG,2D,PSV,Other,Other,2016.0,PAL,,,,,Multiplatform,N/A,False
Dragon Quest Heroes: Rocket Slime,Square Enix,TOSE Software,Dragon Quest,Adventure,Turn-Based RPG,2D,DS,Nintendo,Handheld,2006.0,JP,,,83.0,,Exclusive,Post-Merger,False
Dragon Quest Heroes: Rocket Slime,Square Enix,TOSE Software,Dragon Quest,Adventure,Turn-Based RPG,2D,DS,Nintendo,Handheld,2006.0,NA,,,83.0,,Exclusive,Post-Merger,False
Dragon Quest Heroes: Rocket Slime,Square Enix,TOSE Software,Dragon Quest,Adventure,Turn-Based RPG,2D,DS,Nintendo,Handheld,2006.0,Other,,,83.0,,Exclusive,Post-Merger,False
Dragon Quest Heroes: Rocket Slime,Square Enix,TOSE Software,Dragon Quest,Adventure,Turn-Based RPG,2D,DS,Nintendo,Handheld,2006.0,PAL,,,83.0,,Exclusive,Post-Merger,False
,Square Enix,Omega Force,Standalone,,,,Final Fantasy Type-0 HD,,,,,,,77.0,,Multiplatform,,False
,Square Enix,Omega Force,Standalone,,,,PC,,,,,,,77.0,,Multiplatform,,False
,Square Enix,Omega Force,Standalone,,,,PS3,,,,,,,77.0,,Multiplatform,,False
,Square Enix,Omega Force,Standalone,,,,PS4,,,,,,,77.0,,Multiplatform,,False
,Square Enix,Omega Force,Standalone,,,,Switch,,,,,,,77.0,,Multiplatform,,False
Dragon Quest Heroes: The World's Tree Woe and the Blight Below,Square Enix,Square Enix,Dragon Quest,Action,Turn-Based RPG,2D,PC,PC,PC,2015.0,JP,,,77.0,,Multiplatform,N/A,False
Dragon Quest Heroes: The World's Tree Woe and the Blight Below,Square Enix,Square Enix,Dragon Quest,Action,Turn-Based RPG,2D,PC,PC,PC,2015.0,NA,,,77.0,,Multiplatform,N/A,False
Dragon Quest Heroes: The World's Tree Woe and the Blight Below,Square Enix,Square Enix,Dragon Quest,Action,Turn-Based RPG,2D,PC,PC,PC,2015.0,Other,,,77.0,,Multiplatform,N/A,False
Dragon Quest Heroes: The World's Tree Woe and the Blight Below,Square Enix,Square Enix,Dragon Quest,Action,Turn-Based RPG,2D,PC,PC,PC,2015.0,PAL,,,77.0,,Multiplatform,N/A,False
Dragon Quest Heroes: The World's Tree Woe and the Blight Below,Square Enix,Square Enix,Dragon Quest,Action,Turn-Based RPG,2D,PS3,PlayStation,Home Console,2015.0,JP,0.5,,77.0,,Multiplatform,N/A,False
Dragon Quest Heroes: The World's Tree Woe and the Blight Below,Square Enix,Square Enix,Dragon Quest,Action,Turn-Based RPG,2D,PS3,PlayStation,Home Console,2015.0,NA,,,77.0,,Multiplatform,N/A,False
Dragon Quest Heroes: The World's Tree Woe and the Blight Below,Square Enix,Square Enix,Dragon Quest,Action,Turn-Based RPG,2D,PS3,PlayStation,Home Console,2015.0,Other,,,77.0,,Multiplatform,N/A,False
Dragon Quest Heroes: The World's Tree Woe and the Blight Below,Square Enix,Square Enix,Dragon Quest,Action,Turn-Based RPG,2D,PS3,PlayStation,Home Console,2015.0,PAL,,,77.0,,Multiplatform,N/A,False
Dragon Quest Heroes: The World's Tree Woe and the Blight Below,Square Enix,Square Enix,Dragon Quest,Action,Turn-Based RPG,2D,PS4,PlayStation,Home Console,2015.0,JP,0.39,,77.0,,Multiplatform,N/A,False
Dragon Quest Heroes: The World's Tree Woe and the Blight Below,Square Enix,Square Enix,Dragon Quest,Action,Turn-Based RPG,2D,PS4,PlayStation,Home Console,2015.0,NA,0.21,,77.0,,Multiplatform,N/A,False
Dragon Quest Heroes: The World's Tree Woe and the Blight Below,Square Enix,Square Enix,Dragon Quest,Action,Turn-Based RPG,2D,PS4,PlayStation,Home Console,2015.0,Other,0.07,,77.0,,Multiplatform,N/A,False
Dragon Quest Heroes: The World's Tree Woe and the Blight Below,Square Enix,Square Enix,Dragon Quest,Action,Turn-Based RPG,2D,PS4,PlayStation,Home Console,2015.0,PAL,0.14,,77.0,,Multiplatform,N/A,False
,Square Enix,Rocket Studio,Standalone,,,,Arcade,,,,,,,,,Multiplatform,,False
,Square Enix,Rocket Studio,Standalone,,,,Arcade,,,,,,,,,Multiplatform,,False
,Square Enix,Rocket Studio / Eighting,Standalone,,,,Wii,,,,,,,,,Multiplatform,,False
Dragon Quest Monsters,Square Enix,TOSE,Dragon Quest Monsters,Role-Playing,Turn-Based RPG,2D,Series,Other,Other,2000.0,JP,,,,,Exclusive,N/A,False
Dragon Quest Monsters,Square Enix,TOSE,Dragon Quest Monsters,Role-Playing,Turn-Based RPG,2D,Series,Other,Other,2000.0,NA,,,,,Exclusive,N/A,False
Dragon Quest Monsters,Square Enix,TOSE,Dragon Quest Monsters,Role-Playing,Turn-Based RPG,2D,Series,Other,Other,2000.0,Other,,,,,Exclusive,N/A,False
Dragon Quest Monsters,Square Enix,TOSE,Dragon Quest Monsters,Role-Playing,Turn-Based RPG,2D,Series,Other,Other,2000.0,PAL,,,,,Exclusive,N/A,False
,Enix,Tose,Standalone,,,,Mobile phones,,,,,,,,,Multiplatform,,False
Dragon Quest Monsters 1·2,Enix,TOSE,Dragon Quest Monsters,Role-Playing,Turn-Based RPG,2D,PS1,PlayStation,Home Console,2002.0,JP,0.3,,,,Exclusive,N/A,True
Dragon Quest Monsters 1·2,Enix,TOSE,Dragon Quest Monsters,Role-Playing,Turn-Based RPG,2D,PS1,PlayStation,Home Console,2002.0,NA,,,,,Exclusive,N/A,True
Dragon Quest Monsters 1·2,Enix,TOSE,Dragon Quest Monsters,Role-Playing,Turn-Based RPG,2D,PS1,PlayStation,Home Console,2002.0,Other,0.02,,,,Exclusive,N/A,True
Dragon Quest Monsters 1·2,Enix,TOSE,Dragon Quest Monsters,Role-Playing,Turn-Based RPG,2D,PS1,PlayStation,Home Console,2002.0,PAL,,,,,Exclusive,N/A,True
Dragon Quest Monsters 2,Square Enix,TOSE Software,Dragon Quest Monsters,Role-Playing,Turn-Based RPG,2D,3DS,Nintendo,Handheld,2014.0,JP,0.79,,,,Exclusive,Post-Merger,True
Dragon Quest Monsters 2,Square Enix,TOSE Software,Dragon Quest Monsters,Role-Playing,Turn-Based RPG,2D,3DS,Nintendo,Handheld,2014.0,NA,,,,,Exclusive,Post-Merger,True
Dragon Quest Monsters 2,Square Enix,TOSE Software,Dragon Quest Monsters,Role-Playing,Turn-Based RPG,2D,3DS,Nintendo,Handheld,2014.0,Other,,,,,Exclusive,Post-Merger,True
Dragon Quest Monsters 2,Square Enix,TOSE Software,Dragon Quest Monsters,Role-Playing,Turn-Based RPG,2D,3DS,Nintendo,Handheld,2014.0,PAL,,,,,Exclusive,Post-Merger,True
Dragon Quest Monsters 2: Cobi's Journey,Enix,TOSE Software,Dragon Quest Monsters,Role-Playing,Turn-Based RPG,2D,Game Boy,Nintendo,Handheld,2001.0,JP,,,,,Exclusive,Cold War,False
Dragon Quest Monsters 2: Cobi's Journey,Enix,TOSE Software,Dragon Quest Monsters,Role-Playing,Turn-Based RPG,2D,Game Boy,Nintendo,Handheld,2001.0,NA,,,,,Exclusive,Cold War,False
Dragon Quest Monsters 2: Cobi's Journey,Enix,TOSE Software,Dragon Quest Monsters,Role-Playing,Turn-Based RPG,2D,Game Boy,Nintendo,Handheld,2001.0,Other,,,,,Exclusive,Cold War,False
Dragon Quest Monsters 2: Cobi's Journey,Enix,TOSE Software,Dragon Quest Monsters,Role-Playing,Turn-Based RPG,2D,Game Boy,Nintendo,Handheld,2001.0,PAL,,,,,Exclusive,Cold War,False
Dragon Quest Monsters: Battle Road Victory,Square Enix,Armor Project/Bird Studio,Dragon Quest Monsters,Strategy,Turn-Based RPG,2D,Wii,Nintendo,Home Console,2010.0,JP,0.32,,,,Exclusive,Post-Merger,True
Dragon Quest Monsters: Battle Road Victory,Square Enix,Armor Project/Bird Studio,Dragon Quest Monsters,Strategy,Turn-Based RPG,2D,Wii,Nintendo,Home Console,2010.0,NA,,,,,Exclusive,Post-Merger,True
Dragon Quest Monsters: Battle Road Victory,Square Enix,Armor Project/Bird Studio,Dragon Quest Monsters,Strategy,Turn-Based RPG,2D,Wii,Nintendo,Home Console,2010.0,Other,,,,,Exclusive,Post-Merger,True
Dragon Quest Monsters: Battle Road Victory,Square Enix,Armor Project/Bird Studio,Dragon Quest Monsters,Strategy,Turn-Based RPG,2D,Wii,Nintendo,Home Console,2010.0,PAL,,,,,Exclusive,Post-Merger,True
Dragon Quest Monsters: Battle Road Victory - Senyou Color Code Scanner,Square Enix,Armor Project/Bird Studio,Dragon Quest Monsters,Misc,Turn-Based RPG,2D,DSiW,Other,Other,2010.0,JP,,,,,Exclusive,N/A,False
Dragon Quest Monsters: Battle Road Victory - Senyou Color Code Scanner,Square Enix,Armor Project/Bird Studio,Dragon Quest Monsters,Misc,Turn-Based RPG,2D,DSiW,Other,Other,2010.0,NA,,,,,Exclusive,N/A,False
Dragon Quest Monsters: Battle Road Victory - Senyou Color Code Scanner,Square Enix,Armor Project/Bird Studio,Dragon Quest Monsters,Misc,Turn-Based RPG,2D,DSiW,Other,Other,2010.0,Other,,,,,Exclusive,N/A,False
Dragon Quest Monsters: Battle Road Victory - Senyou Color Code Scanner,Square Enix,Armor Project/Bird Studio,Dragon Quest Monsters,Misc,Turn-Based RPG,2D,DSiW,Other,Other,2010.0,PAL,,,,,Exclusive,N/A,False
,Enix,Tose,Standalone,,,,GBA,,,,,,,,,Multiplatform,,False
Dragon Quest Monsters: Joker,Square Enix,TOSE Software,Dragon Quest Monsters,Role-Playing,Turn-Based RPG,2D,DS,Nintendo,Handheld,2007.0,JP,,,76.0,,Exclusive,Post-Merger,False
Dragon Quest Monsters: Joker,Square Enix,TOSE Software,Dragon Quest Monsters,Role-Playing,Turn-Based RPG,2D,DS,Nintendo,Handheld,2007.0,NA,,,76.0,,Exclusive,Post-Merger,False
Dragon Quest Monsters: Joker,Square Enix,TOSE Software,Dragon Quest Monsters,Role-Playing,Turn-Based RPG,2D,DS,Nintendo,Handheld,2007.0,Other,,,76.0,,Exclusive,Post-Merger,False
Dragon Quest Monsters: Joker,Square Enix,TOSE Software,Dragon Quest Monsters,Role-Playing,Turn-Based RPG,2D,DS,Nintendo,Handheld,2007.0,PAL,,,76.0,,Exclusive,Post-Merger,False
Dragon Quest Monsters: Joker 2 Professional,Square Enix,TOSE Software,Dragon Quest Monsters,Role-Playing,Turn-Based RPG,2D,DS,Nintendo,Handheld,2011.0,JP,0.62,,76,,Exclusive,Post-Merger,True
Dragon Quest Monsters: Joker 2 Professional,Square Enix,TOSE Software,Dragon Quest Monsters,Role-Playing,Turn-Based RPG,2D,DS,Nintendo,Handheld,2011.0,NA,,,76,,Exclusive,Post-Merger,True
Dragon Quest Monsters: Joker 2 Professional,Square Enix,TOSE Software,Dragon Quest Monsters,Role-Playing,Turn-Based RPG,2D,DS,Nintendo,Handheld,2011.0,Other,,,76,,Exclusive,Post-Merger,True
Dragon Quest Monsters: Joker 2 Professional,Square Enix,TOSE Software,Dragon Quest Monsters,Role-Playing,Turn-Based RPG,2D,DS,Nintendo,Handheld,2011.0,PAL,,,76,,Exclusive,Post-Merger,True
,Square Enix,"March 31, 2011",Standalone,,,,Dungeon Siege III,,,,,,,,,Exclusive,,False
Dragon Quest Monsters Joker 3,Square Enix,TOSE,Dragon Quest Monsters,Role-Playing,Turn-Based RPG,2D,3DS,Nintendo,Handheld,2016.0,JP,0.65,,,,Exclusive,Post-Merger,True
Dragon Quest Monsters Joker 3,Square Enix,TOSE,Dragon Quest Monsters,Role-Playing,Turn-Based RPG,2D,3DS,Nintendo,Handheld,2016.0,NA,,,,,Exclusive,Post-Merger,True
Dragon Quest Monsters Joker 3,Square Enix,TOSE,Dragon Quest Monsters,Role-Playing,Turn-Based RPG,2D,3DS,Nintendo,Handheld,2016.0,Other,,,,,Exclusive,Post-Merger,True
Dragon Quest Monsters Joker 3,Square Enix,TOSE,Dragon Quest Monsters,Role-Playing,Turn-Based RPG,2D,3DS,Nintendo,Handheld,2016.0,PAL,,,,,Exclusive,Post-Merger,True
Dragon Quest Monsters: Joker 3 - Professional,Square Enix,Square Enix,Dragon Quest Monsters,Role-Playing,Turn-Based RPG,2D,3DS,Nintendo,Handheld,2017.0,JP,0.2,,,,Exclusive,Post-Merger,True
Dragon Quest Monsters: Joker 3 - Professional,Square Enix,Square Enix,Dragon Quest Monsters,Role-Playing,Turn-Based RPG,2D,3DS,Nintendo,Handheld,2017.0,NA,,,,,Exclusive,Post-Merger,True
Dragon Quest Monsters: Joker 3 - Professional,Square Enix,Square Enix,Dragon Quest Monsters,Role-Playing,Turn-Based RPG,2D,3DS,Nintendo,Handheld,2017.0,Other,,,,,Exclusive,Post-Merger,True
Dragon Quest Monsters: Joker 3 - Professional,Square Enix,Square Enix,Dragon Quest Monsters,Role-Playing,Turn-Based RPG,2D,3DS,Nintendo,Handheld,2017.0,PAL,,,,,Exclusive,Post-Merger,True
Dragon Quest Monsters: Terry's Wonderland 3D,Square Enix,Square Enix,Dragon Quest Monsters,Role-Playing,Turn-Based RPG,2D,3DS,Nintendo,Handheld,2012.0,JP,,,,,Exclusive,Post-Merger,False
Dragon Quest Monsters: Terry's Wonderland 3D,Square Enix,Square Enix,Dragon Quest Monsters,Role-Playing,Turn-Based RPG,2D,3DS,Nintendo,Handheld,2012.0,NA,,,,,Exclusive,Post-Merger,False
Dragon Quest Monsters: Terry's Wonderland 3D,Square Enix,Square Enix,Dragon Quest Monsters,Role-Playing,Turn-Based RPG,2D,3DS,Nintendo,Handheld,2012.0,Other,,,,,Exclusive,Post-Merger,False
Dragon Quest Monsters: Terry's Wonderland 3D,Square Enix,Square Enix,Dragon Quest Monsters,Role-Playing,Turn-Based RPG,2D,3DS,Nintendo,Handheld,2012.0,PAL,,,,,Exclusive,Post-Merger,False
,Square Enix,"December 7, 2023",Standalone,,,,Final Fantasy VII: Ever Crisis,,,,,,,,,Exclusive,,False
,Square Enix,Yes,Standalone,,,,PC,,,,,,,,,Exclusive,,False
,Square Enix,"December 1, 2023",Standalone,,,,Star Ocean: The Second Story R,,,,,,,,,Exclusive,,False
Dragon Quest Monsters: The Dark Prince,Square Enix,Square Enix,Dragon Quest Monsters,Role-Playing,Turn-Based RPG,2D,Switch,Nintendo,Home Console,2023.0,JP,,,74,,Exclusive,Post-Merger,False
Dragon Quest Monsters: The Dark Prince,Square Enix,Square Enix,Dragon Quest Monsters,Role-Playing,Turn-Based RPG,2D,Switch,Nintendo,Home Console,2023.0,NA,,,74,,Exclusive,Post-Merger,False
Dragon Quest Monsters: The Dark Prince,Square Enix,Square Enix,Dragon Quest Monsters,Role-Playing,Turn-Based RPG,2D,Switch,Nintendo,Home Console,2023.0,Other,,,74,,Exclusive,Post-Merger,False
Dragon Quest Monsters: The Dark Prince,Square Enix,Square Enix,Dragon Quest Monsters,Role-Playing,Turn-Based RPG,2D,Switch,Nintendo,Home Console,2023.0,PAL,,,74,,Exclusive,Post-Merger,False
,Square Enix,"February 27, 2018",Standalone,,,,Gravel,,,,,,,,,Multiplatform,,False
,Square Enix,"February 18, 2018",Standalone,,,,Secret of Mana,,,,,,,,,Multiplatform,,False
,Square Enix,Yes,Standalone,,,,Switch,,,,,,,,,Multiplatform,,False
Dragon Quest: Shounen Yangus to Fushigi no Dungeon,Square Enix,Cavia Inc.,Dragon Quest,Role-Playing,Turn-Based RPG,2D,PS2,PlayStation,Home Console,2006.0,JP,,,,,Exclusive,N/A,False
Dragon Quest: Shounen Yangus to Fushigi no Dungeon,Square Enix,Cavia Inc.,Dragon Quest,Role-Playing,Turn-Based RPG,2D,PS2,PlayStation,Home Console,2006.0,NA,,,,,Exclusive,N/A,False
Dragon Quest: Shounen Yangus to Fushigi no Dungeon,Square Enix,Cavia Inc.,Dragon Quest,Role-Playing,Turn-Based RPG,2D,PS2,PlayStation,Home Console,2006.0,Other,,,,,Exclusive,N/A,False
Dragon Quest: Shounen Yangus to Fushigi no Dungeon,Square Enix,Cavia Inc.,Dragon Quest,Role-Playing,Turn-Based RPG,2D,PS2,PlayStation,Home Console,2006.0,PAL,,,,,Exclusive,N/A,False
Dragon Quest Swords: The Masked Queen and the Tower of Mirrors,Square Enix,Genius Sonority Inc./Eighting,Dragon Quest,Role-Playing,Turn-Based RPG,2D,Wii,Nintendo,Home Console,2008.0,JP,,,,,Exclusive,Post-Merger,False
Dragon Quest Swords: The Masked Queen and the Tower of Mirrors,Square Enix,Genius Sonority Inc./Eighting,Dragon Quest,Role-Playing,Turn-Based RPG,2D,Wii,Nintendo,Home Console,2008.0,NA,,,,,Exclusive,Post-Merger,False
Dragon Quest Swords: The Masked Queen and the Tower of Mirrors,Square Enix,Genius Sonority Inc./Eighting,Dragon Quest,Role-Playing,Turn-Based RPG,2D,Wii,Nintendo,Home Console,2008.0,Other,,,,,Exclusive,Post-Merger,False
Dragon Quest Swords: The Masked Queen and the Tower of Mirrors,Square Enix,Genius Sonority Inc./Eighting,Dragon Quest,Role-Playing,Turn-Based RPG,2D,Wii,Nintendo,Home Console,2008.0,PAL,,,,,Exclusive,Post-Merger,False
,Square Enix,Game Studio / Kai Graphics,Standalone,,,,PC,,,,,,,,,Multiplatform,,False
,Square Enix,Game Studio / Kai Graphics,Standalone,,,,PS4,,,,,,,,,Multiplatform,,False
,Square Enix,Game Studio / Kai Graphics,Standalone,,,,PS5,,,,,,,,,Multiplatform,,False
,Square Enix,Game Studio / Kai Graphics,Standalone,,,,Star Ocean: The Second Story R,,,,,,,,,Multiplatform,,False
,Square Enix,Game Studio / Kai Graphics,Standalone,,,,Switch,,,,,,,,,Multiplatform,,False
,Square Enix,Game Studio / Kai Graphics,Standalone,,,,Xbox Series X/S,,,,,,,,,Multiplatform,,False
,Square Enix,Intelligent Systems,Standalone,,,,DS,,,,,,,73.0,,Exclusive,,False
Dragon Quest Wars,Square Enix,Intelligent Systems,Dragon Quest,Strategy,Turn-Based RPG,2D,DSiW,Other,Other,2009.0,JP,,,85.0,,Exclusive,N/A,False
Dragon Quest Wars,Square Enix,Intelligent Systems,Dragon Quest,Strategy,Turn-Based RPG,2D,DSiW,Other,Other,2009.0,NA,,,85.0,,Exclusive,N/A,False
Dragon Quest Wars,Square Enix,Intelligent Systems,Dragon Quest,Strategy,Turn-Based RPG,2D,DSiW,Other,Other,2009.0,Other,,,85.0,,Exclusive,N/A,False
Dragon Quest Wars,Square Enix,Intelligent Systems,Dragon Quest,Strategy,Turn-Based RPG,2D,DSiW,Other,Other,2009.0,PAL,,,85.0,,Exclusive,N/A,False
,Square Enix,Cavia,Standalone,,,,PS2,,,,,,,,,Multiplatform,,False
,Squaresoft,Nihon Falcom,Standalone,,,,MSX; PC-9801,,,,,,,,,Multiplatform,,False
,Enix,"January 29, 1994",Standalone,,,,Brain Lord,,,,,,,,,Multiplatform,,False
,Enix,Tose,Standalone,,,,GBC,,,,,,,,,Multiplatform,,False
,Enix,Chunsoft,Standalone,,,,SNES,,,,,,,,,Multiplatform,,False
Dragon Warrior I&II,Enix,TOSE,Dragon Quest,Role-Playing,Turn-Based RPG,2D,Game Boy,Nintendo,Handheld,2000.0,JP,0.77,,,,Exclusive,Cold War,True
Dragon Warrior I&II,Enix,TOSE,Dragon Quest,Role-Playing,Turn-Based RPG,2D,Game Boy,Nintendo,Handheld,2000.0,NA,,,,,Exclusive,Cold War,True
Dragon Warrior I&II,Enix,TOSE,Dragon Quest,Role-Playing,Turn-Based RPG,2D,Game Boy,Nintendo,Handheld,2000.0,Other,,,,,Exclusive,Cold War,True
Dragon Warrior I&II,Enix,TOSE,Dragon Quest,Role-Playing,Turn-Based RPG,2D,Game Boy,Nintendo,Handheld,2000.0,PAL,,,,,Exclusive,Cold War,True
,Enix,Tose,Standalone,,,,GBC,,,,,,,,,Multiplatform,,False
,Enix,Tose,Standalone,,,,GBC,,,,,,,,,Multiplatform,,False
,Enix,Tose,Standalone,,,,GBC,,,,,,,,,Exclusive,,False
Dragon Warrior Monsters 2: Tara's Adventure,Enix,TOSE Software,Dragon Quest,Role-Playing,Turn-Based RPG,2D,Game Boy,Nintendo,Handheld,2001.0,JP,0.4,,,,Exclusive,Cold War,True
Dragon Warrior Monsters 2: Tara's Adventure,Enix,TOSE Software,Dragon Quest,Role-Playing,Turn-Based RPG,2D,Game Boy,Nintendo,Handheld,2001.0,NA,,,,,Exclusive,Cold War,True
Dragon Warrior Monsters 2: Tara's Adventure,Enix,TOSE Software,Dragon Quest,Role-Playing,Turn-Based RPG,2D,Game Boy,Nintendo,Handheld,2001.0,Other,,,,,Exclusive,Cold War,True
Dragon Warrior Monsters 2: Tara's Adventure,Enix,TOSE Software,Dragon Quest,Role-Playing,Turn-Based RPG,2D,Game Boy,Nintendo,Handheld,2001.0,PAL,,,,,Exclusive,Cold War,True
DragonQuest,Enix,Simulations Publications,Standalone,Role-Playing,,Unknown,All,Other,Other,1986.0,JP,,,,,Exclusive,N/A,False
DragonQuest,Enix,Simulations Publications,Standalone,Role-Playing,,Unknown,All,Other,Other,1986.0,NA,,,,,Exclusive,N/A,False
DragonQuest,Enix,Simulations Publications,Standalone,Role-Playing,,Unknown,All,Other,Other,1986.0,Other,,,,,Exclusive,N/A,False
DragonQuest,Enix,Simulations Publications,Standalone,Role-Playing,,Unknown,All,Other,Other,1986.0,PAL,,,,,Exclusive,N/A,False
Drakengard,Square Enix,Cavia Inc.,Drakengard / Nier,Role-Playing,Action RPG,Unknown,PS2,PlayStation,Home Console,2004.0,JP,,,67,,Exclusive,N/A,False
Drakengard,Square Enix,Cavia Inc.,Drakengard / Nier,Role-Playing,Action RPG,Unknown,PS2,PlayStation,Home Console,2004.0,NA,,,67,,Exclusive,N/A,False
Drakengard,Square Enix,Cavia Inc.,Drakengard / Nier,Role-Playing,Action RPG,Unknown,PS2,PlayStation,Home Console,2004.0,Other,,,67,,Exclusive,N/A,False
Drakengard,Square Enix,Cavia Inc.,Drakengard / Nier,Role-Playing,Action RPG,Unknown,PS2,PlayStation,Home Console,2004.0,PAL,,,67,,Exclusive,N/A,False
,Square Enix,Cavia,Standalone,,,,PS2,,,,,,,,,Multiplatform,,False
,Square Enix,"December 19, 2013",Standalone,,,,Lightning Returns: Final Fantasy XIII,,,,,,,,,Exclusive,,False
Drakengard 3,Square Enix,Unknown,Drakengard / Nier,Action-Adventure,Action RPG,Unknown,PS3,PlayStation,Home Console,2014.0,JP,0.19,,61,,Exclusive,N/A,False
Drakengard 3,Square Enix,Unknown,Drakengard / Nier,Action-Adventure,Action RPG,Unknown,PS3,PlayStation,Home Console,2014.0,NA,0.11,,61,,Exclusive,N/A,False
Drakengard 3,Square Enix,Unknown,Drakengard / Nier,Action-Adventure,Action RPG,Unknown,PS3,PlayStation,Home Console,2014.0,Other,0.02,,61,,Exclusive,N/A,False
Drakengard 3,Square Enix,Unknown,Drakengard / Nier,Action-Adventure,Action RPG,Unknown,PS3,PlayStation,Home Console,2014.0,PAL,,,61,,Exclusive,N/A,False
Dramatic Soccer Game: Nippon Daihyou Senshu Ninarou!,Enix,Enix,Standalone,Sports,,Unknown,PS2,PlayStation,Home Console,2002.0,JP,0.04,,,,Exclusive,N/A,True
Dramatic Soccer Game: Nippon Daihyou Senshu Ninarou!,Enix,Enix,Standalone,Sports,,Unknown,PS2,PlayStation,Home Console,2002.0,NA,,,,,Exclusive,N/A,True
Dramatic Soccer Game: Nippon Daihyou Senshu Ninarou!,Enix,Enix,Standalone,Sports,,Unknown,PS2,PlayStation,Home Console,2002.0,Other,,,,,Exclusive,N/A,True
Dramatic Soccer Game: Nippon Daihyou Senshu Ninarou!,Enix,Enix,Standalone,Sports,,Unknown,PS2,PlayStation,Home Console,2002.0,PAL,,,,,Exclusive,N/A,True
Driving Emotion Type-S,Squaresoft,Escape,Standalone,Racing,,Unknown,PS2,PlayStation,Home Console,2001.0,JP,0.11,,,,Exclusive,N/A,False
Driving Emotion Type-S,Squaresoft,Escape,Standalone,Racing,,Unknown,PS2,PlayStation,Home Console,2001.0,NA,0.04,,,,Exclusive,N/A,False
Driving Emotion Type-S,Squaresoft,Escape,Standalone,Racing,,Unknown,PS2,PlayStation,Home Console,2001.0,Other,0.01,,,,Exclusive,N/A,False
Driving Emotion Type-S,Squaresoft,Escape,Standalone,Racing,,Unknown,PS2,PlayStation,Home Console,2001.0,PAL,0.03,,,,Exclusive,N/A,False
DS:Style Series: Anata Dake no Private Lesson - DS de Hajimeru - Tipness no Yoga,Square Enix,Square Enix,Standalone,Sports,,Unknown,DS,Nintendo,Handheld,2007.0,JP,,,,,Exclusive,Post-Merger,False
DS:Style Series: Anata Dake no Private Lesson - DS de Hajimeru - Tipness no Yoga,Square Enix,Square Enix,Standalone,Sports,,Unknown,DS,Nintendo,Handheld,2007.0,NA,,,,,Exclusive,Post-Merger,False
DS:Style Series: Anata Dake no Private Lesson - DS de Hajimeru - Tipness no Yoga,Square Enix,Square Enix,Standalone,Sports,,Unknown,DS,Nintendo,Handheld,2007.0,Other,,,,,Exclusive,Post-Merger,False
DS:Style Series: Anata Dake no Private Lesson - DS de Hajimeru - Tipness no Yoga,Square Enix,Square Enix,Standalone,Sports,,Unknown,DS,Nintendo,Handheld,2007.0,PAL,,,,,Exclusive,Post-Merger,False
DS:Style Series: Anata mo DS de Classic Kiite Mimasenka?,Square Enix,iNiS,Standalone,Misc,,Unknown,DS,Nintendo,Handheld,2007.0,JP,,,,,Exclusive,Post-Merger,False
DS:Style Series: Anata mo DS de Classic Kiite Mimasenka?,Square Enix,iNiS,Standalone,Misc,,Unknown,DS,Nintendo,Handheld,2007.0,NA,,,,,Exclusive,Post-Merger,False
DS:Style Series: Anata mo DS de Classic Kiite Mimasenka?,Square Enix,iNiS,Standalone,Misc,,Unknown,DS,Nintendo,Handheld,2007.0,Other,,,,,Exclusive,Post-Merger,False
DS:Style Series: Anata mo DS de Classic Kiite Mimasenka?,Square Enix,iNiS,Standalone,Misc,,Unknown,DS,Nintendo,Handheld,2007.0,PAL,,,,,Exclusive,Post-Merger,False
DS:Style Series: Chikyuu no Arukikata DS - France-Hen,Square Enix,Will,Standalone,Misc,,Unknown,DS,Nintendo,Handheld,2007.0,JP,,,,,Exclusive,Post-Merger,False
DS:Style Series: Chikyuu no Arukikata DS - France-Hen,Square Enix,Will,Standalone,Misc,,Unknown,DS,Nintendo,Handheld,2007.0,NA,,,,,Exclusive,Post-Merger,False
DS:Style Series: Chikyuu no Arukikata DS - France-Hen,Square Enix,Will,Standalone,Misc,,Unknown,DS,Nintendo,Handheld,2007.0,Other,,,,,Exclusive,Post-Merger,False
DS:Style Series: Chikyuu no Arukikata DS - France-Hen,Square Enix,Will,Standalone,Misc,,Unknown,DS,Nintendo,Handheld,2007.0,PAL,,,,,Exclusive,Post-Merger,False
DS:Style Series: Chikyuu no Arukikata DS - Hawaii-Hen,Square Enix,Will,Standalone,Misc,,Unknown,DS,Nintendo,Handheld,2007.0,JP,,,,,Exclusive,Post-Merger,False
DS:Style Series: Chikyuu no Arukikata DS - Hawaii-Hen,Square Enix,Will,Standalone,Misc,,Unknown,DS,Nintendo,Handheld,2007.0,NA,,,,,Exclusive,Post-Merger,False
DS:Style Series: Chikyuu no Arukikata DS - Hawaii-Hen,Square Enix,Will,Standalone,Misc,,Unknown,DS,Nintendo,Handheld,2007.0,Other,,,,,Exclusive,Post-Merger,False
DS:Style Series: Chikyuu no Arukikata DS - Hawaii-Hen,Square Enix,Will,Standalone,Misc,,Unknown,DS,Nintendo,Handheld,2007.0,PAL,,,,,Exclusive,Post-Merger,False
DS:Style Series: Chikyuu no Arukikata DS - Hong Kong-Hen,Square Enix,Will,Standalone,Misc,,Unknown,DS,Nintendo,Handheld,2007.0,JP,,,,,Exclusive,Post-Merger,False
DS:Style Series: Chikyuu no Arukikata DS - Hong Kong-Hen,Square Enix,Will,Standalone,Misc,,Unknown,DS,Nintendo,Handheld,2007.0,NA,,,,,Exclusive,Post-Merger,False
DS:Style Series: Chikyuu no Arukikata DS - Hong Kong-Hen,Square Enix,Will,Standalone,Misc,,Unknown,DS,Nintendo,Handheld,2007.0,Other,,,,,Exclusive,Post-Merger,False
DS:Style Series: Chikyuu no Arukikata DS - Hong Kong-Hen,Square Enix,Will,Standalone,Misc,,Unknown,DS,Nintendo,Handheld,2007.0,PAL,,,,,Exclusive,Post-Merger,False
DS:Style Series: Chikyuu no Arukikata DS - Igirisu-Hen,Square Enix,Will,Standalone,Misc,,Unknown,DS,Nintendo,Handheld,2007.0,JP,,,,,Exclusive,Post-Merger,False
DS:Style Series: Chikyuu no Arukikata DS - Igirisu-Hen,Square Enix,Will,Standalone,Misc,,Unknown,DS,Nintendo,Handheld,2007.0,NA,,,,,Exclusive,Post-Merger,False
DS:Style Series: Chikyuu no Arukikata DS - Igirisu-Hen,Square Enix,Will,Standalone,Misc,,Unknown,DS,Nintendo,Handheld,2007.0,Other,,,,,Exclusive,Post-Merger,False
DS:Style Series: Chikyuu no Arukikata DS - Igirisu-Hen,Square Enix,Will,Standalone,Misc,,Unknown,DS,Nintendo,Handheld,2007.0,PAL,,,,,Exclusive,Post-Merger,False
DS:Style Series: Chikyuu no Arukikata DS - Italia-Hen,Square Enix,Will,Standalone,Misc,,Unknown,DS,Nintendo,Handheld,2007.0,JP,,,,,Exclusive,Post-Merger,False
DS:Style Series: Chikyuu no Arukikata DS - Italia-Hen,Square Enix,Will,Standalone,Misc,,Unknown,DS,Nintendo,Handheld,2007.0,NA,,,,,Exclusive,Post-Merger,False
DS:Style Series: Chikyuu no Arukikata DS - Italia-Hen,Square Enix,Will,Standalone,Misc,,Unknown,DS,Nintendo,Handheld,2007.0,Other,,,,,Exclusive,Post-Merger,False
DS:Style Series: Chikyuu no Arukikata DS - Italia-Hen,Square Enix,Will,Standalone,Misc,,Unknown,DS,Nintendo,Handheld,2007.0,PAL,,,,,Exclusive,Post-Merger,False
DS:Style Series: Chikyuu no Arukikata DS - New York-Hen,Square Enix,Will,Standalone,Misc,,Unknown,DS,Nintendo,Handheld,2007.0,JP,,,,,Exclusive,Post-Merger,False
DS:Style Series: Chikyuu no Arukikata DS - New York-Hen,Square Enix,Will,Standalone,Misc,,Unknown,DS,Nintendo,Handheld,2007.0,NA,,,,,Exclusive,Post-Merger,False
DS:Style Series: Chikyuu no Arukikata DS - New York-Hen,Square Enix,Will,Standalone,Misc,,Unknown,DS,Nintendo,Handheld,2007.0,Other,,,,,Exclusive,Post-Merger,False
DS:Style Series: Chikyuu no Arukikata DS - New York-Hen,Square Enix,Will,Standalone,Misc,,Unknown,DS,Nintendo,Handheld,2007.0,PAL,,,,,Exclusive,Post-Merger,False
DS:Style Series: Chikyuu no Arukikata DS - Seoul - Busan-Hen,Square Enix,Will,Standalone,Misc,,Unknown,DS,Nintendo,Handheld,2007.0,JP,,,,,Exclusive,Post-Merger,False
DS:Style Series: Chikyuu no Arukikata DS - Seoul - Busan-Hen,Square Enix,Will,Standalone,Misc,,Unknown,DS,Nintendo,Handheld,2007.0,NA,,,,,Exclusive,Post-Merger,False
DS:Style Series: Chikyuu no Arukikata DS - Seoul - Busan-Hen,Square Enix,Will,Standalone,Misc,,Unknown,DS,Nintendo,Handheld,2007.0,Other,,,,,Exclusive,Post-Merger,False
DS:Style Series: Chikyuu no Arukikata DS - Seoul - Busan-Hen,Square Enix,Will,Standalone,Misc,,Unknown,DS,Nintendo,Handheld,2007.0,PAL,,,,,Exclusive,Post-Merger,False
DS:Style Series: Chikyuu no Arukikata DS - Shanghai-Hen,Square Enix,Will,Standalone,Misc,,Unknown,DS,Nintendo,Handheld,2007.0,JP,,,,,Exclusive,Post-Merger,False
DS:Style Series: Chikyuu no Arukikata DS - Shanghai-Hen,Square Enix,Will,Standalone,Misc,,Unknown,DS,Nintendo,Handheld,2007.0,NA,,,,,Exclusive,Post-Merger,False
DS:Style Series: Chikyuu no Arukikata DS - Shanghai-Hen,Square Enix,Will,Standalone,Misc,,Unknown,DS,Nintendo,Handheld,2007.0,Other,,,,,Exclusive,Post-Merger,False
DS:Style Series: Chikyuu no Arukikata DS - Shanghai-Hen,Square Enix,Will,Standalone,Misc,,Unknown,DS,Nintendo,Handheld,2007.0,PAL,,,,,Exclusive,Post-Merger,False
DS:Style Series: Chikyuu no Arukikata DS - Taiwan-Hen,Square Enix,Will,Standalone,Misc,,Unknown,DS,Nintendo,Handheld,2007.0,JP,,,,,Exclusive,Post-Merger,False
DS:Style Series: Chikyuu no Arukikata DS - Taiwan-Hen,Square Enix,Will,Standalone,Misc,,Unknown,DS,Nintendo,Handheld,2007.0,NA,,,,,Exclusive,Post-Merger,False
DS:Style Series: Chikyuu no Arukikata DS - Taiwan-Hen,Square Enix,Will,Standalone,Misc,,Unknown,DS,Nintendo,Handheld,2007.0,Other,,,,,Exclusive,Post-Merger,False
DS:Style Series: Chikyuu no Arukikata DS - Taiwan-Hen,Square Enix,Will,Standalone,Misc,,Unknown,DS,Nintendo,Handheld,2007.0,PAL,,,,,Exclusive,Post-Merger,False
DS:Style Series: Chikyuu no Arukikata DS - Thai-Hen,Square Enix,Will,Standalone,Misc,,Unknown,DS,Nintendo,Handheld,2007.0,JP,,,,,Exclusive,Post-Merger,False
DS:Style Series: Chikyuu no Arukikata DS - Thai-Hen,Square Enix,Will,Standalone,Misc,,Unknown,DS,Nintendo,Handheld,2007.0,NA,,,,,Exclusive,Post-Merger,False
DS:Style Series: Chikyuu no Arukikata DS - Thai-Hen,Square Enix,Will,Standalone,Misc,,Unknown,DS,Nintendo,Handheld,2007.0,Other,,,,,Exclusive,Post-Merger,False
DS:Style Series: Chikyuu no Arukikata DS - Thai-Hen,Square Enix,Will,Standalone,Misc,,Unknown,DS,Nintendo,Handheld,2007.0,PAL,,,,,Exclusive,Post-Merger,False
DS:Style Series: Hana Saku DS Gardening Life,Square Enix,Elements,Standalone,Misc,,Unknown,DS,Nintendo,Handheld,2007.0,JP,,,,,Exclusive,Post-Merger,False
DS:Style Series: Hana Saku DS Gardening Life,Square Enix,Elements,Standalone,Misc,,Unknown,DS,Nintendo,Handheld,2007.0,NA,,,,,Exclusive,Post-Merger,False
DS:Style Series: Hana Saku DS Gardening Life,Square Enix,Elements,Standalone,Misc,,Unknown,DS,Nintendo,Handheld,2007.0,Other,,,,,Exclusive,Post-Merger,False
DS:Style Series: Hana Saku DS Gardening Life,Square Enix,Elements,Standalone,Misc,,Unknown,DS,Nintendo,Handheld,2007.0,PAL,,,,,Exclusive,Post-Merger,False
Dungeon Land,Enix,Random House,Standalone,Misc,,Unknown,Game Boy,Nintendo,Handheld,1992.0,JP,,,,,Exclusive,Pre-Split,False
Dungeon Land,Enix,Random House,Standalone,Misc,,Unknown,Game Boy,Nintendo,Handheld,1992.0,NA,,,,,Exclusive,Pre-Split,False
Dungeon Land,Enix,Random House,Standalone,Misc,,Unknown,Game Boy,Nintendo,Handheld,1992.0,Other,,,,,Exclusive,Pre-Split,False
Dungeon Land,Enix,Random House,Standalone,Misc,,Unknown,Game Boy,Nintendo,Handheld,1992.0,PAL,,,,,Exclusive,Pre-Split,False
Dungeon Siege III,Square Enix,Obsidian Entertainment,Standalone,Role-Playing,,Unknown,All,Other,Other,2011.0,JP,,,,,Multiplatform,N/A,False
Dungeon Siege III,Square Enix,Obsidian Entertainment,Standalone,Role-Playing,,Unknown,All,Other,Other,2011.0,NA,,,,,Multiplatform,N/A,False
Dungeon Siege III,Square Enix,Obsidian Entertainment,Standalone,Role-Playing,,Unknown,All,Other,Other,2011.0,Other,,,,,Multiplatform,N/A,False
Dungeon Siege III,Square Enix,Obsidian Entertainment,Standalone,Role-Playing,,Unknown,All,Other,Other,2011.0,PAL,,,,,Multiplatform,N/A,False
Dungeon Siege III,Square Enix,Obsidian Entertainment,Standalone,Role-Playing,,Unknown,PC,PC,PC,2011.0,JP,,,73.0,,Multiplatform,N/A,False
Dungeon Siege III,Square Enix,Obsidian Entertainment,Standalone,Role-Playing,,Unknown,PC,PC,PC,2011.0,NA,,,73.0,,Multiplatform,N/A,False
Dungeon Siege III,Square Enix,Obsidian Entertainment,Standalone,Role-Playing,,Unknown,PC,PC,PC,2011.0,Other,,,73.0,,Multiplatform,N/A,False
Dungeon Siege III,Square Enix,Obsidian Entertainment,Standalone,Role-Playing,,Unknown,PC,PC,PC,2011.0,PAL,,,73.0,,Multiplatform,N/A,False
Dungeon Siege III,Square Enix,Obsidian Entertainment,Standalone,Role-Playing,,Unknown,PS3,PlayStation,Home Console,2011.0,JP,0.03,,73.0,,Multiplatform,N/A,False
Dungeon Siege III,Square Enix,Obsidian Entertainment,Standalone,Role-Playing,,Unknown,PS3,PlayStation,Home Console,2011.0,NA,0.17,,73.0,,Multiplatform,N/A,False
Dungeon Siege III,Square Enix,Obsidian Entertainment,Standalone,Role-Playing,,Unknown,PS3,PlayStation,Home Console,2011.0,Other,0.06,,73.0,,Multiplatform,N/A,False
Dungeon Siege III,Square Enix,Obsidian Entertainment,Standalone,Role-Playing,,Unknown,PS3,PlayStation,Home Console,2011.0,PAL,0.13,,73.0,,Multiplatform,N/A,False
Dungeon Siege III,Square Enix,Obsidian Entertainment,Standalone,Role-Playing,,Unknown,Xbox 360,Microsoft,Home Console,2011.0,JP,0.01,,72.0,,Multiplatform,N/A,False
Dungeon Siege III,Square Enix,Obsidian Entertainment,Standalone,Role-Playing,,Unknown,Xbox 360,Microsoft,Home Console,2011.0,NA,0.21,,72.0,,Multiplatform,N/A,False
Dungeon Siege III,Square Enix,Obsidian Entertainment,Standalone,Role-Playing,,Unknown,Xbox 360,Microsoft,Home Console,2011.0,Other,0.03,,72.0,,Multiplatform,N/A,False
Dungeon Siege III,Square Enix,Obsidian Entertainment,Standalone,Role-Playing,,Unknown,Xbox 360,Microsoft,Home Console,2011.0,PAL,0.12,,72.0,,Multiplatform,N/A,False
Dungeon Siege III: Treasures of the Sun,Square Enix,Obsidian Entertainment,Standalone,Role-Playing,,Unknown,PC,PC,PC,2011.0,JP,,,,,Multiplatform,N/A,False
Dungeon Siege III: Treasures of the Sun,Square Enix,Obsidian Entertainment,Standalone,Role-Playing,,Unknown,PC,PC,PC,2011.0,NA,,,,,Multiplatform,N/A,False
Dungeon Siege III: Treasures of the Sun,Square Enix,Obsidian Entertainment,Standalone,Role-Playing,,Unknown,PC,PC,PC,2011.0,Other,,,,,Multiplatform,N/A,False
Dungeon Siege III: Treasures of the Sun,Square Enix,Obsidian Entertainment,Standalone,Role-Playing,,Unknown,PC,PC,PC,2011.0,PAL,,,,,Multiplatform,N/A,False
Dungeon Siege III: Treasures of the Sun,Square Enix,Obsidian Entertainment,Standalone,Role-Playing,,Unknown,PS3,PlayStation,Home Console,2011.0,JP,,,,,Multiplatform,N/A,False
Dungeon Siege III: Treasures of the Sun,Square Enix,Obsidian Entertainment,Standalone,Role-Playing,,Unknown,PS3,PlayStation,Home Console,2011.0,NA,,,,,Multiplatform,N/A,False
Dungeon Siege III: Treasures of the Sun,Square Enix,Obsidian Entertainment,Standalone,Role-Playing,,Unknown,PS3,PlayStation,Home Console,2011.0,Other,,,,,Multiplatform,N/A,False
Dungeon Siege III: Treasures of the Sun,Square Enix,Obsidian Entertainment,Standalone,Role-Playing,,Unknown,PS3,PlayStation,Home Console,2011.0,PAL,,,,,Multiplatform,N/A,False
Dungeon Siege III: Treasures of the Sun,Square Enix,Obsidian Entertainment,Standalone,Role-Playing,,Unknown,Xbox 360,Microsoft,Home Console,2011.0,JP,,,,,Multiplatform,N/A,False
Dungeon Siege III: Treasures of the Sun,Square Enix,Obsidian Entertainment,Standalone,Role-Playing,,Unknown,Xbox 360,Microsoft,Home Console,2011.0,NA,,,,,Multiplatform,N/A,False
Dungeon Siege III: Treasures of the Sun,Square Enix,Obsidian Entertainment,Standalone,Role-Playing,,Unknown,Xbox 360,Microsoft,Home Console,2011.0,Other,,,,,Multiplatform,N/A,False
Dungeon Siege III: Treasures of the Sun,Square Enix,Obsidian Entertainment,Standalone,Role-Playing,,Unknown,Xbox 360,Microsoft,Home Console,2011.0,PAL,,,,,Multiplatform,N/A,False
D-Unit Drift Racing,Square Enix,Phoenix Games,Standalone,Racing,,Unknown,PS2,PlayStation,Home Console,2006.0,JP,,,,,Exclusive,N/A,False
D-Unit Drift Racing,Square Enix,Phoenix Games,Standalone,Racing,,Unknown,PS2,PlayStation,Home Console,2006.0,NA,,,,,Exclusive,N/A,False
D-Unit Drift Racing,Square Enix,Phoenix Games,Standalone,Racing,,Unknown,PS2,PlayStation,Home Console,2006.0,Other,,,,,Exclusive,N/A,False
D-Unit Drift Racing,Square Enix,Phoenix Games,Standalone,Racing,,Unknown,PS2,PlayStation,Home Console,2006.0,PAL,,,,,Exclusive,N/A,False
,Squaresoft,Square,Standalone,,,,Satellaview,,,,,,,,,Multiplatform,,False
DynamiTracer (Satellaview),Squaresoft,Square,Standalone,Adventure,,Unknown,SNES,Nintendo,Home Console,1996.0,JP,,,,,Exclusive,Pre-Split,False
DynamiTracer (Satellaview),Squaresoft,Square,Standalone,Adventure,,Unknown,SNES,Nintendo,Home Console,1996.0,NA,,,,,Exclusive,Pre-Split,False
DynamiTracer (Satellaview),Squaresoft,Square,Standalone,Adventure,,Unknown,SNES,Nintendo,Home Console,1996.0,Other,,,,,Exclusive,Pre-Split,False
DynamiTracer (Satellaview),Squaresoft,Square,Standalone,Adventure,,Unknown,SNES,Nintendo,Home Console,1996.0,PAL,,,,,Exclusive,Pre-Split,False
E.V.O.: Search for Eden,Enix,Almanic Corp.,Standalone,Simulation,,Unknown,SNES,Nintendo,Home Console,1993.0,JP,,,,,Exclusive,Pre-Split,False
E.V.O.: Search for Eden,Enix,Almanic Corp.,Standalone,Simulation,,Unknown,SNES,Nintendo,Home Console,1993.0,NA,,,,,Exclusive,Pre-Split,False
E.V.O.: Search for Eden,Enix,Almanic Corp.,Standalone,Simulation,,Unknown,SNES,Nintendo,Home Console,1993.0,Other,,,,,Exclusive,Pre-Split,False
E.V.O.: Search for Eden,Enix,Almanic Corp.,Standalone,Simulation,,Unknown,SNES,Nintendo,Home Console,1993.0,PAL,,,,,Exclusive,Pre-Split,False
,Square Enix,Neverland,Standalone,,,,DS,,,,,,,,,Multiplatform,,False
,Enix,Rhythm and Hues Studios,Standalone,,,,PS1,,,,,,,,,Multiplatform,,False
Ehrgeiz,Squaresoft,DreamFactory,Standalone,Fighting,,3D,PS1,PlayStation,Home Console,1999.0,JP,,,67.0,,Timed Exclusive,N/A,False
Ehrgeiz,Squaresoft,DreamFactory,Standalone,Fighting,,3D,PS1,PlayStation,Home Console,1999.0,NA,0.17,,67.0,,Timed Exclusive,N/A,False
Ehrgeiz,Squaresoft,DreamFactory,Standalone,Fighting,,3D,PS1,PlayStation,Home Console,1999.0,Other,0.02,,67.0,,Timed Exclusive,N/A,False
Ehrgeiz,Squaresoft,DreamFactory,Standalone,Fighting,,3D,PS1,PlayStation,Home Console,1999.0,PAL,0.12,,67.0,,Timed Exclusive,N/A,False
Ehrgeiz,Square Enix,DreamFactory,Standalone,Fighting,,3D,PSN,Other,Other,2008.0,JP,,,,,Timed Exclusive,N/A,False
Ehrgeiz,Square Enix,DreamFactory,Standalone,Fighting,,3D,PSN,Other,Other,2008.0,NA,,,,,Timed Exclusive,N/A,False
Ehrgeiz,Square Enix,DreamFactory,Standalone,Fighting,,3D,PSN,Other,Other,2008.0,Other,,,,,Timed Exclusive,N/A,False
Ehrgeiz,Square Enix,DreamFactory,Standalone,Fighting,,3D,PSN,Other,Other,2008.0,PAL,,,,,Timed Exclusive,N/A,False
,Squaresoft,Square,Standalone,,,,PS1,,,,,,,,,Exclusive,,False
Einhänder,Square Enix,SquareSoft,Standalone,Shooter,,Unknown,PSN,Other,Other,2008.0,JP,,,,,Exclusive,N/A,False
Einhänder,Square Enix,SquareSoft,Standalone,Shooter,,Unknown,PSN,Other,Other,2008.0,NA,,,,,Exclusive,N/A,False
Einhänder,Square Enix,SquareSoft,Standalone,Shooter,,Unknown,PSN,Other,Other,2008.0,Other,,,,,Exclusive,N/A,False
Einhänder,Square Enix,SquareSoft,Standalone,Shooter,,Unknown,PSN,Other,Other,2008.0,PAL,,,,,Exclusive,N/A,False
Elevator Action Deluxe,Square Enix,Square Enix,Standalone,Platform,,Unknown,PSN,Other,Other,2011.0,JP,,,40.0,,Exclusive,N/A,False
Elevator Action Deluxe,Square Enix,Square Enix,Standalone,Platform,,Unknown,PSN,Other,Other,2011.0,NA,,,40.0,,Exclusive,N/A,False
Elevator Action Deluxe,Square Enix,Square Enix,Standalone,Platform,,Unknown,PSN,Other,Other,2011.0,Other,,,40.0,,Exclusive,N/A,False
Elevator Action Deluxe,Square Enix,Square Enix,Standalone,Platform,,Unknown,PSN,Other,Other,2011.0,PAL,,,40.0,,Exclusive,N/A,False
,Square Enix,"November 14, 2024",Standalone,,,,Dragon Quest III HD-2D Remake,,,,,,,,,Multiplatform,,False
Endnesia,Enix,Vanpool,Standalone,Role-Playing,,Unknown,PS2,PlayStation,Home Console,2001.0,JP,,,,,Exclusive,N/A,False
Endnesia,Enix,Vanpool,Standalone,Role-Playing,,Unknown,PS2,PlayStation,Home Console,2001.0,NA,,,,,Exclusive,N/A,False
Endnesia,Enix,Vanpool,Standalone,Role-Playing,,Unknown,PS2,PlayStation,Home Console,2001.0,Other,,,,,Exclusive,N/A,False
Endnesia,Enix,Vanpool,Standalone,Role-Playing,,Unknown,PS2,PlayStation,Home Console,2001.0,PAL,,,,,Exclusive,N/A,False
,Enix,Vanpool,Standalone,,,,PS2,,,,,,,,,Multiplatform,,False
,Square Enix,Mistwalker,Standalone,,,,PC,,,,,,,,,Multiplatform,,False
,Square Enix,Mistwalker,Standalone,,,,PS4,,,,,,,,,Multiplatform,,False
,Square Enix,Mistwalker,Standalone,,,,PS5,,,,,,,,,Multiplatform,,False
,Square Enix,Mistwalker,Standalone,,,,SaGa Frontier 2 Remastered,,,,,,,,,Multiplatform,,False
,Square Enix,Mistwalker,Standalone,,,,Switch,,,,,,,,,Multiplatform,,False
,Square Enix,Mistwalker,Standalone,,,,Xbox Series X/S,,,,,,,,,Multiplatform,,False
,Square Enix,Fenix Soft,Standalone,,,,PC,,,,,,,,,Multiplatform,,False
fault - StP - LIGHTKRAVTE,Square Enix,ALICE IN DISSONANCE,Standalone,Visual Novel,,Unknown,PC,PC,PC,2022.0,JP,,,65.0,,Exclusive,N/A,False
fault - StP - LIGHTKRAVTE,Square Enix,ALICE IN DISSONANCE,Standalone,Visual Novel,,Unknown,PC,PC,PC,2022.0,NA,,,65.0,,Exclusive,N/A,False
fault - StP - LIGHTKRAVTE,Square Enix,ALICE IN DISSONANCE,Standalone,Visual Novel,,Unknown,PC,PC,PC,2022.0,Other,,,65.0,,Exclusive,N/A,False
fault - StP - LIGHTKRAVTE,Square Enix,ALICE IN DISSONANCE,Standalone,Visual Novel,,Unknown,PC,PC,PC,2022.0,PAL,,,65.0,,Exclusive,N/A,False
,Enix,Digital Frontier,Standalone,,,,PS2,,,,,,,48.0,,Multiplatform,,False
Fear Effect Sedna,Square Enix,Sushee,Standalone,Role-Playing,,Unknown,Switch,Nintendo,Home Console,2018.0,JP,,,48.0,,Exclusive,Post-Merger,False
Fear Effect Sedna,Square Enix,Sushee,Standalone,Role-Playing,,Unknown,Switch,Nintendo,Home Console,2018.0,NA,,,48.0,,Exclusive,Post-Merger,False
Fear Effect Sedna,Square Enix,Sushee,Standalone,Role-Playing,,Unknown,Switch,Nintendo,Home Console,2018.0,Other,,,48.0,,Exclusive,Post-Merger,False
Fear Effect Sedna,Square Enix,Sushee,Standalone,Role-Playing,,Unknown,Switch,Nintendo,Home Console,2018.0,PAL,,,48.0,,Exclusive,Post-Merger,False
,Square Enix,Square Enix,Standalone,,,,PC,,,,,,,,,Multiplatform,,False
,Square Enix,Square Enix,Standalone,,,,PS4,,,,,,,,,Multiplatform,,False
,Square Enix,Square Enix,Standalone,,,,School of Ragnarok,,,,,,,,,Multiplatform,,False
Final Fantasy,Squaresoft,Square,Final Fantasy,Role-Playing,Turn-Based RPG,2D,All,Other,Other,1990.0,JP,3.776,,69.0,,Timed Exclusive,N/A,True
Final Fantasy,Squaresoft,Square,Final Fantasy,Role-Playing,Turn-Based RPG,2D,All,Other,Other,1990.0,NA,3.776,,69.0,,Timed Exclusive,N/A,True
Final Fantasy,Squaresoft,Square,Final Fantasy,Role-Playing,Turn-Based RPG,2D,All,Other,Other,1990.0,Other,3.776,,69.0,,Timed Exclusive,N/A,True
Final Fantasy,Squaresoft,Square,Final Fantasy,Role-Playing,Turn-Based RPG,2D,All,Other,Other,1990.0,PAL,3.776,,69.0,,Timed Exclusive,N/A,True
,Squaresoft,Square,Standalone,,,,NES,,,,,,,69.0,,Timed Exclusive,,False
Final Fantasy,Square Enix,SquareSoft,Final Fantasy,Role-Playing,Turn-Based RPG,2D,PS1,PlayStation,Home Console,2003.0,JP,3.776,,69.0,,Timed Exclusive,N/A,True
Final Fantasy,Square Enix,SquareSoft,Final Fantasy,Role-Playing,Turn-Based RPG,2D,PS1,PlayStation,Home Console,2003.0,NA,3.776,,69.0,,Timed Exclusive,N/A,True
Final Fantasy,Square Enix,SquareSoft,Final Fantasy,Role-Playing,Turn-Based RPG,2D,PS1,PlayStation,Home Console,2003.0,Other,3.776,,69.0,,Timed Exclusive,N/A,True
Final Fantasy,Square Enix,SquareSoft,Final Fantasy,Role-Playing,Turn-Based RPG,2D,PS1,PlayStation,Home Console,2003.0,PAL,3.776,,69.0,,Timed Exclusive,N/A,True
Final Fantasy,Square Enix,SquareSoft,Final Fantasy,Role-Playing,Turn-Based RPG,2D,PSN,Other,Other,2009.0,JP,3.776,,69.0,,Timed Exclusive,N/A,True
Final Fantasy,Square Enix,SquareSoft,Final Fantasy,Role-Playing,Turn-Based RPG,2D,PSN,Other,Other,2009.0,NA,3.776,,69.0,,Timed Exclusive,N/A,True
Final Fantasy,Square Enix,SquareSoft,Final Fantasy,Role-Playing,Turn-Based RPG,2D,PSN,Other,Other,2009.0,Other,3.776,,69.0,,Timed Exclusive,N/A,True
Final Fantasy,Square Enix,SquareSoft,Final Fantasy,Role-Playing,Turn-Based RPG,2D,PSN,Other,Other,2009.0,PAL,3.776,,69.0,,Timed Exclusive,N/A,True
,Square Enix,Tose,Standalone,,,,PSP,,,,,,,69.0,,Timed Exclusive,,False
Final Fantasy,Squaresoft,Square,Final Fantasy,Role-Playing,Turn-Based RPG,2D,Series,Other,Other,1987.0,JP,3.776,,69.0,,Timed Exclusive,N/A,True
Final Fantasy,Squaresoft,Square,Final Fantasy,Role-Playing,Turn-Based RPG,2D,Series,Other,Other,1987.0,NA,3.776,,69.0,,Timed Exclusive,N/A,True
Final Fantasy,Squaresoft,Square,Final Fantasy,Role-Playing,Turn-Based RPG,2D,Series,Other,Other,1987.0,Other,3.776,,69.0,,Timed Exclusive,N/A,True
Final Fantasy,Squaresoft,Square,Final Fantasy,Role-Playing,Turn-Based RPG,2D,Series,Other,Other,1987.0,PAL,3.776,,69.0,,Timed Exclusive,N/A,True
Final Fantasy,Square Enix,Square,Final Fantasy,Role-Playing,Turn-Based RPG,2D,VC,Other,Other,2009.0,JP,3.776,,85.0,,Timed Exclusive,N/A,True
Final Fantasy,Square Enix,Square,Final Fantasy,Role-Playing,Turn-Based RPG,2D,VC,Other,Other,2009.0,NA,3.776,,85.0,,Timed Exclusive,N/A,True
Final Fantasy,Square Enix,Square,Final Fantasy,Role-Playing,Turn-Based RPG,2D,VC,Other,Other,2009.0,Other,3.776,,85.0,,Timed Exclusive,N/A,True
Final Fantasy,Square Enix,Square,Final Fantasy,Role-Playing,Turn-Based RPG,2D,VC,Other,Other,2009.0,PAL,3.776,,85.0,,Timed Exclusive,N/A,True
Final Fantasy,Squaresoft,SquareSoft,Final Fantasy,Role-Playing,Turn-Based RPG,2D,WS,Other,Other,2000.0,JP,3.776,,69.0,,Timed Exclusive,N/A,True
Final Fantasy,Squaresoft,SquareSoft,Final Fantasy,Role-Playing,Turn-Based RPG,2D,WS,Other,Other,2000.0,NA,3.776,,69.0,,Timed Exclusive,N/A,True
Final Fantasy,Squaresoft,SquareSoft,Final Fantasy,Role-Playing,Turn-Based RPG,2D,WS,Other,Other,2000.0,Other,3.776,,69.0,,Timed Exclusive,N/A,True
Final Fantasy,Squaresoft,SquareSoft,Final Fantasy,Role-Playing,Turn-Based RPG,2D,WS,Other,Other,2000.0,PAL,3.776,,69.0,,Timed Exclusive,N/A,True
,Squaresoft,Square,Standalone,,,,WonderSwan,,,,,,,69.0,,Timed Exclusive,,False
Final Fantasy I,Square Enix,Square Enix,Final Fantasy,Role-Playing,Turn-Based RPG,2D,Mobile,Mobile,Mobile,2010.0,JP,,,70.0,,Exclusive,N/A,False
Final Fantasy I,Square Enix,Square Enix,Final Fantasy,Role-Playing,Turn-Based RPG,2D,Mobile,Mobile,Mobile,2010.0,NA,,,70.0,,Exclusive,N/A,False
Final Fantasy I,Square Enix,Square Enix,Final Fantasy,Role-Playing,Turn-Based RPG,2D,Mobile,Mobile,Mobile,2010.0,Other,,,70.0,,Exclusive,N/A,False
Final Fantasy I,Square Enix,Square Enix,Final Fantasy,Role-Playing,Turn-Based RPG,2D,Mobile,Mobile,Mobile,2010.0,PAL,,,70.0,,Exclusive,N/A,False
Final Fantasy I & II,Squaresoft,SquareSoft,Final Fantasy,Role-Playing,Turn-Based RPG,2D,NES,Nintendo,Home Console,1994.0,JP,0.11,,81.0,,Exclusive,Pre-Split,True
Final Fantasy I & II,Squaresoft,SquareSoft,Final Fantasy,Role-Playing,Turn-Based RPG,2D,NES,Nintendo,Home Console,1994.0,NA,,,81.0,,Exclusive,Pre-Split,True
Final Fantasy I & II,Squaresoft,SquareSoft,Final Fantasy,Role-Playing,Turn-Based RPG,2D,NES,Nintendo,Home Console,1994.0,Other,,,81.0,,Exclusive,Pre-Split,True
Final Fantasy I & II,Squaresoft,SquareSoft,Final Fantasy,Role-Playing,Turn-Based RPG,2D,NES,Nintendo,Home Console,1994.0,PAL,,,81.0,,Exclusive,Pre-Split,True
,Square Enix,Tose,Standalone,,,,GBA,,,,,,,,,Multiplatform,,False
Final Fantasy X,Squaresoft,SquareSoft,Final Fantasy,Role-Playing,Turn-Based RPG,3D,PS2,PlayStation,Home Console,2001.0,JP,8.63969,750000000,90.0,,Exclusive,N/A,False
Final Fantasy X,Squaresoft,SquareSoft,Final Fantasy,Role-Playing,Turn-Based RPG,3D,PS2,PlayStation,Home Console,2001.0,NA,8.63969,750000000,90.0,,Exclusive,N/A,False
Final Fantasy X,Squaresoft,SquareSoft,Final Fantasy,Role-Playing,Turn-Based RPG,3D,PS2,PlayStation,Home Console,2001.0,Other,8.63969,750000000,90.0,,Exclusive,N/A,False
Final Fantasy X,Squaresoft,SquareSoft,Final Fantasy,Role-Playing,Turn-Based RPG,3D,PS2,PlayStation,Home Console,2001.0,PAL,8.63969,750000000,90.0,,Exclusive,N/A,False
Final Fantasy X / X-2 HD Remaster,Square Enix,Square Enix,Final Fantasy,Role-Playing,Turn-Based RPG,2D,PC,PC,PC,2016.0,JP,,,83.0,,Multiplatform,N/A,False
Final Fantasy X / X-2 HD Remaster,Square Enix,Square Enix,Final Fantasy,Role-Playing,Turn-Based RPG,2D,PC,PC,PC,2016.0,NA,,,83.0,,Multiplatform,N/A,False
Final Fantasy X / X-2 HD Remaster,Square Enix,Square Enix,Final Fantasy,Role-Playing,Turn-Based RPG,2D,PC,PC,PC,2016.0,Other,,,83.0,,Multiplatform,N/A,False
Final Fantasy X / X-2 HD Remaster,Square Enix,Square Enix,Final Fantasy,Role-Playing,Turn-Based RPG,2D,PC,PC,PC,2016.0,PAL,,,83.0,,Multiplatform,N/A,False
Final Fantasy X / X-2 HD Remaster,Square Enix,Square Enix,Final Fantasy,Role-Playing,Turn-Based RPG,2D,PS3,PlayStation,Home Console,2014.0,JP,,,85.0,,Multiplatform,N/A,False
Final Fantasy X / X-2 HD Remaster,Square Enix,Square Enix,Final Fantasy,Role-Playing,Turn-Based RPG,2D,PS3,PlayStation,Home Console,2014.0,NA,,,85.0,,Multiplatform,N/A,False
Final Fantasy X / X-2 HD Remaster,Square Enix,Square Enix,Final Fantasy,Role-Playing,Turn-Based RPG,2D,PS3,PlayStation,Home Console,2014.0,Other,,,85.0,,Multiplatform,N/A,False
Final Fantasy X / X-2 HD Remaster,Square Enix,Square Enix,Final Fantasy,Role-Playing,Turn-Based RPG,2D,PS3,PlayStation,Home Console,2014.0,PAL,,,85.0,,Multiplatform,N/A,False
Final Fantasy X / X-2 HD Remaster,Square Enix,Square Enix,Final Fantasy,Role-Playing,Turn-Based RPG,2D,PS4,PlayStation,Home Console,2015.0,JP,0.07,,93.0,,Multiplatform,N/A,False
Final Fantasy X / X-2 HD Remaster,Square Enix,Square Enix,Final Fantasy,Role-Playing,Turn-Based RPG,2D,PS4,PlayStation,Home Console,2015.0,NA,0.34,,93.0,,Multiplatform,N/A,False
Final Fantasy X / X-2 HD Remaster,Square Enix,Square Enix,Final Fantasy,Role-Playing,Turn-Based RPG,2D,PS4,PlayStation,Home Console,2015.0,Other,0.14,,93.0,,Multiplatform,N/A,False
Final Fantasy X / X-2 HD Remaster,Square Enix,Square Enix,Final Fantasy,Role-Playing,Turn-Based RPG,2D,PS4,PlayStation,Home Console,2015.0,PAL,0.36,,93.0,,Multiplatform,N/A,False
Final Fantasy X / X-2 HD Remaster,Square Enix,Square Enix,Final Fantasy,Role-Playing,Turn-Based RPG,2D,PSV,Other,Other,2014.0,JP,0.28,,83.0,,Multiplatform,N/A,False
Final Fantasy X / X-2 HD Remaster,Square Enix,Square Enix,Final Fantasy,Role-Playing,Turn-Based RPG,2D,PSV,Other,Other,2014.0,NA,0.16,,83.0,,Multiplatform,N/A,False
Final Fantasy X / X-2 HD Remaster,Square Enix,Square Enix,Final Fantasy,Role-Playing,Turn-Based RPG,2D,PSV,Other,Other,2014.0,Other,0.13,,83.0,,Multiplatform,N/A,False
Final Fantasy X / X-2 HD Remaster,Square Enix,Square Enix,Final Fantasy,Role-Playing,Turn-Based RPG,2D,PSV,Other,Other,2014.0,PAL,0.29,,83.0,,Multiplatform,N/A,False
Final Fantasy X / X-2 HD Remaster,Square Enix,Square Enix,Final Fantasy,Role-Playing,Turn-Based RPG,2D,Switch,Nintendo,Home Console,2019.0,JP,,,83.0,,Multiplatform,Post-Merger,False
Final Fantasy X / X-2 HD Remaster,Square Enix,Square Enix,Final Fantasy,Role-Playing,Turn-Based RPG,2D,Switch,Nintendo,Home Console,2019.0,NA,,,83.0,,Multiplatform,Post-Merger,False
Final Fantasy X / X-2 HD Remaster,Square Enix,Square Enix,Final Fantasy,Role-Playing,Turn-Based RPG,2D,Switch,Nintendo,Home Console,2019.0,Other,,,83.0,,Multiplatform,Post-Merger,False
Final Fantasy X / X-2 HD Remaster,Square Enix,Square Enix,Final Fantasy,Role-Playing,Turn-Based RPG,2D,Switch,Nintendo,Home Console,2019.0,PAL,,,83.0,,Multiplatform,Post-Merger,False
Final Fantasy X / X-2 HD Remaster,Square Enix,Square Enix,Final Fantasy,Role-Playing,Turn-Based RPG,2D,Xbox One,Microsoft,Home Console,2019.0,JP,,,83.0,,Multiplatform,N/A,False
Final Fantasy X / X-2 HD Remaster,Square Enix,Square Enix,Final Fantasy,Role-Playing,Turn-Based RPG,2D,Xbox One,Microsoft,Home Console,2019.0,NA,,,83.0,,Multiplatform,N/A,False
Final Fantasy X / X-2 HD Remaster,Square Enix,Square Enix,Final Fantasy,Role-Playing,Turn-Based RPG,2D,Xbox One,Microsoft,Home Console,2019.0,Other,,,83.0,,Multiplatform,N/A,False
Final Fantasy X / X-2 HD Remaster,Square Enix,Square Enix,Final Fantasy,Role-Playing,Turn-Based RPG,2D,Xbox One,Microsoft,Home Console,2019.0,PAL,,,83.0,,Multiplatform,N/A,False
Final Fantasy X HD,Square Enix,Square Enix,Final Fantasy,Role-Playing,Turn-Based RPG,2D,PS3,PlayStation,Home Console,2013,JP,,,72.0,,Multiplatform,N/A,False
Final Fantasy X HD,Square Enix,Square Enix,Final Fantasy,Role-Playing,Turn-Based RPG,2D,PS3,PlayStation,Home Console,2013,NA,,,72.0,,Multiplatform,N/A,False
Final Fantasy X HD,Square Enix,Square Enix,Final Fantasy,Role-Playing,Turn-Based RPG,2D,PS3,PlayStation,Home Console,2013,Other,,,72.0,,Multiplatform,N/A,False
Final Fantasy X HD,Square Enix,Square Enix,Final Fantasy,Role-Playing,Turn-Based RPG,2D,PS3,PlayStation,Home Console,2013,PAL,,,72.0,,Multiplatform,N/A,False
Final Fantasy X HD,Square Enix,Square Enix,Final Fantasy,Role-Playing,Turn-Based RPG,2D,PSV,Other,Other,2013,JP,,,72.0,,Multiplatform,N/A,False
Final Fantasy X HD,Square Enix,Square Enix,Final Fantasy,Role-Playing,Turn-Based RPG,2D,PSV,Other,Other,2013,NA,,,72.0,,Multiplatform,N/A,False
Final Fantasy X HD,Square Enix,Square Enix,Final Fantasy,Role-Playing,Turn-Based RPG,2D,PSV,Other,Other,2013,Other,,,72.0,,Multiplatform,N/A,False
Final Fantasy X HD,Square Enix,Square Enix,Final Fantasy,Role-Playing,Turn-Based RPG,2D,PSV,Other,Other,2013,PAL,,,72.0,,Multiplatform,N/A,False
Final Fantasy X International,Square Enix,Square Enix,Final Fantasy,Role-Playing,Turn-Based RPG,2D,PS2,PlayStation,Home Console,2004.0,JP,0.27,,,,Exclusive,N/A,True
Final Fantasy X International,Square Enix,Square Enix,Final Fantasy,Role-Playing,Turn-Based RPG,2D,PS2,PlayStation,Home Console,2004.0,NA,,,,,Exclusive,N/A,True
Final Fantasy X International,Square Enix,Square Enix,Final Fantasy,Role-Playing,Turn-Based RPG,2D,PS2,PlayStation,Home Console,2004.0,Other,,,,,Exclusive,N/A,True
Final Fantasy X International,Square Enix,Square Enix,Final Fantasy,Role-Playing,Turn-Based RPG,2D,PS2,PlayStation,Home Console,2004.0,PAL,,,,,Exclusive,N/A,True
Final Fantasy X/X-2,Squaresoft,Square,Final Fantasy,Role-Playing,Turn-Based RPG,2D,All,Other,Other,2001.0,JP,,,81.0,,Exclusive,N/A,False
Final Fantasy X/X-2,Squaresoft,Square,Final Fantasy,Role-Playing,Turn-Based RPG,2D,All,Other,Other,2001.0,NA,,,81.0,,Exclusive,N/A,False
Final Fantasy X/X-2,Squaresoft,Square,Final Fantasy,Role-Playing,Turn-Based RPG,2D,All,Other,Other,2001.0,Other,,,81.0,,Exclusive,N/A,False
Final Fantasy X/X-2,Squaresoft,Square,Final Fantasy,Role-Playing,Turn-Based RPG,2D,All,Other,Other,2001.0,PAL,,,81.0,,Exclusive,N/A,False
,Square Enix,Square Enix / Virtuos,Standalone,,,,Dragon Quest Monsters 2: Iru and Luca's Marvelous Mysterious Key,,,,,,,83.0,,Multiplatform,,False
,Square Enix,Square Enix / Virtuos,Standalone,,,,PC,,,,,,,83.0,,Multiplatform,,False
,Square Enix,Square Enix / Virtuos,Standalone,,,,PS Vita,,,,,,,83.0,,Multiplatform,,False
,Square Enix,Square Enix / Virtuos,Standalone,,,,PS3,,,,,,,83.0,,Multiplatform,,False
,Square Enix,Square Enix / Virtuos,Standalone,,,,PS4,,,,,,,83.0,,Multiplatform,,False
,Square Enix,Square Enix / Virtuos,Standalone,,,,Switch,,,,,,,83.0,,Multiplatform,,False
,Square Enix,Square Enix / Virtuos,Standalone,,,,Xbox One,,,,,,,83.0,,Multiplatform,,False
Final Fantasy X/X-2 Ultimate Box,Square Enix,Square Enix,Final Fantasy,Role-Playing,Turn-Based RPG,2D,PS2,PlayStation,Home Console,2005.0,JP,,,,,Exclusive,N/A,False
Final Fantasy X/X-2 Ultimate Box,Square Enix,Square Enix,Final Fantasy,Role-Playing,Turn-Based RPG,2D,PS2,PlayStation,Home Console,2005.0,NA,,,,,Exclusive,N/A,False
Final Fantasy X/X-2 Ultimate Box,Square Enix,Square Enix,Final Fantasy,Role-Playing,Turn-Based RPG,2D,PS2,PlayStation,Home Console,2005.0,Other,,,,,Exclusive,N/A,False
Final Fantasy X/X-2 Ultimate Box,Square Enix,Square Enix,Final Fantasy,Role-Playing,Turn-Based RPG,2D,PS2,PlayStation,Home Console,2005.0,PAL,,,,,Exclusive,N/A,False
Final Fantasy X-2,Square Enix,Square Enix,Final Fantasy,Role-Playing,Turn-Based RPG,3D,PS2,PlayStation,Home Console,2003.0,JP,5.416355,,83.0,,Exclusive,N/A,False
Final Fantasy X-2,Square Enix,Square Enix,Final Fantasy,Role-Playing,Turn-Based RPG,3D,PS2,PlayStation,Home Console,2003.0,NA,5.416355,,83.0,,Exclusive,N/A,False
Final Fantasy X-2,Square Enix,Square Enix,Final Fantasy,Role-Playing,Turn-Based RPG,3D,PS2,PlayStation,Home Console,2003.0,Other,5.416355,,83.0,,Exclusive,N/A,False
Final Fantasy X-2,Square Enix,Square Enix,Final Fantasy,Role-Playing,Turn-Based RPG,3D,PS2,PlayStation,Home Console,2003.0,PAL,5.416355,,83.0,,Exclusive,N/A,False
,Square Enix,Square Enix,Standalone,,,,PS2,,,,,,,81.0,,Multiplatform,,False
Final Fantasy X-2: International + Last Mission,Square Enix,Square Enix,Final Fantasy,Role-Playing,Turn-Based RPG,2D,PS2,PlayStation,Home Console,2004.0,JP,0.29,,,,Exclusive,N/A,True
Final Fantasy X-2: International + Last Mission,Square Enix,Square Enix,Final Fantasy,Role-Playing,Turn-Based RPG,2D,PS2,PlayStation,Home Console,2004.0,NA,,,,,Exclusive,N/A,True
Final Fantasy X-2: International + Last Mission,Square Enix,Square Enix,Final Fantasy,Role-Playing,Turn-Based RPG,2D,PS2,PlayStation,Home Console,2004.0,Other,,,,,Exclusive,N/A,True
Final Fantasy X-2: International + Last Mission,Square Enix,Square Enix,Final Fantasy,Role-Playing,Turn-Based RPG,2D,PS2,PlayStation,Home Console,2004.0,PAL,,,,,Exclusive,N/A,True
,Squaresoft,Square,Standalone,,,,PC,,,,,,,81.0,,Multiplatform,,False
,Squaresoft,Square,Standalone,,,,PS2,,,,,,,81.0,,Multiplatform,,False
,Square Enix,Square Enix,Standalone,,,,Xbox 360,,,,,,,81.0,,Multiplatform,,False
Final Fantasy XI: A Moogle Kupo d'Etat,Square Enix,Square Enix,Final Fantasy,Role-Playing,Turn-Based RPG,2D,PC,PC,PC,2009.0,JP,,,,,Multiplatform,N/A,False
Final Fantasy XI: A Moogle Kupo d'Etat,Square Enix,Square Enix,Final Fantasy,Role-Playing,Turn-Based RPG,2D,PC,PC,PC,2009.0,NA,,,,,Multiplatform,N/A,False
Final Fantasy XI: A Moogle Kupo d'Etat,Square Enix,Square Enix,Final Fantasy,Role-Playing,Turn-Based RPG,2D,PC,PC,PC,2009.0,Other,,,,,Multiplatform,N/A,False
Final Fantasy XI: A Moogle Kupo d'Etat,Square Enix,Square Enix,Final Fantasy,Role-Playing,Turn-Based RPG,2D,PC,PC,PC,2009.0,PAL,,,,,Multiplatform,N/A,False
Final Fantasy XI: A Moogle Kupo d'Etat,Square Enix,Square Enix,Final Fantasy,Role-Playing,Turn-Based RPG,2D,PS2,PlayStation,Home Console,2009.0,JP,,,,,Multiplatform,N/A,False
Final Fantasy XI: A Moogle Kupo d'Etat,Square Enix,Square Enix,Final Fantasy,Role-Playing,Turn-Based RPG,2D,PS2,PlayStation,Home Console,2009.0,NA,,,,,Multiplatform,N/A,False
Final Fantasy XI: A Moogle Kupo d'Etat,Square Enix,Square Enix,Final Fantasy,Role-Playing,Turn-Based RPG,2D,PS2,PlayStation,Home Console,2009.0,Other,,,,,Multiplatform,N/A,False
Final Fantasy XI: A Moogle Kupo d'Etat,Square Enix,Square Enix,Final Fantasy,Role-Playing,Turn-Based RPG,2D,PS2,PlayStation,Home Console,2009.0,PAL,,,,,Multiplatform,N/A,False
Final Fantasy XI: A Moogle Kupo d'Etat,Square Enix,Square Enix,Final Fantasy,Role-Playing,Turn-Based RPG,2D,Xbox 360,Microsoft,Home Console,2009.0,JP,,,,,Multiplatform,N/A,False
Final Fantasy XI: A Moogle Kupo d'Etat,Square Enix,Square Enix,Final Fantasy,Role-Playing,Turn-Based RPG,2D,Xbox 360,Microsoft,Home Console,2009.0,NA,,,,,Multiplatform,N/A,False
Final Fantasy XI: A Moogle Kupo d'Etat,Square Enix,Square Enix,Final Fantasy,Role-Playing,Turn-Based RPG,2D,Xbox 360,Microsoft,Home Console,2009.0,Other,,,,,Multiplatform,N/A,False
Final Fantasy XI: A Moogle Kupo d'Etat,Square Enix,Square Enix,Final Fantasy,Role-Playing,Turn-Based RPG,2D,Xbox 360,Microsoft,Home Console,2009.0,PAL,,,,,Multiplatform,N/A,False
Final Fantasy XI: All-In-One Pack 2006,Square Enix,Square Enix,Final Fantasy,Role-Playing,Turn-Based RPG,2D,Xbox 360,Microsoft,Home Console,2006.0,JP,0.02,,,,Exclusive,N/A,True
Final Fantasy XI: All-In-One Pack 2006,Square Enix,Square Enix,Final Fantasy,Role-Playing,Turn-Based RPG,2D,Xbox 360,Microsoft,Home Console,2006.0,NA,,,,,Exclusive,N/A,True
Final Fantasy XI: All-In-One Pack 2006,Square Enix,Square Enix,Final Fantasy,Role-Playing,Turn-Based RPG,2D,Xbox 360,Microsoft,Home Console,2006.0,Other,,,,,Exclusive,N/A,True
Final Fantasy XI: All-In-One Pack 2006,Square Enix,Square Enix,Final Fantasy,Role-Playing,Turn-Based RPG,2D,Xbox 360,Microsoft,Home Console,2006.0,PAL,,,,,Exclusive,N/A,True
Final Fantasy XI: Chains of Promathia,Square Enix,Square Enix,Final Fantasy,Role-Playing,Turn-Based RPG,2D,PC,PC,PC,2004.0,JP,,,68.0,,Multiplatform,N/A,False
Final Fantasy XI: Chains of Promathia,Square Enix,Square Enix,Final Fantasy,Role-Playing,Turn-Based RPG,2D,PC,PC,PC,2004.0,NA,,,68.0,,Multiplatform,N/A,False
Final Fantasy XI: Chains of Promathia,Square Enix,Square Enix,Final Fantasy,Role-Playing,Turn-Based RPG,2D,PC,PC,PC,2004.0,Other,,,68.0,,Multiplatform,N/A,False
Final Fantasy XI: Chains of Promathia,Square Enix,Square Enix,Final Fantasy,Role-Playing,Turn-Based RPG,2D,PC,PC,PC,2004.0,PAL,,,68.0,,Multiplatform,N/A,False
Final Fantasy XI: Chains of Promathia,Square Enix,Square Enix,Final Fantasy,Role-Playing,Turn-Based RPG,2D,PS2,PlayStation,Home Console,2004.0,JP,,,73.0,,Multiplatform,N/A,False
Final Fantasy XI: Chains of Promathia,Square Enix,Square Enix,Final Fantasy,Role-Playing,Turn-Based RPG,2D,PS2,PlayStation,Home Console,2004.0,NA,0.12,,73.0,,Multiplatform,N/A,False
Final Fantasy XI: Chains of Promathia,Square Enix,Square Enix,Final Fantasy,Role-Playing,Turn-Based RPG,2D,PS2,PlayStation,Home Console,2004.0,Other,0.03,,73.0,,Multiplatform,N/A,False
Final Fantasy XI: Chains of Promathia,Square Enix,Square Enix,Final Fantasy,Role-Playing,Turn-Based RPG,2D,PS2,PlayStation,Home Console,2004.0,PAL,0.09,,73.0,,Multiplatform,N/A,False
Final Fantasy XI: Online,Square Enix,Square Enix,Final Fantasy,Role-Playing,Turn-Based RPG,2D,PC,PC,PC,2004.0,JP,,,82.0,,Multiplatform,N/A,False
Final Fantasy XI: Online,Square Enix,Square Enix,Final Fantasy,Role-Playing,Turn-Based RPG,2D,PC,PC,PC,2004.0,NA,,,82.0,,Multiplatform,N/A,False
Final Fantasy XI: Online,Square Enix,Square Enix,Final Fantasy,Role-Playing,Turn-Based RPG,2D,PC,PC,PC,2004.0,Other,,,82.0,,Multiplatform,N/A,False
Final Fantasy XI: Online,Square Enix,Square Enix,Final Fantasy,Role-Playing,Turn-Based RPG,2D,PC,PC,PC,2004.0,PAL,0.0,,82.0,,Multiplatform,N/A,False
Final Fantasy XI: Online,Square Enix,Square Enix,Final Fantasy,MMO,Turn-Based RPG,2D,PS2,PlayStation,Home Console,2004.0,JP,0.15,,84.0,,Multiplatform,N/A,False
Final Fantasy XI: Online,Square Enix,Square Enix,Final Fantasy,MMO,Turn-Based RPG,2D,PS2,PlayStation,Home Console,2004.0,NA,0.08,,84.0,,Multiplatform,N/A,False
Final Fantasy XI: Online,Square Enix,Square Enix,Final Fantasy,MMO,Turn-Based RPG,2D,PS2,PlayStation,Home Console,2004.0,Other,0.02,,84.0,,Multiplatform,N/A,False
Final Fantasy XI: Online,Square Enix,Square Enix,Final Fantasy,MMO,Turn-Based RPG,2D,PS2,PlayStation,Home Console,2004.0,PAL,0.06,,84.0,,Multiplatform,N/A,False
Final Fantasy XI: Online,Square Enix,Square Enix,Final Fantasy,Role-Playing,Turn-Based RPG,2D,Xbox 360,Microsoft,Home Console,2006.0,JP,,,67.0,,Multiplatform,N/A,False
Final Fantasy XI: Online,Square Enix,Square Enix,Final Fantasy,Role-Playing,Turn-Based RPG,2D,Xbox 360,Microsoft,Home Console,2006.0,NA,0.17,,67.0,,Multiplatform,N/A,False
Final Fantasy XI: Online,Square Enix,Square Enix,Final Fantasy,Role-Playing,Turn-Based RPG,2D,Xbox 360,Microsoft,Home Console,2006.0,Other,0.01,,67.0,,Multiplatform,N/A,False
Final Fantasy XI: Online,Square Enix,Square Enix,Final Fantasy,Role-Playing,Turn-Based RPG,2D,Xbox 360,Microsoft,Home Console,2006.0,PAL,0.01,,67.0,,Multiplatform,N/A,False
Final Fantasy XI: Rise of the Zilart,Square Enix,Square Enix,Final Fantasy,Role-Playing,Turn-Based RPG,2D,PC,PC,PC,2003.0,JP,,,,,Multiplatform,N/A,True
Final Fantasy XI: Rise of the Zilart,Square Enix,Square Enix,Final Fantasy,Role-Playing,Turn-Based RPG,2D,PC,PC,PC,2003.0,NA,,,,,Multiplatform,N/A,True
Final Fantasy XI: Rise of the Zilart,Square Enix,Square Enix,Final Fantasy,Role-Playing,Turn-Based RPG,2D,PC,PC,PC,2003.0,Other,,,,,Multiplatform,N/A,True
Final Fantasy XI: Rise of the Zilart,Square Enix,Square Enix,Final Fantasy,Role-Playing,Turn-Based RPG,2D,PC,PC,PC,2003.0,PAL,,,,,Multiplatform,N/A,True
Final Fantasy XI: Rise of the Zilart,Square Enix,Square Enix,Final Fantasy,Role-Playing,Turn-Based RPG,2D,PS2,PlayStation,Home Console,2003.0,JP,0.13,,,,Multiplatform,N/A,True
Final Fantasy XI: Rise of the Zilart,Square Enix,Square Enix,Final Fantasy,Role-Playing,Turn-Based RPG,2D,PS2,PlayStation,Home Console,2003.0,NA,,,,,Multiplatform,N/A,True
Final Fantasy XI: Rise of the Zilart,Square Enix,Square Enix,Final Fantasy,Role-Playing,Turn-Based RPG,2D,PS2,PlayStation,Home Console,2003.0,Other,,,,,Multiplatform,N/A,True
Final Fantasy XI: Rise of the Zilart,Square Enix,Square Enix,Final Fantasy,Role-Playing,Turn-Based RPG,2D,PS2,PlayStation,Home Console,2003.0,PAL,,,,,Multiplatform,N/A,True
Final Fantasy XI: Scars of Abyssea,Square Enix,Square Enix,Final Fantasy,Role-Playing,Turn-Based RPG,2D,XBL,Other,Other,2010.0,JP,,,,,Exclusive,N/A,False
Final Fantasy XI: Scars of Abyssea,Square Enix,Square Enix,Final Fantasy,Role-Playing,Turn-Based RPG,2D,XBL,Other,Other,2010.0,NA,,,,,Exclusive,N/A,False
Final Fantasy XI: Scars of Abyssea,Square Enix,Square Enix,Final Fantasy,Role-Playing,Turn-Based RPG,2D,XBL,Other,Other,2010.0,Other,,,,,Exclusive,N/A,False
Final Fantasy XI: Scars of Abyssea,Square Enix,Square Enix,Final Fantasy,Role-Playing,Turn-Based RPG,2D,XBL,Other,Other,2010.0,PAL,,,,,Exclusive,N/A,False
Final Fantasy XI: Starter Pack,Square Enix,Square Enix,Final Fantasy,Role-Playing,Turn-Based RPG,2D,PC,PC,PC,2007.0,JP,,,,,Exclusive,N/A,False
Final Fantasy XI: Starter Pack,Square Enix,Square Enix,Final Fantasy,Role-Playing,Turn-Based RPG,2D,PC,PC,PC,2007.0,NA,,,,,Exclusive,N/A,False
Final Fantasy XI: Starter Pack,Square Enix,Square Enix,Final Fantasy,Role-Playing,Turn-Based RPG,2D,PC,PC,PC,2007.0,Other,,,,,Exclusive,N/A,False
Final Fantasy XI: Starter Pack,Square Enix,Square Enix,Final Fantasy,Role-Playing,Turn-Based RPG,2D,PC,PC,PC,2007.0,PAL,,,,,Exclusive,N/A,False
Final Fantasy XI: The Vana'diel Collection,Square Enix,Square Enix,Final Fantasy,Role-Playing,Turn-Based RPG,2D,PC,PC,PC,2005.0,JP,,,,,Timed Exclusive,N/A,False
Final Fantasy XI: The Vana'diel Collection,Square Enix,Square Enix,Final Fantasy,Role-Playing,Turn-Based RPG,2D,PC,PC,PC,2005.0,NA,,,,,Timed Exclusive,N/A,False
Final Fantasy XI: The Vana'diel Collection,Square Enix,Square Enix,Final Fantasy,Role-Playing,Turn-Based RPG,2D,PC,PC,PC,2005.0,Other,,,,,Timed Exclusive,N/A,False
Final Fantasy XI: The Vana'diel Collection,Square Enix,Square Enix,Final Fantasy,Role-Playing,Turn-Based RPG,2D,PC,PC,PC,2005.0,PAL,,,,,Timed Exclusive,N/A,False
Final Fantasy XI: The Vana'diel Collection,Square Enix,Square Enix,Final Fantasy,Role-Playing,Turn-Based RPG,2D,PS2,PlayStation,Home Console,2007.0,JP,,,,,Timed Exclusive,N/A,False
Final Fantasy XI: The Vana'diel Collection,Square Enix,Square Enix,Final Fantasy,Role-Playing,Turn-Based RPG,2D,PS2,PlayStation,Home Console,2007.0,NA,,,,,Timed Exclusive,N/A,False
Final Fantasy XI: The Vana'diel Collection,Square Enix,Square Enix,Final Fantasy,Role-Playing,Turn-Based RPG,2D,PS2,PlayStation,Home Console,2007.0,Other,,,,,Timed Exclusive,N/A,False
Final Fantasy XI: The Vana'diel Collection,Square Enix,Square Enix,Final Fantasy,Role-Playing,Turn-Based RPG,2D,PS2,PlayStation,Home Console,2007.0,PAL,,,,,Timed Exclusive,N/A,False
Final Fantasy XI: The Vana'diel Collection,Square Enix,Square Enix,Final Fantasy,Role-Playing,Turn-Based RPG,2D,Xbox 360,Microsoft,Home Console,2007.0,JP,,,,,Timed Exclusive,N/A,False
Final Fantasy XI: The Vana'diel Collection,Square Enix,Square Enix,Final Fantasy,Role-Playing,Turn-Based RPG,2D,Xbox 360,Microsoft,Home Console,2007.0,NA,0.0,,,,Timed Exclusive,N/A,False
Final Fantasy XI: The Vana'diel Collection,Square Enix,Square Enix,Final Fantasy,Role-Playing,Turn-Based RPG,2D,Xbox 360,Microsoft,Home Console,2007.0,Other,0.0,,,,Timed Exclusive,N/A,False
Final Fantasy XI: The Vana'diel Collection,Square Enix,Square Enix,Final Fantasy,Role-Playing,Turn-Based RPG,2D,Xbox 360,Microsoft,Home Console,2007.0,PAL,,,,,Timed Exclusive,N/A,False
Final Fantasy XI: The Vana'diel Collection 2007,Square Enix,Square Enix,Final Fantasy,Role-Playing,Turn-Based RPG,2D,PC,PC,PC,2006.0,JP,,,,,Exclusive,N/A,False
Final Fantasy XI: The Vana'diel Collection 2007,Square Enix,Square Enix,Final Fantasy,Role-Playing,Turn-Based RPG,2D,PC,PC,PC,2006.0,NA,,,,,Exclusive,N/A,False
Final Fantasy XI: The Vana'diel Collection 2007,Square Enix,Square Enix,Final Fantasy,Role-Playing,Turn-Based RPG,2D,PC,PC,PC,2006.0,Other,,,,,Exclusive,N/A,False
Final Fantasy XI: The Vana'diel Collection 2007,Square Enix,Square Enix,Final Fantasy,Role-Playing,Turn-Based RPG,2D,PC,PC,PC,2006.0,PAL,,,,,Exclusive,N/A,False
Final Fantasy XI: Treasures of Aht Urhgan,Square Enix,Square Enix,Final Fantasy,Role-Playing,Turn-Based RPG,2D,PC,PC,PC,2006,JP,,,90.0,,Multiplatform,N/A,False
Final Fantasy XI: Treasures of Aht Urhgan,Square Enix,Square Enix,Final Fantasy,Role-Playing,Turn-Based RPG,2D,PC,PC,PC,2006,NA,,,90.0,,Multiplatform,N/A,False
Final Fantasy XI: Treasures of Aht Urhgan,Square Enix,Square Enix,Final Fantasy,Role-Playing,Turn-Based RPG,2D,PC,PC,PC,2006,Other,,,90.0,,Multiplatform,N/A,False
Final Fantasy XI: Treasures of Aht Urhgan,Square Enix,Square Enix,Final Fantasy,Role-Playing,Turn-Based RPG,2D,PC,PC,PC,2006,PAL,,,90.0,,Multiplatform,N/A,False
Final Fantasy XI: Treasures of Aht Urhgan,Square Enix,Square Enix,Final Fantasy,Role-Playing,Turn-Based RPG,2D,PS2,PlayStation,Home Console,2006,JP,0.1,,90.0,,Multiplatform,N/A,False
Final Fantasy XI: Treasures of Aht Urhgan,Square Enix,Square Enix,Final Fantasy,Role-Playing,Turn-Based RPG,2D,PS2,PlayStation,Home Console,2006,NA,0.06,,90.0,,Multiplatform,N/A,False
Final Fantasy XI: Treasures of Aht Urhgan,Square Enix,Square Enix,Final Fantasy,Role-Playing,Turn-Based RPG,2D,PS2,PlayStation,Home Console,2006,Other,0.02,,90.0,,Multiplatform,N/A,False
Final Fantasy XI: Treasures of Aht Urhgan,Square Enix,Square Enix,Final Fantasy,Role-Playing,Turn-Based RPG,2D,PS2,PlayStation,Home Console,2006,PAL,0.05,,90.0,,Multiplatform,N/A,False
Final Fantasy XI: Ultimate Collection,Square Enix,Square Enix,Final Fantasy,Role-Playing,Turn-Based RPG,2D,PC,PC,PC,2009.0,JP,,,,,Multiplatform,N/A,False
Final Fantasy XI: Ultimate Collection,Square Enix,Square Enix,Final Fantasy,Role-Playing,Turn-Based RPG,2D,PC,PC,PC,2009.0,NA,,,,,Multiplatform,N/A,False
Final Fantasy XI: Ultimate Collection,Square Enix,Square Enix,Final Fantasy,Role-Playing,Turn-Based RPG,2D,PC,PC,PC,2009.0,Other,,,,,Multiplatform,N/A,False
Final Fantasy XI: Ultimate Collection,Square Enix,Square Enix,Final Fantasy,Role-Playing,Turn-Based RPG,2D,PC,PC,PC,2009.0,PAL,,,,,Multiplatform,N/A,False
Final Fantasy XI: Ultimate Collection,Square Enix,Square Enix,Final Fantasy,Role-Playing,Turn-Based RPG,2D,Xbox 360,Microsoft,Home Console,2009.0,JP,,,,,Multiplatform,N/A,False
Final Fantasy XI: Ultimate Collection,Square Enix,Square Enix,Final Fantasy,Role-Playing,Turn-Based RPG,2D,Xbox 360,Microsoft,Home Console,2009.0,NA,0.25,,,,Multiplatform,N/A,False
Final Fantasy XI: Ultimate Collection,Square Enix,Square Enix,Final Fantasy,Role-Playing,Turn-Based RPG,2D,Xbox 360,Microsoft,Home Console,2009.0,Other,0.02,,,,Multiplatform,N/A,False
Final Fantasy XI: Ultimate Collection,Square Enix,Square Enix,Final Fantasy,Role-Playing,Turn-Based RPG,2D,Xbox 360,Microsoft,Home Console,2009.0,PAL,,,,,Multiplatform,N/A,False
Final Fantasy XI: Ultimate Collection Abyssea Edition,Square Enix,Square Enix,Final Fantasy,Role-Playing,Turn-Based RPG,2D,PC,PC,PC,2011.0,JP,,,,,Exclusive,N/A,False
Final Fantasy XI: Ultimate Collection Abyssea Edition,Square Enix,Square Enix,Final Fantasy,Role-Playing,Turn-Based RPG,2D,PC,PC,PC,2011.0,NA,,,,,Exclusive,N/A,False
Final Fantasy XI: Ultimate Collection Abyssea Edition,Square Enix,Square Enix,Final Fantasy,Role-Playing,Turn-Based RPG,2D,PC,PC,PC,2011.0,Other,,,,,Exclusive,N/A,False
Final Fantasy XI: Ultimate Collection Abyssea Edition,Square Enix,Square Enix,Final Fantasy,Role-Playing,Turn-Based RPG,2D,PC,PC,PC,2011.0,PAL,,,,,Exclusive,N/A,False
Final Fantasy XI: Vana'diel Collection 2,Square Enix,Square Enix,Final Fantasy,Role-Playing,Turn-Based RPG,2D,PS2,PlayStation,Home Console,2009.0,JP,,,,,Exclusive,N/A,False
Final Fantasy XI: Vana'diel Collection 2,Square Enix,Square Enix,Final Fantasy,Role-Playing,Turn-Based RPG,2D,PS2,PlayStation,Home Console,2009.0,NA,,,,,Exclusive,N/A,False
Final Fantasy XI: Vana'diel Collection 2,Square Enix,Square Enix,Final Fantasy,Role-Playing,Turn-Based RPG,2D,PS2,PlayStation,Home Console,2009.0,Other,,,,,Exclusive,N/A,False
Final Fantasy XI: Vana'diel Collection 2,Square Enix,Square Enix,Final Fantasy,Role-Playing,Turn-Based RPG,2D,PS2,PlayStation,Home Console,2009.0,PAL,,,,,Exclusive,N/A,False
Final Fantasy XI: Vana'diel Collection 2008,Square Enix,Square Enix,Final Fantasy,Role-Playing,Turn-Based RPG,2D,PC,PC,PC,2008,JP,,,,,Multiplatform,N/A,False
Final Fantasy XI: Vana'diel Collection 2008,Square Enix,Square Enix,Final Fantasy,Role-Playing,Turn-Based RPG,2D,PC,PC,PC,2008,NA,,,,,Multiplatform,N/A,False
Final Fantasy XI: Vana'diel Collection 2008,Square Enix,Square Enix,Final Fantasy,Role-Playing,Turn-Based RPG,2D,PC,PC,PC,2008,Other,,,,,Multiplatform,N/A,False
Final Fantasy XI: Vana'diel Collection 2008,Square Enix,Square Enix,Final Fantasy,Role-Playing,Turn-Based RPG,2D,PC,PC,PC,2008,PAL,,,,,Multiplatform,N/A,False
Final Fantasy XI: Vana'diel Collection 2008,Square Enix,Square Enix,Final Fantasy,Role-Playing,Turn-Based RPG,2D,PS2,PlayStation,Home Console,2008,JP,0.01,,,,Multiplatform,N/A,False
Final Fantasy XI: Vana'diel Collection 2008,Square Enix,Square Enix,Final Fantasy,Role-Playing,Turn-Based RPG,2D,PS2,PlayStation,Home Console,2008,NA,0.03,,,,Multiplatform,N/A,False
Final Fantasy XI: Vana'diel Collection 2008,Square Enix,Square Enix,Final Fantasy,Role-Playing,Turn-Based RPG,2D,PS2,PlayStation,Home Console,2008,Other,0.01,,,,Multiplatform,N/A,False
Final Fantasy XI: Vana'diel Collection 2008,Square Enix,Square Enix,Final Fantasy,Role-Playing,Turn-Based RPG,2D,PS2,PlayStation,Home Console,2008,PAL,0.03,,,,Multiplatform,N/A,False
Final Fantasy XI: Vana'diel Collection 2008,Square Enix,Square Enix,Final Fantasy,Role-Playing,Turn-Based RPG,2D,Xbox 360,Microsoft,Home Console,2008,JP,0.01,,,,Multiplatform,N/A,False
Final Fantasy XI: Vana'diel Collection 2008,Square Enix,Square Enix,Final Fantasy,Role-Playing,Turn-Based RPG,2D,Xbox 360,Microsoft,Home Console,2008,NA,0.13,,,,Multiplatform,N/A,False
Final Fantasy XI: Vana'diel Collection 2008,Square Enix,Square Enix,Final Fantasy,Role-Playing,Turn-Based RPG,2D,Xbox 360,Microsoft,Home Console,2008,Other,0.01,,,,Multiplatform,N/A,False
Final Fantasy XI: Vana'diel Collection 2008,Square Enix,Square Enix,Final Fantasy,Role-Playing,Turn-Based RPG,2D,Xbox 360,Microsoft,Home Console,2008,PAL,0.0,,,,Multiplatform,N/A,False
Final Fantasy XI: Wings of the Goddess,Square Enix,Square Enix,Final Fantasy,Role-Playing,Turn-Based RPG,2D,PC,PC,PC,2007,JP,,,65.0,,Multiplatform,N/A,False
Final Fantasy XI: Wings of the Goddess,Square Enix,Square Enix,Final Fantasy,Role-Playing,Turn-Based RPG,2D,PC,PC,PC,2007,NA,,,65.0,,Multiplatform,N/A,False
Final Fantasy XI: Wings of the Goddess,Square Enix,Square Enix,Final Fantasy,Role-Playing,Turn-Based RPG,2D,PC,PC,PC,2007,Other,,,65.0,,Multiplatform,N/A,False
Final Fantasy XI: Wings of the Goddess,Square Enix,Square Enix,Final Fantasy,Role-Playing,Turn-Based RPG,2D,PC,PC,PC,2007,PAL,,,65.0,,Multiplatform,N/A,False
Final Fantasy XI: Wings of the Goddess,Square Enix,Square Enix,Final Fantasy,Role-Playing,Turn-Based RPG,2D,PS2,PlayStation,Home Console,2007,JP,0.09,,,,Multiplatform,N/A,False
Final Fantasy XI: Wings of the Goddess,Square Enix,Square Enix,Final Fantasy,Role-Playing,Turn-Based RPG,2D,PS2,PlayStation,Home Console,2007,NA,0.35,,,,Multiplatform,N/A,False
Final Fantasy XI: Wings of the Goddess,Square Enix,Square Enix,Final Fantasy,Role-Playing,Turn-Based RPG,2D,PS2,PlayStation,Home Console,2007,Other,0.09,,,,Multiplatform,N/A,False
Final Fantasy XI: Wings of the Goddess,Square Enix,Square Enix,Final Fantasy,Role-Playing,Turn-Based RPG,2D,PS2,PlayStation,Home Console,2007,PAL,0.27,,,,Multiplatform,N/A,False
Final Fantasy XI: Wings of the Goddess,Square Enix,Square Enix,Final Fantasy,Role-Playing,Turn-Based RPG,2D,Xbox 360,Microsoft,Home Console,2007,JP,0.02,,65.0,,Multiplatform,N/A,False
Final Fantasy XI: Wings of the Goddess,Square Enix,Square Enix,Final Fantasy,Role-Playing,Turn-Based RPG,2D,Xbox 360,Microsoft,Home Console,2007,NA,0.28,,65.0,,Multiplatform,N/A,False
Final Fantasy XI: Wings of the Goddess,Square Enix,Square Enix,Final Fantasy,Role-Playing,Turn-Based RPG,2D,Xbox 360,Microsoft,Home Console,2007,Other,0.03,,65.0,,Multiplatform,N/A,False
Final Fantasy XI: Wings of the Goddess,Square Enix,Square Enix,Final Fantasy,Role-Playing,Turn-Based RPG,2D,Xbox 360,Microsoft,Home Console,2007,PAL,0.0,,65.0,,Multiplatform,N/A,False
Final Fantasy XII,Square Enix,Square Enix,Final Fantasy,Role-Playing,Turn-Based RPG,3D,All,Other,Other,2006.0,JP,8.390451,639110000,85.0,,Multiplatform,N/A,False
Final Fantasy XII,Square Enix,Square Enix,Final Fantasy,Role-Playing,Turn-Based RPG,3D,All,Other,Other,2006.0,NA,8.390451,639110000,85.0,,Multiplatform,N/A,False
Final Fantasy XII,Square Enix,Square Enix,Final Fantasy,Role-Playing,Turn-Based RPG,3D,All,Other,Other,2006.0,Other,8.390451,639110000,85.0,,Multiplatform,N/A,False
Final Fantasy XII,Square Enix,Square Enix,Final Fantasy,Role-Playing,Turn-Based RPG,3D,All,Other,Other,2006.0,PAL,8.390451,639110000,85.0,,Multiplatform,N/A,False
,Squaresoft,Square,Standalone,,,,NES,,,,,,,85.0,,Multiplatform,,False
Final Fantasy XII,Square Enix,Square Enix,Final Fantasy,Role-Playing,Turn-Based RPG,3D,PS2,PlayStation,Home Console,2006.0,JP,8.390451,639110000,94.0,,Multiplatform,N/A,False
Final Fantasy XII,Square Enix,Square Enix,Final Fantasy,Role-Playing,Turn-Based RPG,3D,PS2,PlayStation,Home Console,2006.0,NA,8.390451,639110000,94.0,,Multiplatform,N/A,False
Final Fantasy XII,Square Enix,Square Enix,Final Fantasy,Role-Playing,Turn-Based RPG,3D,PS2,PlayStation,Home Console,2006.0,Other,8.390451,639110000,94.0,,Multiplatform,N/A,False
Final Fantasy XII,Square Enix,Square Enix,Final Fantasy,Role-Playing,Turn-Based RPG,3D,PS2,PlayStation,Home Console,2006.0,PAL,8.390451,639110000,94.0,,Multiplatform,N/A,False
Final Fantasy XII International Zodiac Job System,Square Enix,Square Enix,Final Fantasy,Role-Playing,Turn-Based RPG,2D,PS2,PlayStation,Home Console,2007.0,JP,0.11,,,,Exclusive,N/A,True
Final Fantasy XII International Zodiac Job System,Square Enix,Square Enix,Final Fantasy,Role-Playing,Turn-Based RPG,2D,PS2,PlayStation,Home Console,2007.0,NA,,,,,Exclusive,N/A,True
Final Fantasy XII International Zodiac Job System,Square Enix,Square Enix,Final Fantasy,Role-Playing,Turn-Based RPG,2D,PS2,PlayStation,Home Console,2007.0,Other,,,,,Exclusive,N/A,True
Final Fantasy XII International Zodiac Job System,Square Enix,Square Enix,Final Fantasy,Role-Playing,Turn-Based RPG,2D,PS2,PlayStation,Home Console,2007.0,PAL,,,,,Exclusive,N/A,True
Final Fantasy XII: Revenant Wings,Square Enix,Square Enix / Think and Feel Inc.,Final Fantasy,Role-Playing,Turn-Based RPG,2D,DS,Nintendo,Handheld,2007.0,JP,1.04,,82.0,,Exclusive,Post-Merger,False
Final Fantasy XII: Revenant Wings,Square Enix,Square Enix / Think and Feel Inc.,Final Fantasy,Role-Playing,Turn-Based RPG,2D,DS,Nintendo,Handheld,2007.0,NA,1.04,,82.0,,Exclusive,Post-Merger,False
Final Fantasy XII: Revenant Wings,Square Enix,Square Enix / Think and Feel Inc.,Final Fantasy,Role-Playing,Turn-Based RPG,2D,DS,Nintendo,Handheld,2007.0,Other,1.04,,82.0,,Exclusive,Post-Merger,False
Final Fantasy XII: Revenant Wings,Square Enix,Square Enix / Think and Feel Inc.,Final Fantasy,Role-Playing,Turn-Based RPG,2D,DS,Nintendo,Handheld,2007.0,PAL,1.04,,82.0,,Exclusive,Post-Merger,False
Final Fantasy XII: The Zodiac Age,Square Enix,Square Enix,Final Fantasy,Role-Playing,Turn-Based RPG,2D,PC,PC,PC,2018.0,JP,,,85.0,,Timed Exclusive,N/A,False
Final Fantasy XII: The Zodiac Age,Square Enix,Square Enix,Final Fantasy,Role-Playing,Turn-Based RPG,2D,PC,PC,PC,2018.0,NA,,,85.0,,Timed Exclusive,N/A,False
Final Fantasy XII: The Zodiac Age,Square Enix,Square Enix,Final Fantasy,Role-Playing,Turn-Based RPG,2D,PC,PC,PC,2018.0,Other,,,85.0,,Timed Exclusive,N/A,False
Final Fantasy XII: The Zodiac Age,Square Enix,Square Enix,Final Fantasy,Role-Playing,Turn-Based RPG,2D,PC,PC,PC,2018.0,PAL,,,85.0,,Timed Exclusive,N/A,False
Final Fantasy XII: The Zodiac Age,Square Enix,Square Enix,Final Fantasy,Role-Playing,Turn-Based RPG,2D,PS4,PlayStation,Home Console,2017.0,JP,,,86.0,,Timed Exclusive,N/A,False
Final Fantasy XII: The Zodiac Age,Square Enix,Square Enix,Final Fantasy,Role-Playing,Turn-Based RPG,2D,PS4,PlayStation,Home Console,2017.0,NA,,,86.0,,Timed Exclusive,N/A,False
Final Fantasy XII: The Zodiac Age,Square Enix,Square Enix,Final Fantasy,Role-Playing,Turn-Based RPG,2D,PS4,PlayStation,Home Console,2017.0,Other,,,86.0,,Timed Exclusive,N/A,False
Final Fantasy XII: The Zodiac Age,Square Enix,Square Enix,Final Fantasy,Role-Playing,Turn-Based RPG,2D,PS4,PlayStation,Home Console,2017.0,PAL,,,86.0,,Timed Exclusive,N/A,False
,Square Enix,Square Enix / Virtuos,Standalone,,,,Pictlogica Final Fantasy,,,,,,,85.0,,Timed Exclusive,,False
,Square Enix,Square Enix / Virtuos,Standalone,,,,Switch,,,,,,,85.0,,Timed Exclusive,,False
Final Fantasy XII: The Zodiac Age,Square Enix,Square Enix,Final Fantasy,Role-Playing,Turn-Based RPG,2D,Xbox One,Microsoft,Home Console,2019.0,JP,,,85.0,,Timed Exclusive,N/A,False
Final Fantasy XII: The Zodiac Age,Square Enix,Square Enix,Final Fantasy,Role-Playing,Turn-Based RPG,2D,Xbox One,Microsoft,Home Console,2019.0,NA,,,85.0,,Timed Exclusive,N/A,False
Final Fantasy XII: The Zodiac Age,Square Enix,Square Enix,Final Fantasy,Role-Playing,Turn-Based RPG,2D,Xbox One,Microsoft,Home Console,2019.0,Other,,,85.0,,Timed Exclusive,N/A,False
Final Fantasy XII: The Zodiac Age,Square Enix,Square Enix,Final Fantasy,Role-Playing,Turn-Based RPG,2D,Xbox One,Microsoft,Home Console,2019.0,PAL,,,85.0,,Timed Exclusive,N/A,False
,Square Enix,Square Enix,Standalone,,,,0 Day Attack on Earth,,,,,,,52.0,,Multiplatform,,False
Final Fantasy XIII,Square Enix,Square Enix,Final Fantasy,Role-Playing,Turn-Based RPG,3D,All,Other,Other,2010.0,JP,9.605,790643100,52.0,,Multiplatform,N/A,False
Final Fantasy XIII,Square Enix,Square Enix,Final Fantasy,Role-Playing,Turn-Based RPG,3D,All,Other,Other,2010.0,NA,9.605,790643100,52.0,,Multiplatform,N/A,False
Final Fantasy XIII,Square Enix,Square Enix,Final Fantasy,Role-Playing,Turn-Based RPG,3D,All,Other,Other,2010.0,Other,9.605,790643100,52.0,,Multiplatform,N/A,False
Final Fantasy XIII,Square Enix,Square Enix,Final Fantasy,Role-Playing,Turn-Based RPG,3D,All,Other,Other,2010.0,PAL,9.605,790643100,52.0,,Multiplatform,N/A,False
,Square Enix,Square Enix,Standalone,,,,PC,,,,,,,52.0,,Multiplatform,,False
Final Fantasy XIII,Square Enix,Square Enix,Final Fantasy,Role-Playing,Turn-Based RPG,3D,PS3,PlayStation,Home Console,2010.0,JP,9.605,790643100,80.0,,Multiplatform,N/A,False
Final Fantasy XIII,Square Enix,Square Enix,Final Fantasy,Role-Playing,Turn-Based RPG,3D,PS3,PlayStation,Home Console,2010.0,NA,9.605,790643100,80.0,,Multiplatform,N/A,False
Final Fantasy XIII,Square Enix,Square Enix,Final Fantasy,Role-Playing,Turn-Based RPG,3D,PS3,PlayStation,Home Console,2010.0,Other,9.605,790643100,80.0,,Multiplatform,N/A,False
Final Fantasy XIII,Square Enix,Square Enix,Final Fantasy,Role-Playing,Turn-Based RPG,3D,PS3,PlayStation,Home Console,2010.0,PAL,9.605,790643100,80.0,,Multiplatform,N/A,False
Final Fantasy XIII,Square Enix,Square Enix,Final Fantasy,Role-Playing,Turn-Based RPG,3D,Xbox 360,Microsoft,Home Console,2010.0,JP,9.605,790643100,81.0,,Multiplatform,N/A,False
Final Fantasy XIII,Square Enix,Square Enix,Final Fantasy,Role-Playing,Turn-Based RPG,3D,Xbox 360,Microsoft,Home Console,2010.0,NA,9.605,790643100,81.0,,Multiplatform,N/A,False
Final Fantasy XIII,Square Enix,Square Enix,Final Fantasy,Role-Playing,Turn-Based RPG,3D,Xbox 360,Microsoft,Home Console,2010.0,Other,9.605,790643100,81.0,,Multiplatform,N/A,False
Final Fantasy XIII,Square Enix,Square Enix,Final Fantasy,Role-Playing,Turn-Based RPG,3D,Xbox 360,Microsoft,Home Console,2010.0,PAL,9.605,790643100,81.0,,Multiplatform,N/A,False
,Square Enix,Square Enix,Standalone,,,,Xbox One,,,,,,,52.0,,Multiplatform,,False
Final Fantasy XIII-2,Square Enix,Square,Final Fantasy,Role-Playing,Turn-Based RPG,2D,All,Other,Other,2012.0,JP,6.077,,52.0,,Multiplatform,N/A,False
Final Fantasy XIII-2,Square Enix,Square,Final Fantasy,Role-Playing,Turn-Based RPG,2D,All,Other,Other,2012.0,NA,6.077,,52.0,,Multiplatform,N/A,False
Final Fantasy XIII-2,Square Enix,Square,Final Fantasy,Role-Playing,Turn-Based RPG,2D,All,Other,Other,2012.0,Other,6.077,,52.0,,Multiplatform,N/A,False
Final Fantasy XIII-2,Square Enix,Square,Final Fantasy,Role-Playing,Turn-Based RPG,2D,All,Other,Other,2012.0,PAL,6.077,,52.0,,Multiplatform,N/A,False
,Square Enix,Square Enix,Standalone,,,,Army Corps of Hell,,,,,,,52.0,,Multiplatform,,False
Final Fantasy XIII-2,Square Enix,Square Enix,Final Fantasy,Role-Playing,Turn-Based RPG,2D,PC,PC,PC,2014.0,JP,6.077,,52.0,,Multiplatform,N/A,False
Final Fantasy XIII-2,Square Enix,Square Enix,Final Fantasy,Role-Playing,Turn-Based RPG,2D,PC,PC,PC,2014.0,NA,6.077,,52.0,,Multiplatform,N/A,False
Final Fantasy XIII-2,Square Enix,Square Enix,Final Fantasy,Role-Playing,Turn-Based RPG,2D,PC,PC,PC,2014.0,Other,6.077,,52.0,,Multiplatform,N/A,False
Final Fantasy XIII-2,Square Enix,Square Enix,Final Fantasy,Role-Playing,Turn-Based RPG,2D,PC,PC,PC,2014.0,PAL,6.077,,52.0,,Multiplatform,N/A,False
Final Fantasy XIII-2,Square Enix,Square Enix,Final Fantasy,Role-Playing,Turn-Based RPG,2D,PS3,PlayStation,Home Console,2012.0,JP,6.077,,83.0,,Multiplatform,N/A,False
Final Fantasy XIII-2,Square Enix,Square Enix,Final Fantasy,Role-Playing,Turn-Based RPG,2D,PS3,PlayStation,Home Console,2012.0,NA,6.077,,83.0,,Multiplatform,N/A,False
Final Fantasy XIII-2,Square Enix,Square Enix,Final Fantasy,Role-Playing,Turn-Based RPG,2D,PS3,PlayStation,Home Console,2012.0,Other,6.077,,83.0,,Multiplatform,N/A,False
Final Fantasy XIII-2,Square Enix,Square Enix,Final Fantasy,Role-Playing,Turn-Based RPG,2D,PS3,PlayStation,Home Console,2012.0,PAL,6.077,,83.0,,Multiplatform,N/A,False
Final Fantasy XIII-2,Square Enix,Square Enix,Final Fantasy,Role-Playing,Turn-Based RPG,2D,Xbox 360,Microsoft,Home Console,2012.0,JP,6.077,,79.0,,Multiplatform,N/A,False
Final Fantasy XIII-2,Square Enix,Square Enix,Final Fantasy,Role-Playing,Turn-Based RPG,2D,Xbox 360,Microsoft,Home Console,2012.0,NA,6.077,,79.0,,Multiplatform,N/A,False
Final Fantasy XIII-2,Square Enix,Square Enix,Final Fantasy,Role-Playing,Turn-Based RPG,2D,Xbox 360,Microsoft,Home Console,2012.0,Other,6.077,,79.0,,Multiplatform,N/A,False
Final Fantasy XIII-2,Square Enix,Square Enix,Final Fantasy,Role-Playing,Turn-Based RPG,2D,Xbox 360,Microsoft,Home Console,2012.0,PAL,6.077,,79.0,,Multiplatform,N/A,False
,Square Enix,Square Enix,Standalone,,,,Xbox One,,,,,,,52.0,,Multiplatform,,False
,Square Enix,Square Enix,Standalone,,,,Lightning Returns: Final Fantasy XIII,,,,,,,86.0,,Exclusive,,False
,Square Enix,Square Enix,Standalone,,,,Mac,,,,,,,86.0,,Exclusive,,False
,Square Enix,Square Enix,Standalone,,,,Nintendo Switch 2,,,,,,,86.0,,Exclusive,,False
,Square Enix,Square Enix,Standalone,,,,PC,,,,,,,86.0,,Exclusive,,False
,Square Enix,Square Enix,Standalone,,,,PS3,,,,,,,86.0,,Exclusive,,False
Final Fantasy XIV: A Realm Reborn,Square Enix,Square Enix,Final Fantasy,MMO,Turn-Based RPG,2D,PS4,PlayStation,Home Console,2014.0,JP,0.08,,86.0,,Exclusive,N/A,False
Final Fantasy XIV: A Realm Reborn,Square Enix,Square Enix,Final Fantasy,MMO,Turn-Based RPG,2D,PS4,PlayStation,Home Console,2014.0,NA,0.35,,86.0,,Exclusive,N/A,False
Final Fantasy XIV: A Realm Reborn,Square Enix,Square Enix,Final Fantasy,MMO,Turn-Based RPG,2D,PS4,PlayStation,Home Console,2014.0,Other,0.12,,86.0,,Exclusive,N/A,False
Final Fantasy XIV: A Realm Reborn,Square Enix,Square Enix,Final Fantasy,MMO,Turn-Based RPG,2D,PS4,PlayStation,Home Console,2014.0,PAL,0.23,,86.0,,Exclusive,N/A,False
,Square Enix,Square Enix,Standalone,,,,PS5,,,,,,,86.0,,Exclusive,,False
,Square Enix,Square Enix,Standalone,,,,Xbox Series X/S,,,,,,,86.0,,Exclusive,,False
Final Fantasy XIV: Heavensward,Square Enix,Square Enix,Final Fantasy,MMO,Turn-Based RPG,2D,PC,PC,PC,2015.0,JP,,,85.0,,Multiplatform,N/A,False
Final Fantasy XIV: Heavensward,Square Enix,Square Enix,Final Fantasy,MMO,Turn-Based RPG,2D,PC,PC,PC,2015.0,NA,0.02,,85.0,,Multiplatform,N/A,False
Final Fantasy XIV: Heavensward,Square Enix,Square Enix,Final Fantasy,MMO,Turn-Based RPG,2D,PC,PC,PC,2015.0,Other,0.0,,85.0,,Multiplatform,N/A,False
Final Fantasy XIV: Heavensward,Square Enix,Square Enix,Final Fantasy,MMO,Turn-Based RPG,2D,PC,PC,PC,2015.0,PAL,0.01,,85.0,,Multiplatform,N/A,False
Final Fantasy XIV: Heavensward,Square Enix,Square Enix,Final Fantasy,MMO,Turn-Based RPG,2D,PS3,PlayStation,Home Console,2015.0,JP,0.01,,85.0,,Multiplatform,N/A,False
Final Fantasy XIV: Heavensward,Square Enix,Square Enix,Final Fantasy,MMO,Turn-Based RPG,2D,PS3,PlayStation,Home Console,2015.0,NA,0.02,,85.0,,Multiplatform,N/A,False
Final Fantasy XIV: Heavensward,Square Enix,Square Enix,Final Fantasy,MMO,Turn-Based RPG,2D,PS3,PlayStation,Home Console,2015.0,Other,0.0,,85.0,,Multiplatform,N/A,False
Final Fantasy XIV: Heavensward,Square Enix,Square Enix,Final Fantasy,MMO,Turn-Based RPG,2D,PS3,PlayStation,Home Console,2015.0,PAL,,,85.0,,Multiplatform,N/A,False
Final Fantasy XIV: Heavensward,Square Enix,Square Enix,Final Fantasy,MMO,Turn-Based RPG,2D,PS4,PlayStation,Home Console,2015.0,JP,0.06,,85.0,,Multiplatform,N/A,False
Final Fantasy XIV: Heavensward,Square Enix,Square Enix,Final Fantasy,MMO,Turn-Based RPG,2D,PS4,PlayStation,Home Console,2015.0,NA,,,85.0,,Multiplatform,N/A,False
Final Fantasy XIV: Heavensward,Square Enix,Square Enix,Final Fantasy,MMO,Turn-Based RPG,2D,PS4,PlayStation,Home Console,2015.0,Other,0.02,,85.0,,Multiplatform,N/A,False
Final Fantasy XIV: Heavensward,Square Enix,Square Enix,Final Fantasy,MMO,Turn-Based RPG,2D,PS4,PlayStation,Home Console,2015.0,PAL,0.09,,85.0,,Multiplatform,N/A,False
Final Fantasy XIV Online,Square Enix,Square Enix,Final Fantasy,MMO,Turn-Based RPG,2D,PC,PC,PC,2010.0,JP,,,53.0,,Timed Exclusive,N/A,False
Final Fantasy XIV Online,Square Enix,Square Enix,Final Fantasy,MMO,Turn-Based RPG,2D,PC,PC,PC,2010.0,NA,,,53.0,,Timed Exclusive,N/A,False
Final Fantasy XIV Online,Square Enix,Square Enix,Final Fantasy,MMO,Turn-Based RPG,2D,PC,PC,PC,2010.0,Other,,,53.0,,Timed Exclusive,N/A,False
Final Fantasy XIV Online,Square Enix,Square Enix,Final Fantasy,MMO,Turn-Based RPG,2D,PC,PC,PC,2010.0,PAL,,,53.0,,Timed Exclusive,N/A,False
Final Fantasy XIV Online,Square Enix,Square Enix,Final Fantasy,MMO,Turn-Based RPG,2D,PS3,PlayStation,Home Console,2013.0,JP,0.28,,86.0,,Timed Exclusive,N/A,False
Final Fantasy XIV Online,Square Enix,Square Enix,Final Fantasy,MMO,Turn-Based RPG,2D,PS3,PlayStation,Home Console,2013.0,NA,0.39,,86.0,,Timed Exclusive,N/A,False
Final Fantasy XIV Online,Square Enix,Square Enix,Final Fantasy,MMO,Turn-Based RPG,2D,PS3,PlayStation,Home Console,2013.0,Other,0.11,,86.0,,Timed Exclusive,N/A,False
Final Fantasy XIV Online,Square Enix,Square Enix,Final Fantasy,MMO,Turn-Based RPG,2D,PS3,PlayStation,Home Console,2013.0,PAL,0.09,,86.0,,Timed Exclusive,N/A,False
Final Fantasy XIV Online Complete Edition,Square Enix,Square Enix,Final Fantasy,MMO,Turn-Based RPG,2D,PC,PC,PC,2017.0,JP,,,,,Multiplatform,N/A,False
Final Fantasy XIV Online Complete Edition,Square Enix,Square Enix,Final Fantasy,MMO,Turn-Based RPG,2D,PC,PC,PC,2017.0,NA,,,,,Multiplatform,N/A,False
Final Fantasy XIV Online Complete Edition,Square Enix,Square Enix,Final Fantasy,MMO,Turn-Based RPG,2D,PC,PC,PC,2017.0,Other,0.0,,,,Multiplatform,N/A,False
Final Fantasy XIV Online Complete Edition,Square Enix,Square Enix,Final Fantasy,MMO,Turn-Based RPG,2D,PC,PC,PC,2017.0,PAL,0.01,,,,Multiplatform,N/A,False
Final Fantasy XIV Online Complete Edition,Square Enix,Square Enix,Final Fantasy,MMO,Turn-Based RPG,2D,PS4,PlayStation,Home Console,2017.0,JP,0.02,,,,Multiplatform,N/A,False
Final Fantasy XIV Online Complete Edition,Square Enix,Square Enix,Final Fantasy,MMO,Turn-Based RPG,2D,PS4,PlayStation,Home Console,2017.0,NA,0.07,,,,Multiplatform,N/A,False
Final Fantasy XIV Online Complete Edition,Square Enix,Square Enix,Final Fantasy,MMO,Turn-Based RPG,2D,PS4,PlayStation,Home Console,2017.0,Other,0.02,,,,Multiplatform,N/A,False
Final Fantasy XIV Online Complete Edition,Square Enix,Square Enix,Final Fantasy,MMO,Turn-Based RPG,2D,PS4,PlayStation,Home Console,2017.0,PAL,,,,,Multiplatform,N/A,False
Final Fantasy XIV: Shadowbringers,Square Enix,Square Enix,Final Fantasy,MMO,Turn-Based RPG,2D,PC,PC,PC,2019.0,JP,,,89.0,,Multiplatform,N/A,False
Final Fantasy XIV: Shadowbringers,Square Enix,Square Enix,Final Fantasy,MMO,Turn-Based RPG,2D,PC,PC,PC,2019.0,NA,,,89.0,,Multiplatform,N/A,False
Final Fantasy XIV: Shadowbringers,Square Enix,Square Enix,Final Fantasy,MMO,Turn-Based RPG,2D,PC,PC,PC,2019.0,Other,,,89.0,,Multiplatform,N/A,False
Final Fantasy XIV: Shadowbringers,Square Enix,Square Enix,Final Fantasy,MMO,Turn-Based RPG,2D,PC,PC,PC,2019.0,PAL,,,89.0,,Multiplatform,N/A,False
Final Fantasy XIV: Shadowbringers,Square Enix,Square Enix,Final Fantasy,MMO,Turn-Based RPG,2D,PS4,PlayStation,Home Console,2019.0,JP,,,89.0,,Multiplatform,N/A,False
Final Fantasy XIV: Shadowbringers,Square Enix,Square Enix,Final Fantasy,MMO,Turn-Based RPG,2D,PS4,PlayStation,Home Console,2019.0,NA,,,89.0,,Multiplatform,N/A,False
Final Fantasy XIV: Shadowbringers,Square Enix,Square Enix,Final Fantasy,MMO,Turn-Based RPG,2D,PS4,PlayStation,Home Console,2019.0,Other,,,89.0,,Multiplatform,N/A,False
Final Fantasy XIV: Shadowbringers,Square Enix,Square Enix,Final Fantasy,MMO,Turn-Based RPG,2D,PS4,PlayStation,Home Console,2019.0,PAL,,,89.0,,Multiplatform,N/A,False
Final Fantasy XIV: Stormblood,Square Enix,Square Enix,Final Fantasy,MMO,Turn-Based RPG,2D,PC,PC,PC,2017.0,JP,,,88.0,,Multiplatform,N/A,False
Final Fantasy XIV: Stormblood,Square Enix,Square Enix,Final Fantasy,MMO,Turn-Based RPG,2D,PC,PC,PC,2017.0,NA,0.04,,88.0,,Multiplatform,N/A,False
Final Fantasy XIV: Stormblood,Square Enix,Square Enix,Final Fantasy,MMO,Turn-Based RPG,2D,PC,PC,PC,2017.0,Other,0.01,,88.0,,Multiplatform,N/A,False
Final Fantasy XIV: Stormblood,Square Enix,Square Enix,Final Fantasy,MMO,Turn-Based RPG,2D,PC,PC,PC,2017.0,PAL,0.02,,88.0,,Multiplatform,N/A,False
Final Fantasy XIV: Stormblood,Square Enix,Square Enix,Final Fantasy,MMO,Turn-Based RPG,2D,PS4,PlayStation,Home Console,2017.0,JP,0.04,,88.0,,Multiplatform,N/A,False
Final Fantasy XIV: Stormblood,Square Enix,Square Enix,Final Fantasy,MMO,Turn-Based RPG,2D,PS4,PlayStation,Home Console,2017.0,NA,0.05,,88.0,,Multiplatform,N/A,False
Final Fantasy XIV: Stormblood,Square Enix,Square Enix,Final Fantasy,MMO,Turn-Based RPG,2D,PS4,PlayStation,Home Console,2017.0,Other,0.02,,88.0,,Multiplatform,N/A,False
Final Fantasy XIV: Stormblood,Square Enix,Square Enix,Final Fantasy,MMO,Turn-Based RPG,2D,PS4,PlayStation,Home Console,2017.0,PAL,0.06,,88.0,,Multiplatform,N/A,False
Final Fantasy XV,Square Enix,Square Enix,Final Fantasy,Role-Playing,Turn-Based RPG,3D,All,Other,Other,2016.0,JP,10.27,948100000,81.0,,Multiplatform,N/A,False
Final Fantasy XV,Square Enix,Square Enix,Final Fantasy,Role-Playing,Turn-Based RPG,3D,All,Other,Other,2016.0,NA,10.27,948100000,81.0,,Multiplatform,N/A,False
Final Fantasy XV,Square Enix,Square Enix,Final Fantasy,Role-Playing,Turn-Based RPG,3D,All,Other,Other,2016.0,Other,10.27,948100000,81.0,,Multiplatform,N/A,False
Final Fantasy XV,Square Enix,Square Enix,Final Fantasy,Role-Playing,Turn-Based RPG,3D,All,Other,Other,2016.0,PAL,10.27,948100000,81.0,,Multiplatform,N/A,False
,Square Enix,Square Enix / HexaDrive / XPEC Entertainment / Luminous Productions,Standalone,,,,PC,,,,,,,81.0,,Multiplatform,,False
Final Fantasy XV,Square Enix,Square Enix,Final Fantasy,Role-Playing,Turn-Based RPG,3D,PS4,PlayStation,Home Console,2016.0,JP,10.27,948100000,81.0,,Multiplatform,N/A,False
Final Fantasy XV,Square Enix,Square Enix,Final Fantasy,Role-Playing,Turn-Based RPG,3D,PS4,PlayStation,Home Console,2016.0,NA,10.27,948100000,81.0,,Multiplatform,N/A,False
Final Fantasy XV,Square Enix,Square Enix,Final Fantasy,Role-Playing,Turn-Based RPG,3D,PS4,PlayStation,Home Console,2016.0,Other,10.27,948100000,81.0,,Multiplatform,N/A,False
Final Fantasy XV,Square Enix,Square Enix,Final Fantasy,Role-Playing,Turn-Based RPG,3D,PS4,PlayStation,Home Console,2016.0,PAL,10.27,948100000,81.0,,Multiplatform,N/A,False
,Square Enix,Square Enix / HexaDrive / XPEC Entertainment / Luminous Productions,Standalone,,,,SaGa: Scarlet Grace,,,,,,,81.0,,Multiplatform,,False
,Square Enix,Square Enix / HexaDrive / XPEC Entertainment / Luminous Productions,Standalone,,,,Stadia,,,,,,,81.0,,Multiplatform,,False
Final Fantasy XV,Square Enix,Square Enix,Final Fantasy,Role-Playing,Turn-Based RPG,3D,Xbox One,Microsoft,Home Console,2016.0,JP,10.27,948100000,81.0,,Multiplatform,N/A,False
Final Fantasy XV,Square Enix,Square Enix,Final Fantasy,Role-Playing,Turn-Based RPG,3D,Xbox One,Microsoft,Home Console,2016.0,NA,10.27,948100000,81.0,,Multiplatform,N/A,False
Final Fantasy XV,Square Enix,Square Enix,Final Fantasy,Role-Playing,Turn-Based RPG,3D,Xbox One,Microsoft,Home Console,2016.0,Other,10.27,948100000,81.0,,Multiplatform,N/A,False
Final Fantasy XV,Square Enix,Square Enix,Final Fantasy,Role-Playing,Turn-Based RPG,3D,Xbox One,Microsoft,Home Console,2016.0,PAL,10.27,948100000,81.0,,Multiplatform,N/A,False
Final Fantasy XV Multiplayer: Comrades,Square Enix,Square Enix,Final Fantasy,Role-Playing,Turn-Based RPG,2D,PS4,PlayStation,Home Console,2018.0,JP,,,,,Multiplatform,N/A,False
Final Fantasy XV Multiplayer: Comrades,Square Enix,Square Enix,Final Fantasy,Role-Playing,Turn-Based RPG,2D,PS4,PlayStation,Home Console,2018.0,NA,,,,,Multiplatform,N/A,False
Final Fantasy XV Multiplayer: Comrades,Square Enix,Square Enix,Final Fantasy,Role-Playing,Turn-Based RPG,2D,PS4,PlayStation,Home Console,2018.0,Other,,,,,Multiplatform,N/A,False
Final Fantasy XV Multiplayer: Comrades,Square Enix,Square Enix,Final Fantasy,Role-Playing,Turn-Based RPG,2D,PS4,PlayStation,Home Console,2018.0,PAL,,,,,Multiplatform,N/A,False
Final Fantasy XV Multiplayer: Comrades,Square Enix,Square Enix,Final Fantasy,Role-Playing,Turn-Based RPG,2D,Xbox One,Microsoft,Home Console,2018.0,JP,,,,,Multiplatform,N/A,False
Final Fantasy XV Multiplayer: Comrades,Square Enix,Square Enix,Final Fantasy,Role-Playing,Turn-Based RPG,2D,Xbox One,Microsoft,Home Console,2018.0,NA,,,,,Multiplatform,N/A,False
Final Fantasy XV Multiplayer: Comrades,Square Enix,Square Enix,Final Fantasy,Role-Playing,Turn-Based RPG,2D,Xbox One,Microsoft,Home Console,2018.0,Other,,,,,Multiplatform,N/A,False
Final Fantasy XV Multiplayer: Comrades,Square Enix,Square Enix,Final Fantasy,Role-Playing,Turn-Based RPG,2D,Xbox One,Microsoft,Home Console,2018.0,PAL,,,,,Multiplatform,N/A,False
Final Fantasy XV Pocket Edition,Square Enix,Square Enix,Final Fantasy,Role-Playing,Turn-Based RPG,2D,And,Other,Other,2018.0,JP,,,64.0,,Multiplatform,N/A,False
Final Fantasy XV Pocket Edition,Square Enix,Square Enix,Final Fantasy,Role-Playing,Turn-Based RPG,2D,And,Other,Other,2018.0,NA,,,64.0,,Multiplatform,N/A,False
Final Fantasy XV Pocket Edition,Square Enix,Square Enix,Final Fantasy,Role-Playing,Turn-Based RPG,2D,And,Other,Other,2018.0,Other,,,64.0,,Multiplatform,N/A,False
Final Fantasy XV Pocket Edition,Square Enix,Square Enix,Final Fantasy,Role-Playing,Turn-Based RPG,2D,And,Other,Other,2018.0,PAL,,,64.0,,Multiplatform,N/A,False
,Square Enix,"February 27, 2018",Standalone,,,,Gravel,,,,,,,64.0,,Multiplatform,,False
Final Fantasy XV Pocket Edition,Square Enix,Square Enix,Final Fantasy,Role-Playing,Turn-Based RPG,2D,Mobile,Mobile,Mobile,2018.0,JP,,,64.0,,Multiplatform,N/A,False
Final Fantasy XV Pocket Edition,Square Enix,Square Enix,Final Fantasy,Role-Playing,Turn-Based RPG,2D,Mobile,Mobile,Mobile,2018.0,NA,,,64.0,,Multiplatform,N/A,False
Final Fantasy XV Pocket Edition,Square Enix,Square Enix,Final Fantasy,Role-Playing,Turn-Based RPG,2D,Mobile,Mobile,Mobile,2018.0,Other,,,64.0,,Multiplatform,N/A,False
Final Fantasy XV Pocket Edition,Square Enix,Square Enix,Final Fantasy,Role-Playing,Turn-Based RPG,2D,Mobile,Mobile,Mobile,2018.0,PAL,,,64.0,,Multiplatform,N/A,False
,Square Enix,"July 13, 2018",Standalone,,,,Octopath Traveler,,,,,,,64.0,,Multiplatform,,False
Final Fantasy XV Pocket Edition,Square Enix,Square Enix,Final Fantasy,Role-Playing,Turn-Based RPG,2D,PC,PC,PC,2018.0,JP,,,64.0,,Multiplatform,N/A,False
Final Fantasy XV Pocket Edition,Square Enix,Square Enix,Final Fantasy,Role-Playing,Turn-Based RPG,2D,PC,PC,PC,2018.0,NA,,,64.0,,Multiplatform,N/A,False
Final Fantasy XV Pocket Edition,Square Enix,Square Enix,Final Fantasy,Role-Playing,Turn-Based RPG,2D,PC,PC,PC,2018.0,Other,,,64.0,,Multiplatform,N/A,False
Final Fantasy XV Pocket Edition,Square Enix,Square Enix,Final Fantasy,Role-Playing,Turn-Based RPG,2D,PC,PC,PC,2018.0,PAL,,,64.0,,Multiplatform,N/A,False
,Square Enix,[ 322 ],Standalone,,,,PS4,,,,,,,64.0,,Multiplatform,,False
,Square Enix,"September 13, 2018",Standalone,,,,Switch,,,,,,,64.0,,Multiplatform,,False
,Square Enix,[ 322 ],Standalone,,,,Xbox One,,,,,,,64.0,,Multiplatform,,False
Final Fantasy XV Pocket Edition HD,Square Enix,Square Enix,Final Fantasy,Role-Playing,Turn-Based RPG,2D,PS4,PlayStation,Home Console,2018.0,JP,,,64.0,,Multiplatform,N/A,False
Final Fantasy XV Pocket Edition HD,Square Enix,Square Enix,Final Fantasy,Role-Playing,Turn-Based RPG,2D,PS4,PlayStation,Home Console,2018.0,NA,,,64.0,,Multiplatform,N/A,False
Final Fantasy XV Pocket Edition HD,Square Enix,Square Enix,Final Fantasy,Role-Playing,Turn-Based RPG,2D,PS4,PlayStation,Home Console,2018.0,Other,,,64.0,,Multiplatform,N/A,False
Final Fantasy XV Pocket Edition HD,Square Enix,Square Enix,Final Fantasy,Role-Playing,Turn-Based RPG,2D,PS4,PlayStation,Home Console,2018.0,PAL,,,64.0,,Multiplatform,N/A,False
Final Fantasy XV Pocket Edition HD,Square Enix,Square Enix,Final Fantasy,Role-Playing,Turn-Based RPG,2D,Switch,Nintendo,Home Console,2018.0,JP,,,64.0,,Multiplatform,Post-Merger,False
Final Fantasy XV Pocket Edition HD,Square Enix,Square Enix,Final Fantasy,Role-Playing,Turn-Based RPG,2D,Switch,Nintendo,Home Console,2018.0,NA,,,64.0,,Multiplatform,Post-Merger,False
Final Fantasy XV Pocket Edition HD,Square Enix,Square Enix,Final Fantasy,Role-Playing,Turn-Based RPG,2D,Switch,Nintendo,Home Console,2018.0,Other,,,64.0,,Multiplatform,Post-Merger,False
Final Fantasy XV Pocket Edition HD,Square Enix,Square Enix,Final Fantasy,Role-Playing,Turn-Based RPG,2D,Switch,Nintendo,Home Console,2018.0,PAL,,,64.0,,Multiplatform,Post-Merger,False
Final Fantasy XV Pocket Edition HD,Square Enix,Square Enix,Final Fantasy,Role-Playing,Turn-Based RPG,2D,Xbox One,Microsoft,Home Console,2018.0,JP,,,64.0,,Multiplatform,N/A,False
Final Fantasy XV Pocket Edition HD,Square Enix,Square Enix,Final Fantasy,Role-Playing,Turn-Based RPG,2D,Xbox One,Microsoft,Home Console,2018.0,NA,,,64.0,,Multiplatform,N/A,False
Final Fantasy XV Pocket Edition HD,Square Enix,Square Enix,Final Fantasy,Role-Playing,Turn-Based RPG,2D,Xbox One,Microsoft,Home Console,2018.0,Other,,,64.0,,Multiplatform,N/A,False
Final Fantasy XV Pocket Edition HD,Square Enix,Square Enix,Final Fantasy,Role-Playing,Turn-Based RPG,2D,Xbox One,Microsoft,Home Console,2018.0,PAL,,,64.0,,Multiplatform,N/A,False
Final Fantasy XV: Windows Edition,Square Enix,Square Enix,Final Fantasy,Role-Playing,Turn-Based RPG,2D,PC,PC,PC,2018.0,JP,,,85.0,,Exclusive,N/A,False
Final Fantasy XV: Windows Edition,Square Enix,Square Enix,Final Fantasy,Role-Playing,Turn-Based RPG,2D,PC,PC,PC,2018.0,NA,,,85.0,,Exclusive,N/A,False
Final Fantasy XV: Windows Edition,Square Enix,Square Enix,Final Fantasy,Role-Playing,Turn-Based RPG,2D,PC,PC,PC,2018.0,Other,,,85.0,,Exclusive,N/A,False
Final Fantasy XV: Windows Edition,Square Enix,Square Enix,Final Fantasy,Role-Playing,Turn-Based RPG,2D,PC,PC,PC,2018.0,PAL,,,85.0,,Exclusive,N/A,False
,Square Enix,Square Enix,Standalone,,,,Ketsugou Danshi: Elements with Emotions,,,,,,,81.0,,Timed Exclusive,,False
Final Fantasy XVI,Square Enix,Square Enix,Final Fantasy,Role-Playing,Turn-Based RPG,3D,PC,PC,PC,2021.0,JP,3.7,,81.0,,Timed Exclusive,N/A,False
Final Fantasy XVI,Square Enix,Square Enix,Final Fantasy,Role-Playing,Turn-Based RPG,3D,PC,PC,PC,2021.0,NA,3.7,,81.0,,Timed Exclusive,N/A,False
Final Fantasy XVI,Square Enix,Square Enix,Final Fantasy,Role-Playing,Turn-Based RPG,3D,PC,PC,PC,2021.0,Other,3.7,,81.0,,Timed Exclusive,N/A,False
Final Fantasy XVI,Square Enix,Square Enix,Final Fantasy,Role-Playing,Turn-Based RPG,3D,PC,PC,PC,2021.0,PAL,3.7,,81.0,,Timed Exclusive,N/A,False
Final Fantasy XVI,Square Enix,Square Enix,Final Fantasy,Role-Playing,Turn-Based RPG,3D,PS5,PlayStation,Home Console,2023.0,JP,3.7,,81.0,,Timed Exclusive,N/A,False
Final Fantasy XVI,Square Enix,Square Enix,Final Fantasy,Role-Playing,Turn-Based RPG,3D,PS5,PlayStation,Home Console,2023.0,NA,3.7,,81.0,,Timed Exclusive,N/A,False
Final Fantasy XVI,Square Enix,Square Enix,Final Fantasy,Role-Playing,Turn-Based RPG,3D,PS5,PlayStation,Home Console,2023.0,Other,3.7,,81.0,,Timed Exclusive,N/A,False
Final Fantasy XVI,Square Enix,Square Enix,Final Fantasy,Role-Playing,Turn-Based RPG,3D,PS5,PlayStation,Home Console,2023.0,PAL,3.7,,81.0,,Timed Exclusive,N/A,False
,Square Enix,Square Enix,Standalone,,,,Xbox Series X/S,,,,,,,81.0,,Timed Exclusive,,False
Final Fantasy II,Squaresoft,Square,Final Fantasy,Role-Playing,Turn-Based RPG,2D,All,Other,Other,1988.0,JP,,,75.0,,Multiplatform,N/A,True
Final Fantasy II,Squaresoft,Square,Final Fantasy,Role-Playing,Turn-Based RPG,2D,All,Other,Other,1988.0,NA,,,75.0,,Multiplatform,N/A,True
Final Fantasy II,Squaresoft,Square,Final Fantasy,Role-Playing,Turn-Based RPG,2D,All,Other,Other,1988.0,Other,,,75.0,,Multiplatform,N/A,True
Final Fantasy II,Squaresoft,Square,Final Fantasy,Role-Playing,Turn-Based RPG,2D,All,Other,Other,1988.0,PAL,,,75.0,,Multiplatform,N/A,True
Final Fantasy II,Squaresoft,Square,Final Fantasy,Role-Playing,Turn-Based RPG,2D,NES,Nintendo,Home Console,1988.0,JP,0.76,,75.0,,Multiplatform,Pre-Split,True
Final Fantasy II,Squaresoft,Square,Final Fantasy,Role-Playing,Turn-Based RPG,2D,NES,Nintendo,Home Console,1988.0,NA,,,75.0,,Multiplatform,Pre-Split,True
Final Fantasy II,Squaresoft,Square,Final Fantasy,Role-Playing,Turn-Based RPG,2D,NES,Nintendo,Home Console,1988.0,Other,,,75.0,,Multiplatform,Pre-Split,True
Final Fantasy II,Squaresoft,Square,Final Fantasy,Role-Playing,Turn-Based RPG,2D,NES,Nintendo,Home Console,1988.0,PAL,,,75.0,,Multiplatform,Pre-Split,True
Final Fantasy II,Square Enix,SquareSoft,Final Fantasy,Role-Playing,Turn-Based RPG,2D,PS1,PlayStation,Home Console,2003.0,JP,,,75.0,,Multiplatform,N/A,True
Final Fantasy II,Square Enix,SquareSoft,Final Fantasy,Role-Playing,Turn-Based RPG,2D,PS1,PlayStation,Home Console,2003.0,NA,,,75.0,,Multiplatform,N/A,True
Final Fantasy II,Square Enix,SquareSoft,Final Fantasy,Role-Playing,Turn-Based RPG,2D,PS1,PlayStation,Home Console,2003.0,Other,,,75.0,,Multiplatform,N/A,True
Final Fantasy II,Square Enix,SquareSoft,Final Fantasy,Role-Playing,Turn-Based RPG,2D,PS1,PlayStation,Home Console,2003.0,PAL,,,75.0,,Multiplatform,N/A,True
Final Fantasy II,Square Enix,SquareSoft,Final Fantasy,Role-Playing,Turn-Based RPG,2D,PSN,Other,Other,2011.0,JP,,,75.0,,Multiplatform,N/A,True
Final Fantasy II,Square Enix,SquareSoft,Final Fantasy,Role-Playing,Turn-Based RPG,2D,PSN,Other,Other,2011.0,NA,,,75.0,,Multiplatform,N/A,True
Final Fantasy II,Square Enix,SquareSoft,Final Fantasy,Role-Playing,Turn-Based RPG,2D,PSN,Other,Other,2011.0,Other,,,75.0,,Multiplatform,N/A,True
Final Fantasy II,Square Enix,SquareSoft,Final Fantasy,Role-Playing,Turn-Based RPG,2D,PSN,Other,Other,2011.0,PAL,,,75.0,,Multiplatform,N/A,True
Final Fantasy II,Square Enix,Unknown,Final Fantasy,Role-Playing,Turn-Based RPG,2D,PSP,PlayStation,Handheld,2007.0,JP,,,75.0,,Multiplatform,N/A,True
Final Fantasy II,Square Enix,Unknown,Final Fantasy,Role-Playing,Turn-Based RPG,2D,PSP,PlayStation,Handheld,2007.0,NA,,,75.0,,Multiplatform,N/A,True
Final Fantasy II,Square Enix,Unknown,Final Fantasy,Role-Playing,Turn-Based RPG,2D,PSP,PlayStation,Handheld,2007.0,Other,,,75.0,,Multiplatform,N/A,True
Final Fantasy II,Square Enix,Unknown,Final Fantasy,Role-Playing,Turn-Based RPG,2D,PSP,PlayStation,Handheld,2007.0,PAL,,,75.0,,Multiplatform,N/A,True
Final Fantasy II,Squaresoft,Square,Final Fantasy,Role-Playing,Turn-Based RPG,2D,SNES,Nintendo,Home Console,1991.0,JP,,,100.0,,Multiplatform,Pre-Split,True
Final Fantasy II,Squaresoft,Square,Final Fantasy,Role-Playing,Turn-Based RPG,2D,SNES,Nintendo,Home Console,1991.0,NA,,,100.0,,Multiplatform,Pre-Split,True
Final Fantasy II,Squaresoft,Square,Final Fantasy,Role-Playing,Turn-Based RPG,2D,SNES,Nintendo,Home Console,1991.0,Other,,,100.0,,Multiplatform,Pre-Split,True
Final Fantasy II,Squaresoft,Square,Final Fantasy,Role-Playing,Turn-Based RPG,2D,SNES,Nintendo,Home Console,1991.0,PAL,,,100.0,,Multiplatform,Pre-Split,True
Final Fantasy II,Square Enix,Square,Final Fantasy,Role-Playing,Turn-Based RPG,2D,VC,Other,Other,2009.0,JP,,,75.0,,Multiplatform,N/A,True
Final Fantasy II,Square Enix,Square,Final Fantasy,Role-Playing,Turn-Based RPG,2D,VC,Other,Other,2009.0,NA,,,75.0,,Multiplatform,N/A,True
Final Fantasy II,Square Enix,Square,Final Fantasy,Role-Playing,Turn-Based RPG,2D,VC,Other,Other,2009.0,Other,,,75.0,,Multiplatform,N/A,True
Final Fantasy II,Square Enix,Square,Final Fantasy,Role-Playing,Turn-Based RPG,2D,VC,Other,Other,2009.0,PAL,,,75.0,,Multiplatform,N/A,True
Final Fantasy II,Squaresoft,SquareSoft,Final Fantasy,Role-Playing,Turn-Based RPG,2D,WS,Other,Other,2001.0,JP,0.25,,75.0,,Multiplatform,N/A,True
Final Fantasy II,Squaresoft,SquareSoft,Final Fantasy,Role-Playing,Turn-Based RPG,2D,WS,Other,Other,2001.0,NA,,,75.0,,Multiplatform,N/A,True
Final Fantasy II,Squaresoft,SquareSoft,Final Fantasy,Role-Playing,Turn-Based RPG,2D,WS,Other,Other,2001.0,Other,0.0,,75.0,,Multiplatform,N/A,True
Final Fantasy II,Squaresoft,SquareSoft,Final Fantasy,Role-Playing,Turn-Based RPG,2D,WS,Other,Other,2001.0,PAL,,,75.0,,Multiplatform,N/A,True
,Squaresoft,Square,Standalone,,,,WonderSwan,,,,,,,75.0,,Multiplatform,,False
Final Fantasy II Anniversary Edition,Square Enix,Square Enix,Final Fantasy,Role-Playing,Turn-Based RPG,2D,PSN,Other,Other,2011.0,JP,,,,,Timed Exclusive,N/A,False
Final Fantasy II Anniversary Edition,Square Enix,Square Enix,Final Fantasy,Role-Playing,Turn-Based RPG,2D,PSN,Other,Other,2011.0,NA,,,,,Timed Exclusive,N/A,False
Final Fantasy II Anniversary Edition,Square Enix,Square Enix,Final Fantasy,Role-Playing,Turn-Based RPG,2D,PSN,Other,Other,2011.0,Other,,,,,Timed Exclusive,N/A,False
Final Fantasy II Anniversary Edition,Square Enix,Square Enix,Final Fantasy,Role-Playing,Turn-Based RPG,2D,PSN,Other,Other,2011.0,PAL,,,,,Timed Exclusive,N/A,False
Final Fantasy II Anniversary Edition,Square Enix,Square Enix,Final Fantasy,Role-Playing,Turn-Based RPG,2D,PSP,PlayStation,Handheld,2007.0,JP,,,65.0,,Timed Exclusive,N/A,False
Final Fantasy II Anniversary Edition,Square Enix,Square Enix,Final Fantasy,Role-Playing,Turn-Based RPG,2D,PSP,PlayStation,Handheld,2007.0,NA,,,65.0,,Timed Exclusive,N/A,False
Final Fantasy II Anniversary Edition,Square Enix,Square Enix,Final Fantasy,Role-Playing,Turn-Based RPG,2D,PSP,PlayStation,Handheld,2007.0,Other,,,65.0,,Timed Exclusive,N/A,False
Final Fantasy II Anniversary Edition,Square Enix,Square Enix,Final Fantasy,Role-Playing,Turn-Based RPG,2D,PSP,PlayStation,Handheld,2007.0,PAL,,,65.0,,Timed Exclusive,N/A,False
Final Fantasy II (SNES),Square Enix,Square,Final Fantasy,Role-Playing,Turn-Based RPG,2D,VC,Other,Other,2010.0,JP,,,80.0,,Exclusive,N/A,False
Final Fantasy II (SNES),Square Enix,Square,Final Fantasy,Role-Playing,Turn-Based RPG,2D,VC,Other,Other,2010.0,NA,,,80.0,,Exclusive,N/A,False
Final Fantasy II (SNES),Square Enix,Square,Final Fantasy,Role-Playing,Turn-Based RPG,2D,VC,Other,Other,2010.0,Other,,,80.0,,Exclusive,N/A,False
Final Fantasy II (SNES),Square Enix,Square,Final Fantasy,Role-Playing,Turn-Based RPG,2D,VC,Other,Other,2010.0,PAL,,,80.0,,Exclusive,N/A,False
Final Fantasy III,Squaresoft,Square,Final Fantasy,Role-Playing,Turn-Based RPG,2D,All,Other,Other,1990.0,JP,5.683608,,63.0,,Multiplatform,N/A,False
Final Fantasy III,Squaresoft,Square,Final Fantasy,Role-Playing,Turn-Based RPG,2D,All,Other,Other,1990.0,NA,5.683608,,63.0,,Multiplatform,N/A,False
Final Fantasy III,Squaresoft,Square,Final Fantasy,Role-Playing,Turn-Based RPG,2D,All,Other,Other,1990.0,Other,5.683608,,63.0,,Multiplatform,N/A,False
Final Fantasy III,Squaresoft,Square,Final Fantasy,Role-Playing,Turn-Based RPG,2D,All,Other,Other,1990.0,PAL,5.683608,,63.0,,Multiplatform,N/A,False
Final Fantasy III,Square Enix,Matrix Software,Final Fantasy,Role-Playing,Turn-Based RPG,2D,DS,Nintendo,Handheld,2006.0,JP,5.683608,,74.0,,Multiplatform,Post-Merger,False
Final Fantasy III,Square Enix,Matrix Software,Final Fantasy,Role-Playing,Turn-Based RPG,2D,DS,Nintendo,Handheld,2006.0,NA,5.683608,,74.0,,Multiplatform,Post-Merger,False
Final Fantasy III,Square Enix,Matrix Software,Final Fantasy,Role-Playing,Turn-Based RPG,2D,DS,Nintendo,Handheld,2006.0,Other,5.683608,,74.0,,Multiplatform,Post-Merger,False
Final Fantasy III,Square Enix,Matrix Software,Final Fantasy,Role-Playing,Turn-Based RPG,2D,DS,Nintendo,Handheld,2006.0,PAL,5.683608,,74.0,,Multiplatform,Post-Merger,False
Final Fantasy III,Squaresoft,Square,Final Fantasy,Role-Playing,Turn-Based RPG,2D,NES,Nintendo,Home Console,1990.0,JP,5.683608,,63.0,,Multiplatform,Pre-Split,False
Final Fantasy III,Squaresoft,Square,Final Fantasy,Role-Playing,Turn-Based RPG,2D,NES,Nintendo,Home Console,1990.0,NA,5.683608,,63.0,,Multiplatform,Pre-Split,False
Final Fantasy III,Squaresoft,Square,Final Fantasy,Role-Playing,Turn-Based RPG,2D,NES,Nintendo,Home Console,1990.0,Other,5.683608,,63.0,,Multiplatform,Pre-Split,False
Final Fantasy III,Squaresoft,Square,Final Fantasy,Role-Playing,Turn-Based RPG,2D,NES,Nintendo,Home Console,1990.0,PAL,5.683608,,63.0,,Multiplatform,Pre-Split,False
,Squaresoft,Square,Standalone,,,,Nintendo Entertainment System ; WonderSwan Color (unreleased),,,,,,,63.0,,Multiplatform,,False
,Square Enix,Square Enix,Standalone,,,,Ouya,,,,,,,63.0,,Multiplatform,,False
Final Fantasy III,Square Enix,Unknown,Final Fantasy,Role-Playing,Turn-Based RPG,2D,PC,PC,PC,2014.0,JP,5.683608,,63.0,,Multiplatform,N/A,False
Final Fantasy III,Square Enix,Unknown,Final Fantasy,Role-Playing,Turn-Based RPG,2D,PC,PC,PC,2014.0,NA,5.683608,,63.0,,Multiplatform,N/A,False
Final Fantasy III,Square Enix,Unknown,Final Fantasy,Role-Playing,Turn-Based RPG,2D,PC,PC,PC,2014.0,Other,5.683608,,63.0,,Multiplatform,N/A,False
Final Fantasy III,Square Enix,Unknown,Final Fantasy,Role-Playing,Turn-Based RPG,2D,PC,PC,PC,2014.0,PAL,5.683608,,63.0,,Multiplatform,N/A,False
Final Fantasy III,Square Enix,Unknown,Final Fantasy,Role-Playing,Turn-Based RPG,2D,PSP,PlayStation,Handheld,2012.0,JP,5.683608,,63.0,,Multiplatform,N/A,False
Final Fantasy III,Square Enix,Unknown,Final Fantasy,Role-Playing,Turn-Based RPG,2D,PSP,PlayStation,Handheld,2012.0,NA,5.683608,,63.0,,Multiplatform,N/A,False
Final Fantasy III,Square Enix,Unknown,Final Fantasy,Role-Playing,Turn-Based RPG,2D,PSP,PlayStation,Handheld,2012.0,Other,5.683608,,63.0,,Multiplatform,N/A,False
Final Fantasy III,Square Enix,Unknown,Final Fantasy,Role-Playing,Turn-Based RPG,2D,PSP,PlayStation,Handheld,2012.0,PAL,5.683608,,63.0,,Multiplatform,N/A,False
,Square Enix,Square Enix,Standalone,,,,Project Sylpheed,,,,,,,63.0,,Multiplatform,,False
Final Fantasy III,Squaresoft,SquareSoft,Final Fantasy,Role-Playing,Turn-Based RPG,2D,SNES,Nintendo,Home Console,1994.0,JP,5.683608,,91.0,,Multiplatform,Pre-Split,False
Final Fantasy III,Squaresoft,SquareSoft,Final Fantasy,Role-Playing,Turn-Based RPG,2D,SNES,Nintendo,Home Console,1994.0,NA,5.683608,,91.0,,Multiplatform,Pre-Split,False
Final Fantasy III,Squaresoft,SquareSoft,Final Fantasy,Role-Playing,Turn-Based RPG,2D,SNES,Nintendo,Home Console,1994.0,Other,5.683608,,91.0,,Multiplatform,Pre-Split,False
Final Fantasy III,Squaresoft,SquareSoft,Final Fantasy,Role-Playing,Turn-Based RPG,2D,SNES,Nintendo,Home Console,1994.0,PAL,5.683608,,91.0,,Multiplatform,Pre-Split,False
Final Fantasy III,Square Enix,Square,Final Fantasy,Role-Playing,Turn-Based RPG,2D,VC,Other,Other,2011.0,JP,5.683608,,63.0,,Multiplatform,N/A,False
Final Fantasy III,Square Enix,Square,Final Fantasy,Role-Playing,Turn-Based RPG,2D,VC,Other,Other,2011.0,NA,5.683608,,63.0,,Multiplatform,N/A,False
Final Fantasy III,Square Enix,Square,Final Fantasy,Role-Playing,Turn-Based RPG,2D,VC,Other,Other,2011.0,Other,5.683608,,63.0,,Multiplatform,N/A,False
Final Fantasy III,Square Enix,Square,Final Fantasy,Role-Playing,Turn-Based RPG,2D,VC,Other,Other,2011.0,PAL,5.683608,,63.0,,Multiplatform,N/A,False
,Square Enix,"July 28, 2021",Standalone,,,,Final Fantasy II Pixel Remaster,,,,,,,78.0,,Multiplatform,,False
,Square Enix,"September 8, 2021",Standalone,,,,Final Fantasy IV Pixel Remaster,,,,,,,78.0,,Multiplatform,,False
,Square Enix,Yes,Standalone,,,,PS4,,,,,,,78.0,,Multiplatform,,False
,Square Enix,Yes,Standalone,,,,Switch,,,,,,,78.0,,Multiplatform,,False
,Square Enix,Yes,Standalone,,,,Xbox Series X/S,,,,,,,78.0,,Multiplatform,,False
Final Fantasy III (SNES),Square Enix,SquareSoft,Final Fantasy,Role-Playing,Turn-Based RPG,2D,VC,Other,Other,2011.0,JP,,,95.0,,Exclusive,N/A,False
Final Fantasy III (SNES),Square Enix,SquareSoft,Final Fantasy,Role-Playing,Turn-Based RPG,2D,VC,Other,Other,2011.0,NA,,,95.0,,Exclusive,N/A,False
Final Fantasy III (SNES),Square Enix,SquareSoft,Final Fantasy,Role-Playing,Turn-Based RPG,2D,VC,Other,Other,2011.0,Other,,,95.0,,Exclusive,N/A,False
Final Fantasy III (SNES),Square Enix,SquareSoft,Final Fantasy,Role-Playing,Turn-Based RPG,2D,VC,Other,Other,2011.0,PAL,,,95.0,,Exclusive,N/A,False
Final Fantasy IV,Squaresoft,Square,Final Fantasy,Role-Playing,Turn-Based RPG,2D,All,Other,Other,1991.0,JP,4.607651,,84.0,,Timed Exclusive,N/A,True
Final Fantasy IV,Squaresoft,Square,Final Fantasy,Role-Playing,Turn-Based RPG,2D,All,Other,Other,1991.0,NA,4.607651,,84.0,,Timed Exclusive,N/A,True
Final Fantasy IV,Squaresoft,Square,Final Fantasy,Role-Playing,Turn-Based RPG,2D,All,Other,Other,1991.0,Other,4.607651,,84.0,,Timed Exclusive,N/A,True
Final Fantasy IV,Squaresoft,Square,Final Fantasy,Role-Playing,Turn-Based RPG,2D,All,Other,Other,1991.0,PAL,4.607651,,84.0,,Timed Exclusive,N/A,True
Final Fantasy IV,Square Enix,Matrix Software,Final Fantasy,Role-Playing,Turn-Based RPG,2D,DS,Nintendo,Handheld,2008.0,JP,4.607651,,85.0,,Timed Exclusive,Post-Merger,True
Final Fantasy IV,Square Enix,Matrix Software,Final Fantasy,Role-Playing,Turn-Based RPG,2D,DS,Nintendo,Handheld,2008.0,NA,4.607651,,85.0,,Timed Exclusive,Post-Merger,True
Final Fantasy IV,Square Enix,Matrix Software,Final Fantasy,Role-Playing,Turn-Based RPG,2D,DS,Nintendo,Handheld,2008.0,Other,4.607651,,85.0,,Timed Exclusive,Post-Merger,True
Final Fantasy IV,Square Enix,Matrix Software,Final Fantasy,Role-Playing,Turn-Based RPG,2D,DS,Nintendo,Handheld,2008.0,PAL,4.607651,,85.0,,Timed Exclusive,Post-Merger,True
Final Fantasy IV,Square Enix,Unknown,Final Fantasy,Role-Playing,Turn-Based RPG,2D,GBA,Nintendo,Handheld,2005.0,JP,4.607651,,84.0,,Timed Exclusive,Post-Merger,True
Final Fantasy IV,Square Enix,Unknown,Final Fantasy,Role-Playing,Turn-Based RPG,2D,GBA,Nintendo,Handheld,2005.0,NA,4.607651,,84.0,,Timed Exclusive,Post-Merger,True
Final Fantasy IV,Square Enix,Unknown,Final Fantasy,Role-Playing,Turn-Based RPG,2D,GBA,Nintendo,Handheld,2005.0,Other,4.607651,,84.0,,Timed Exclusive,Post-Merger,True
Final Fantasy IV,Square Enix,Unknown,Final Fantasy,Role-Playing,Turn-Based RPG,2D,GBA,Nintendo,Handheld,2005.0,PAL,4.607651,,84.0,,Timed Exclusive,Post-Merger,True
Final Fantasy IV,Square Enix,Square Enix,Final Fantasy,Role-Playing,Turn-Based RPG,2D,PC,PC,PC,2014.0,JP,4.607651,,84.0,,Timed Exclusive,N/A,True
Final Fantasy IV,Square Enix,Square Enix,Final Fantasy,Role-Playing,Turn-Based RPG,2D,PC,PC,PC,2014.0,NA,4.607651,,84.0,,Timed Exclusive,N/A,True
Final Fantasy IV,Square Enix,Square Enix,Final Fantasy,Role-Playing,Turn-Based RPG,2D,PC,PC,PC,2014.0,Other,4.607651,,84.0,,Timed Exclusive,N/A,True
Final Fantasy IV,Square Enix,Square Enix,Final Fantasy,Role-Playing,Turn-Based RPG,2D,PC,PC,PC,2014.0,PAL,4.607651,,84.0,,Timed Exclusive,N/A,True
Final Fantasy IV,Squaresoft,SquareSoft,Final Fantasy,Role-Playing,Turn-Based RPG,2D,PS1,PlayStation,Home Console,2001.0,JP,4.607651,,84.0,,Timed Exclusive,N/A,True
Final Fantasy IV,Squaresoft,SquareSoft,Final Fantasy,Role-Playing,Turn-Based RPG,2D,PS1,PlayStation,Home Console,2001.0,NA,4.607651,,84.0,,Timed Exclusive,N/A,True
Final Fantasy IV,Squaresoft,SquareSoft,Final Fantasy,Role-Playing,Turn-Based RPG,2D,PS1,PlayStation,Home Console,2001.0,Other,4.607651,,84.0,,Timed Exclusive,N/A,True
Final Fantasy IV,Squaresoft,SquareSoft,Final Fantasy,Role-Playing,Turn-Based RPG,2D,PS1,PlayStation,Home Console,2001.0,PAL,4.607651,,84.0,,Timed Exclusive,N/A,True
Final Fantasy IV,Square Enix,Unknown,Final Fantasy,Role-Playing,Turn-Based RPG,2D,PSP,PlayStation,Handheld,2011.0,JP,4.607651,,84.0,,Timed Exclusive,N/A,True
Final Fantasy IV,Square Enix,Unknown,Final Fantasy,Role-Playing,Turn-Based RPG,2D,PSP,PlayStation,Handheld,2011.0,NA,4.607651,,84.0,,Timed Exclusive,N/A,True
Final Fantasy IV,Square Enix,Unknown,Final Fantasy,Role-Playing,Turn-Based RPG,2D,PSP,PlayStation,Handheld,2011.0,Other,4.607651,,84.0,,Timed Exclusive,N/A,True
Final Fantasy IV,Square Enix,Unknown,Final Fantasy,Role-Playing,Turn-Based RPG,2D,PSP,PlayStation,Handheld,2011.0,PAL,4.607651,,84.0,,Timed Exclusive,N/A,True
,Squaresoft,Square,Standalone,,,,SNES,,,,,,,84.0,,Timed Exclusive,,False
Final Fantasy IV,Squaresoft,SquareSoft,Final Fantasy,Role-Playing,Turn-Based RPG,2D,WS,Other,Other,2002.0,JP,4.607651,,84.0,,Timed Exclusive,N/A,True
Final Fantasy IV,Squaresoft,SquareSoft,Final Fantasy,Role-Playing,Turn-Based RPG,2D,WS,Other,Other,2002.0,NA,4.607651,,84.0,,Timed Exclusive,N/A,True
Final Fantasy IV,Squaresoft,SquareSoft,Final Fantasy,Role-Playing,Turn-Based RPG,2D,WS,Other,Other,2002.0,Other,4.607651,,84.0,,Timed Exclusive,N/A,True
Final Fantasy IV,Squaresoft,SquareSoft,Final Fantasy,Role-Playing,Turn-Based RPG,2D,WS,Other,Other,2002.0,PAL,4.607651,,84.0,,Timed Exclusive,N/A,True
Final Fantasy IV,Square Enix,Unknown,Final Fantasy,Role-Playing,Turn-Based RPG,2D,Wii,Nintendo,Home Console,2010.0,JP,4.607651,,84.0,,Timed Exclusive,Post-Merger,True
Final Fantasy IV,Square Enix,Unknown,Final Fantasy,Role-Playing,Turn-Based RPG,2D,Wii,Nintendo,Home Console,2010.0,NA,4.607651,,84.0,,Timed Exclusive,Post-Merger,True
Final Fantasy IV,Square Enix,Unknown,Final Fantasy,Role-Playing,Turn-Based RPG,2D,Wii,Nintendo,Home Console,2010.0,Other,4.607651,,84.0,,Timed Exclusive,Post-Merger,True
Final Fantasy IV,Square Enix,Unknown,Final Fantasy,Role-Playing,Turn-Based RPG,2D,Wii,Nintendo,Home Console,2010.0,PAL,4.607651,,84.0,,Timed Exclusive,Post-Merger,True
,Squaresoft,Sting Entertainment,Standalone,,,,WonderSwan,,,,,,,84.0,,Timed Exclusive,,False
Final Fantasy IV Advance,Square Enix,Square Enix,Final Fantasy,Role-Playing,Turn-Based RPG,2D,GBA,Nintendo,Handheld,2005.0,JP,0.22,,86.0,,Exclusive,Post-Merger,False
Final Fantasy IV Advance,Square Enix,Square Enix,Final Fantasy,Role-Playing,Turn-Based RPG,2D,GBA,Nintendo,Handheld,2005.0,NA,0.27,,86.0,,Exclusive,Post-Merger,False
Final Fantasy IV Advance,Square Enix,Square Enix,Final Fantasy,Role-Playing,Turn-Based RPG,2D,GBA,Nintendo,Handheld,2005.0,Other,0.01,,86.0,,Exclusive,Post-Merger,False
Final Fantasy IV Advance,Square Enix,Square Enix,Final Fantasy,Role-Playing,Turn-Based RPG,2D,GBA,Nintendo,Handheld,2005.0,PAL,0.1,,86.0,,Exclusive,Post-Merger,False
,Squaresoft,Square,Standalone,,,,SNES,,,,,,,,,Multiplatform,,False
Final Fantasy IV: The After Years,Square Enix,Matrix Software,Final Fantasy,Role-Playing,Turn-Based RPG,2D,WW,Other,Other,2009.0,JP,,,68.0,,Exclusive,N/A,False
Final Fantasy IV: The After Years,Square Enix,Matrix Software,Final Fantasy,Role-Playing,Turn-Based RPG,2D,WW,Other,Other,2009.0,NA,,,68.0,,Exclusive,N/A,False
Final Fantasy IV: The After Years,Square Enix,Matrix Software,Final Fantasy,Role-Playing,Turn-Based RPG,2D,WW,Other,Other,2009.0,Other,,,68.0,,Exclusive,N/A,False
Final Fantasy IV: The After Years,Square Enix,Matrix Software,Final Fantasy,Role-Playing,Turn-Based RPG,2D,WW,Other,Other,2009.0,PAL,,,68.0,,Exclusive,N/A,False
,Square Enix,Matrix Software,Standalone,,,,Wii,,,,,,,,,Exclusive,,False
Final Fantasy IV: The Complete Collection,Square Enix,Square Enix,Final Fantasy,Role-Playing,Turn-Based RPG,2D,PSN,Other,Other,2011.0,JP,,,80.0,,Multiplatform,N/A,False
Final Fantasy IV: The Complete Collection,Square Enix,Square Enix,Final Fantasy,Role-Playing,Turn-Based RPG,2D,PSN,Other,Other,2011.0,NA,,,80.0,,Multiplatform,N/A,False
Final Fantasy IV: The Complete Collection,Square Enix,Square Enix,Final Fantasy,Role-Playing,Turn-Based RPG,2D,PSN,Other,Other,2011.0,Other,,,80.0,,Multiplatform,N/A,False
Final Fantasy IV: The Complete Collection,Square Enix,Square Enix,Final Fantasy,Role-Playing,Turn-Based RPG,2D,PSN,Other,Other,2011.0,PAL,,,80.0,,Multiplatform,N/A,False
Final Fantasy IV: The Complete Collection,Square Enix,Matrix Software,Final Fantasy,Role-Playing,Turn-Based RPG,2D,PSP,PlayStation,Handheld,2011.0,JP,0.27,,80.0,,Multiplatform,N/A,False
Final Fantasy IV: The Complete Collection,Square Enix,Matrix Software,Final Fantasy,Role-Playing,Turn-Based RPG,2D,PSP,PlayStation,Handheld,2011.0,NA,0.13,,80.0,,Multiplatform,N/A,False
Final Fantasy IV: The Complete Collection,Square Enix,Matrix Software,Final Fantasy,Role-Playing,Turn-Based RPG,2D,PSP,PlayStation,Handheld,2011.0,Other,0.06,,80.0,,Multiplatform,N/A,False
Final Fantasy IV: The Complete Collection,Square Enix,Matrix Software,Final Fantasy,Role-Playing,Turn-Based RPG,2D,PSP,PlayStation,Handheld,2011.0,PAL,0.09,,80.0,,Multiplatform,N/A,False
Final Fantasy V,Squaresoft,Square,Final Fantasy,Role-Playing,Turn-Based RPG,2D,All,Other,Other,1992.0,JP,4.523,,69.0,,Multiplatform,N/A,True
Final Fantasy V,Squaresoft,Square,Final Fantasy,Role-Playing,Turn-Based RPG,2D,All,Other,Other,1992.0,NA,4.523,,69.0,,Multiplatform,N/A,True
Final Fantasy V,Squaresoft,Square,Final Fantasy,Role-Playing,Turn-Based RPG,2D,All,Other,Other,1992.0,Other,4.523,,69.0,,Multiplatform,N/A,True
Final Fantasy V,Squaresoft,Square,Final Fantasy,Role-Playing,Turn-Based RPG,2D,All,Other,Other,1992.0,PAL,4.523,,69.0,,Multiplatform,N/A,True
Final Fantasy V,Squaresoft,SquareSoft,Final Fantasy,Role-Playing,Turn-Based RPG,2D,PS1,PlayStation,Home Console,1999.0,JP,4.523,,69.0,,Multiplatform,N/A,True
Final Fantasy V,Squaresoft,SquareSoft,Final Fantasy,Role-Playing,Turn-Based RPG,2D,PS1,PlayStation,Home Console,1999.0,NA,4.523,,69.0,,Multiplatform,N/A,True
Final Fantasy V,Squaresoft,SquareSoft,Final Fantasy,Role-Playing,Turn-Based RPG,2D,PS1,PlayStation,Home Console,1999.0,Other,4.523,,69.0,,Multiplatform,N/A,True
Final Fantasy V,Squaresoft,SquareSoft,Final Fantasy,Role-Playing,Turn-Based RPG,2D,PS1,PlayStation,Home Console,1999.0,PAL,4.523,,69.0,,Multiplatform,N/A,True
Final Fantasy V,Square Enix,SquareSoft,Final Fantasy,Role-Playing,Turn-Based RPG,2D,PSN,Other,Other,2011.0,JP,4.523,,69.0,,Multiplatform,N/A,True
Final Fantasy V,Square Enix,SquareSoft,Final Fantasy,Role-Playing,Turn-Based RPG,2D,PSN,Other,Other,2011.0,NA,4.523,,69.0,,Multiplatform,N/A,True
Final Fantasy V,Square Enix,SquareSoft,Final Fantasy,Role-Playing,Turn-Based RPG,2D,PSN,Other,Other,2011.0,Other,4.523,,69.0,,Multiplatform,N/A,True
Final Fantasy V,Square Enix,SquareSoft,Final Fantasy,Role-Playing,Turn-Based RPG,2D,PSN,Other,Other,2011.0,PAL,4.523,,69.0,,Multiplatform,N/A,True
Final Fantasy V,Squaresoft,SquareSoft,Final Fantasy,Role-Playing,Turn-Based RPG,2D,SNES,Nintendo,Home Console,1992.0,JP,4.523,,75.0,,Multiplatform,Pre-Split,True
Final Fantasy V,Squaresoft,SquareSoft,Final Fantasy,Role-Playing,Turn-Based RPG,2D,SNES,Nintendo,Home Console,1992.0,NA,4.523,,75.0,,Multiplatform,Pre-Split,True
Final Fantasy V,Squaresoft,SquareSoft,Final Fantasy,Role-Playing,Turn-Based RPG,2D,SNES,Nintendo,Home Console,1992.0,Other,4.523,,75.0,,Multiplatform,Pre-Split,True
Final Fantasy V,Squaresoft,SquareSoft,Final Fantasy,Role-Playing,Turn-Based RPG,2D,SNES,Nintendo,Home Console,1992.0,PAL,4.523,,75.0,,Multiplatform,Pre-Split,True
Final Fantasy V,Square Enix,SquareSoft,Final Fantasy,Role-Playing,Turn-Based RPG,2D,VC,Other,Other,2011.0,JP,4.523,,69.0,,Multiplatform,N/A,True
Final Fantasy V,Square Enix,SquareSoft,Final Fantasy,Role-Playing,Turn-Based RPG,2D,VC,Other,Other,2011.0,NA,4.523,,69.0,,Multiplatform,N/A,True
Final Fantasy V,Square Enix,SquareSoft,Final Fantasy,Role-Playing,Turn-Based RPG,2D,VC,Other,Other,2011.0,Other,4.523,,69.0,,Multiplatform,N/A,True
Final Fantasy V,Square Enix,SquareSoft,Final Fantasy,Role-Playing,Turn-Based RPG,2D,VC,Other,Other,2011.0,PAL,4.523,,69.0,,Multiplatform,N/A,True
,Square Enix,Tose,Standalone,,,,GBA,,,,,,,,,Multiplatform,,False
Final Fantasy VI,Squaresoft,Square,Final Fantasy,Role-Playing,Turn-Based RPG,2D,All,Other,Other,1994.0,JP,5.435649,,86.0,,Timed Exclusive,N/A,True
Final Fantasy VI,Squaresoft,Square,Final Fantasy,Role-Playing,Turn-Based RPG,2D,All,Other,Other,1994.0,NA,5.435649,,86.0,,Timed Exclusive,N/A,True
Final Fantasy VI,Squaresoft,Square,Final Fantasy,Role-Playing,Turn-Based RPG,2D,All,Other,Other,1994.0,Other,5.435649,,86.0,,Timed Exclusive,N/A,True
Final Fantasy VI,Squaresoft,Square,Final Fantasy,Role-Playing,Turn-Based RPG,2D,All,Other,Other,1994.0,PAL,5.435649,,86.0,,Timed Exclusive,N/A,True
Final Fantasy VI,Square Enix,Square Enix,Final Fantasy,Role-Playing,Turn-Based RPG,2D,PC,PC,PC,2015.0,JP,5.435649,,86.0,,Timed Exclusive,N/A,True
Final Fantasy VI,Square Enix,Square Enix,Final Fantasy,Role-Playing,Turn-Based RPG,2D,PC,PC,PC,2015.0,NA,5.435649,,86.0,,Timed Exclusive,N/A,True
Final Fantasy VI,Square Enix,Square Enix,Final Fantasy,Role-Playing,Turn-Based RPG,2D,PC,PC,PC,2015.0,Other,5.435649,,86.0,,Timed Exclusive,N/A,True
Final Fantasy VI,Square Enix,Square Enix,Final Fantasy,Role-Playing,Turn-Based RPG,2D,PC,PC,PC,2015.0,PAL,5.435649,,86.0,,Timed Exclusive,N/A,True
Final Fantasy VI,Squaresoft,TOSE Software,Final Fantasy,Role-Playing,Turn-Based RPG,2D,PS1,PlayStation,Home Console,1999.0,JP,5.435649,,86.0,,Timed Exclusive,N/A,True
Final Fantasy VI,Squaresoft,TOSE Software,Final Fantasy,Role-Playing,Turn-Based RPG,2D,PS1,PlayStation,Home Console,1999.0,NA,5.435649,,86.0,,Timed Exclusive,N/A,True
Final Fantasy VI,Squaresoft,TOSE Software,Final Fantasy,Role-Playing,Turn-Based RPG,2D,PS1,PlayStation,Home Console,1999.0,Other,5.435649,,86.0,,Timed Exclusive,N/A,True
Final Fantasy VI,Squaresoft,TOSE Software,Final Fantasy,Role-Playing,Turn-Based RPG,2D,PS1,PlayStation,Home Console,1999.0,PAL,5.435649,,86.0,,Timed Exclusive,N/A,True
Final Fantasy VI,Square Enix,TOSE Software,Final Fantasy,Role-Playing,Turn-Based RPG,2D,PSN,Other,Other,2011.0,JP,5.435649,,86.0,,Timed Exclusive,N/A,True
Final Fantasy VI,Square Enix,TOSE Software,Final Fantasy,Role-Playing,Turn-Based RPG,2D,PSN,Other,Other,2011.0,NA,5.435649,,86.0,,Timed Exclusive,N/A,True
Final Fantasy VI,Square Enix,TOSE Software,Final Fantasy,Role-Playing,Turn-Based RPG,2D,PSN,Other,Other,2011.0,Other,5.435649,,86.0,,Timed Exclusive,N/A,True
Final Fantasy VI,Square Enix,TOSE Software,Final Fantasy,Role-Playing,Turn-Based RPG,2D,PSN,Other,Other,2011.0,PAL,5.435649,,86.0,,Timed Exclusive,N/A,True
,Squaresoft,Square,Standalone,,,,SNES,,,,,,,86.0,,Timed Exclusive,,False
,Square Enix,Tose,Standalone,,,,GBA,,,,,,,,,Multiplatform,,False
Final Fantasy VII,Square Enix,Square Enix,Final Fantasy,Role-Playing,Turn-Based RPG,3D,And,Other,Other,2016.0,JP,16.151183,999956110,88.0,,Multiplatform,N/A,False
Final Fantasy VII,Square Enix,Square Enix,Final Fantasy,Role-Playing,Turn-Based RPG,3D,And,Other,Other,2016.0,NA,16.151183,999956110,88.0,,Multiplatform,N/A,False
Final Fantasy VII,Square Enix,Square Enix,Final Fantasy,Role-Playing,Turn-Based RPG,3D,And,Other,Other,2016.0,Other,16.151183,999956110,88.0,,Multiplatform,N/A,False
Final Fantasy VII,Square Enix,Square Enix,Final Fantasy,Role-Playing,Turn-Based RPG,3D,And,Other,Other,2016.0,PAL,16.151183,999956110,88.0,,Multiplatform,N/A,False
Final Fantasy VII,Square Enix,SquareSoft,Final Fantasy,Role-Playing,Turn-Based RPG,3D,Mobile,Mobile,Mobile,2015.0,JP,16.151183,999956110,88.0,,Multiplatform,N/A,False
Final Fantasy VII,Square Enix,SquareSoft,Final Fantasy,Role-Playing,Turn-Based RPG,3D,Mobile,Mobile,Mobile,2015.0,NA,16.151183,999956110,88.0,,Multiplatform,N/A,False
Final Fantasy VII,Square Enix,SquareSoft,Final Fantasy,Role-Playing,Turn-Based RPG,3D,Mobile,Mobile,Mobile,2015.0,Other,16.151183,999956110,88.0,,Multiplatform,N/A,False
Final Fantasy VII,Square Enix,SquareSoft,Final Fantasy,Role-Playing,Turn-Based RPG,3D,Mobile,Mobile,Mobile,2015.0,PAL,16.151183,999956110,88.0,,Multiplatform,N/A,False
,Squaresoft,Square,Standalone,,,,PC,,,,,,,88.0,,Multiplatform,,False
,Squaresoft,Square,Standalone,,,,PS1,,,,,,,88.0,,Multiplatform,,False
Final Fantasy VII,Square Enix,Square Enix,Final Fantasy,Role-Playing,Turn-Based RPG,3D,PS4,PlayStation,Home Console,2015.0,JP,16.151183,999956110,88.0,,Multiplatform,N/A,False
Final Fantasy VII,Square Enix,Square Enix,Final Fantasy,Role-Playing,Turn-Based RPG,3D,PS4,PlayStation,Home Console,2015.0,NA,16.151183,999956110,88.0,,Multiplatform,N/A,False
Final Fantasy VII,Square Enix,Square Enix,Final Fantasy,Role-Playing,Turn-Based RPG,3D,PS4,PlayStation,Home Console,2015.0,Other,16.151183,999956110,88.0,,Multiplatform,N/A,False
Final Fantasy VII,Square Enix,Square Enix,Final Fantasy,Role-Playing,Turn-Based RPG,3D,PS4,PlayStation,Home Console,2015.0,PAL,16.151183,999956110,88.0,,Multiplatform,N/A,False
Final Fantasy VII,Square Enix,Square Enix,Final Fantasy,Role-Playing,Turn-Based RPG,3D,Switch,Nintendo,Home Console,2019.0,JP,16.151183,999956110,88.0,,Multiplatform,Post-Merger,False
Final Fantasy VII,Square Enix,Square Enix,Final Fantasy,Role-Playing,Turn-Based RPG,3D,Switch,Nintendo,Home Console,2019.0,NA,16.151183,999956110,88.0,,Multiplatform,Post-Merger,False
Final Fantasy VII,Square Enix,Square Enix,Final Fantasy,Role-Playing,Turn-Based RPG,3D,Switch,Nintendo,Home Console,2019.0,Other,16.151183,999956110,88.0,,Multiplatform,Post-Merger,False
Final Fantasy VII,Square Enix,Square Enix,Final Fantasy,Role-Playing,Turn-Based RPG,3D,Switch,Nintendo,Home Console,2019.0,PAL,16.151183,999956110,88.0,,Multiplatform,Post-Merger,False
Final Fantasy VII,Square Enix,Square Enix,Final Fantasy,Role-Playing,Turn-Based RPG,3D,Xbox One,Microsoft,Home Console,2019.0,JP,16.151183,999956110,88.0,,Multiplatform,N/A,False
Final Fantasy VII,Square Enix,Square Enix,Final Fantasy,Role-Playing,Turn-Based RPG,3D,Xbox One,Microsoft,Home Console,2019.0,NA,16.151183,999956110,88.0,,Multiplatform,N/A,False
Final Fantasy VII,Square Enix,Square Enix,Final Fantasy,Role-Playing,Turn-Based RPG,3D,Xbox One,Microsoft,Home Console,2019.0,Other,16.151183,999956110,88.0,,Multiplatform,N/A,False
Final Fantasy VII,Square Enix,Square Enix,Final Fantasy,Role-Playing,Turn-Based RPG,3D,Xbox One,Microsoft,Home Console,2019.0,PAL,16.151183,999956110,88.0,,Multiplatform,N/A,False
Final Fantasy VII G-Bike,Square Enix,Square Enix,Final Fantasy,Racing,Turn-Based RPG,2D,And,Other,Other,2015.0,JP,,,88.0,,Exclusive,N/A,False
Final Fantasy VII G-Bike,Square Enix,Square Enix,Final Fantasy,Racing,Turn-Based RPG,2D,And,Other,Other,2015.0,NA,,,88.0,,Exclusive,N/A,False
Final Fantasy VII G-Bike,Square Enix,Square Enix,Final Fantasy,Racing,Turn-Based RPG,2D,And,Other,Other,2015.0,Other,,,88.0,,Exclusive,N/A,False
Final Fantasy VII G-Bike,Square Enix,Square Enix,Final Fantasy,Racing,Turn-Based RPG,2D,And,Other,Other,2015.0,PAL,,,88.0,,Exclusive,N/A,False
Final Fantasy VII International,Squaresoft,SquareSoft,Final Fantasy,Role-Playing,Turn-Based RPG,2D,PS1,PlayStation,Home Console,1997.0,JP,0.59,,,,Timed Exclusive,N/A,True
Final Fantasy VII International,Squaresoft,SquareSoft,Final Fantasy,Role-Playing,Turn-Based RPG,2D,PS1,PlayStation,Home Console,1997.0,NA,,,,,Timed Exclusive,N/A,True
Final Fantasy VII International,Squaresoft,SquareSoft,Final Fantasy,Role-Playing,Turn-Based RPG,2D,PS1,PlayStation,Home Console,1997.0,Other,0.04,,,,Timed Exclusive,N/A,True
Final Fantasy VII International,Squaresoft,SquareSoft,Final Fantasy,Role-Playing,Turn-Based RPG,2D,PS1,PlayStation,Home Console,1997.0,PAL,,,,,Timed Exclusive,N/A,True
Final Fantasy VII International,Square Enix,SquareSoft,Final Fantasy,Role-Playing,Turn-Based RPG,2D,PSN,Other,Other,2009.0,JP,,,,,Timed Exclusive,N/A,True
Final Fantasy VII International,Square Enix,SquareSoft,Final Fantasy,Role-Playing,Turn-Based RPG,2D,PSN,Other,Other,2009.0,NA,,,,,Timed Exclusive,N/A,True
Final Fantasy VII International,Square Enix,SquareSoft,Final Fantasy,Role-Playing,Turn-Based RPG,2D,PSN,Other,Other,2009.0,Other,,,,,Timed Exclusive,N/A,True
Final Fantasy VII International,Square Enix,SquareSoft,Final Fantasy,Role-Playing,Turn-Based RPG,2D,PSN,Other,Other,2009.0,PAL,,,,,Timed Exclusive,N/A,True
Final Fantasy VII Rebirth,Square Enix,Square Enix,Final Fantasy,Role-Playing,Turn-Based RPG,3D,PS5,PlayStation,Home Console,2024.0,JP,,,91,,Exclusive,N/A,False
Final Fantasy VII Rebirth,Square Enix,Square Enix,Final Fantasy,Role-Playing,Turn-Based RPG,3D,PS5,PlayStation,Home Console,2024.0,NA,,,91,,Exclusive,N/A,False
Final Fantasy VII Rebirth,Square Enix,Square Enix,Final Fantasy,Role-Playing,Turn-Based RPG,3D,PS5,PlayStation,Home Console,2024.0,Other,,,91,,Exclusive,N/A,False
Final Fantasy VII Rebirth,Square Enix,Square Enix,Final Fantasy,Role-Playing,Turn-Based RPG,3D,PS5,PlayStation,Home Console,2024.0,PAL,,,91,,Exclusive,N/A,False
Final Fantasy VII Remake,Square Enix,Square Enix,Final Fantasy,Role-Playing,Turn-Based RPG,3D,All,Other,Other,2020.0,JP,7.0,849000000,88.0,,Multiplatform,N/A,False
Final Fantasy VII Remake,Square Enix,Square Enix,Final Fantasy,Role-Playing,Turn-Based RPG,3D,All,Other,Other,2020.0,NA,7.0,849000000,88.0,,Multiplatform,N/A,False
Final Fantasy VII Remake,Square Enix,Square Enix,Final Fantasy,Role-Playing,Turn-Based RPG,3D,All,Other,Other,2020.0,Other,7.0,849000000,88.0,,Multiplatform,N/A,False
Final Fantasy VII Remake,Square Enix,Square Enix,Final Fantasy,Role-Playing,Turn-Based RPG,3D,All,Other,Other,2020.0,PAL,7.0,849000000,88.0,,Multiplatform,N/A,False
Final Fantasy VII Remake,Square Enix,Square Enix,Final Fantasy,Role-Playing,Turn-Based RPG,3D,PS4,PlayStation,Home Console,2020.0,JP,7.0,849000000,87.0,,Multiplatform,N/A,False
Final Fantasy VII Remake,Square Enix,Square Enix,Final Fantasy,Role-Playing,Turn-Based RPG,3D,PS4,PlayStation,Home Console,2020.0,NA,7.0,849000000,87.0,,Multiplatform,N/A,False
Final Fantasy VII Remake,Square Enix,Square Enix,Final Fantasy,Role-Playing,Turn-Based RPG,3D,PS4,PlayStation,Home Console,2020.0,Other,7.0,849000000,87.0,,Multiplatform,N/A,False
Final Fantasy VII Remake,Square Enix,Square Enix,Final Fantasy,Role-Playing,Turn-Based RPG,3D,PS4,PlayStation,Home Console,2020.0,PAL,7.0,849000000,87.0,,Multiplatform,N/A,False
Final Fantasy VII Remake Intergrade,Square Enix,Square Enix,Final Fantasy,Role-Playing,Turn-Based RPG,2D,PS5,PlayStation,Home Console,2021.0,JP,,,86.0,,Exclusive,N/A,False
Final Fantasy VII Remake Intergrade,Square Enix,Square Enix,Final Fantasy,Role-Playing,Turn-Based RPG,2D,PS5,PlayStation,Home Console,2021.0,NA,,,86.0,,Exclusive,N/A,False
Final Fantasy VII Remake Intergrade,Square Enix,Square Enix,Final Fantasy,Role-Playing,Turn-Based RPG,2D,PS5,PlayStation,Home Console,2021.0,Other,,,86.0,,Exclusive,N/A,False
Final Fantasy VII Remake Intergrade,Square Enix,Square Enix,Final Fantasy,Role-Playing,Turn-Based RPG,2D,PS5,PlayStation,Home Console,2021.0,PAL,,,86.0,,Exclusive,N/A,False
Final Fantasy VIII,Squaresoft,Square,Final Fantasy,Role-Playing,Turn-Based RPG,3D,All,Other,Other,1999.0,JP,11.199111,687000000,81.0,,Multiplatform,N/A,False
Final Fantasy VIII,Squaresoft,Square,Final Fantasy,Role-Playing,Turn-Based RPG,3D,All,Other,Other,1999.0,NA,11.199111,687000000,81.0,,Multiplatform,N/A,False
Final Fantasy VIII,Squaresoft,Square,Final Fantasy,Role-Playing,Turn-Based RPG,3D,All,Other,Other,1999.0,Other,11.199111,687000000,81.0,,Multiplatform,N/A,False
Final Fantasy VIII,Squaresoft,Square,Final Fantasy,Role-Playing,Turn-Based RPG,3D,All,Other,Other,1999.0,PAL,11.199111,687000000,81.0,,Multiplatform,N/A,False
Final Fantasy VIII,Squaresoft,SquareSoft,Final Fantasy,Role-Playing,Turn-Based RPG,3D,PC,PC,PC,2000.0,JP,11.199111,687000000,80.0,,Multiplatform,N/A,False
Final Fantasy VIII,Squaresoft,SquareSoft,Final Fantasy,Role-Playing,Turn-Based RPG,3D,PC,PC,PC,2000.0,NA,11.199111,687000000,80.0,,Multiplatform,N/A,False
Final Fantasy VIII,Squaresoft,SquareSoft,Final Fantasy,Role-Playing,Turn-Based RPG,3D,PC,PC,PC,2000.0,Other,11.199111,687000000,80.0,,Multiplatform,N/A,False
Final Fantasy VIII,Squaresoft,SquareSoft,Final Fantasy,Role-Playing,Turn-Based RPG,3D,PC,PC,PC,2000.0,PAL,11.199111,687000000,80.0,,Multiplatform,N/A,False
Final Fantasy VIII,Squaresoft,SquareSoft,Final Fantasy,Role-Playing,Turn-Based RPG,3D,PS1,PlayStation,Home Console,1999.0,JP,11.199111,687000000,94.0,,Multiplatform,N/A,False
Final Fantasy VIII,Squaresoft,SquareSoft,Final Fantasy,Role-Playing,Turn-Based RPG,3D,PS1,PlayStation,Home Console,1999.0,NA,11.199111,687000000,94.0,,Multiplatform,N/A,False
Final Fantasy VIII,Squaresoft,SquareSoft,Final Fantasy,Role-Playing,Turn-Based RPG,3D,PS1,PlayStation,Home Console,1999.0,Other,11.199111,687000000,94.0,,Multiplatform,N/A,False
Final Fantasy VIII,Squaresoft,SquareSoft,Final Fantasy,Role-Playing,Turn-Based RPG,3D,PS1,PlayStation,Home Console,1999.0,PAL,11.199111,687000000,94.0,,Multiplatform,N/A,False
Final Fantasy VIII Remastered,Square Enix,Square Enix,Final Fantasy,Role-Playing,Turn-Based RPG,2D,PC,PC,PC,2019.0,JP,,,81.0,,Multiplatform,N/A,False
Final Fantasy VIII Remastered,Square Enix,Square Enix,Final Fantasy,Role-Playing,Turn-Based RPG,2D,PC,PC,PC,2019.0,NA,,,81.0,,Multiplatform,N/A,False
Final Fantasy VIII Remastered,Square Enix,Square Enix,Final Fantasy,Role-Playing,Turn-Based RPG,2D,PC,PC,PC,2019.0,Other,,,81.0,,Multiplatform,N/A,False
Final Fantasy VIII Remastered,Square Enix,Square Enix,Final Fantasy,Role-Playing,Turn-Based RPG,2D,PC,PC,PC,2019.0,PAL,,,81.0,,Multiplatform,N/A,False
Final Fantasy VIII Remastered,Square Enix,Square Enix,Final Fantasy,Role-Playing,Turn-Based RPG,2D,PS4,PlayStation,Home Console,2019.0,JP,,,81.0,,Multiplatform,N/A,False
Final Fantasy VIII Remastered,Square Enix,Square Enix,Final Fantasy,Role-Playing,Turn-Based RPG,2D,PS4,PlayStation,Home Console,2019.0,NA,,,81.0,,Multiplatform,N/A,False
Final Fantasy VIII Remastered,Square Enix,Square Enix,Final Fantasy,Role-Playing,Turn-Based RPG,2D,PS4,PlayStation,Home Console,2019.0,Other,,,81.0,,Multiplatform,N/A,False
Final Fantasy VIII Remastered,Square Enix,Square Enix,Final Fantasy,Role-Playing,Turn-Based RPG,2D,PS4,PlayStation,Home Console,2019.0,PAL,,,81.0,,Multiplatform,N/A,False
Final Fantasy VIII Remastered,Square Enix,Square Enix,Final Fantasy,Role-Playing,Turn-Based RPG,2D,Switch,Nintendo,Home Console,2019.0,JP,,,81.0,,Multiplatform,Post-Merger,False
Final Fantasy VIII Remastered,Square Enix,Square Enix,Final Fantasy,Role-Playing,Turn-Based RPG,2D,Switch,Nintendo,Home Console,2019.0,NA,,,81.0,,Multiplatform,Post-Merger,False
Final Fantasy VIII Remastered,Square Enix,Square Enix,Final Fantasy,Role-Playing,Turn-Based RPG,2D,Switch,Nintendo,Home Console,2019.0,Other,,,81.0,,Multiplatform,Post-Merger,False
Final Fantasy VIII Remastered,Square Enix,Square Enix,Final Fantasy,Role-Playing,Turn-Based RPG,2D,Switch,Nintendo,Home Console,2019.0,PAL,,,81.0,,Multiplatform,Post-Merger,False
Final Fantasy VIII Remastered,Square Enix,Square Enix,Final Fantasy,Role-Playing,Turn-Based RPG,2D,Xbox One,Microsoft,Home Console,2019.0,JP,,,81.0,,Multiplatform,N/A,False
Final Fantasy VIII Remastered,Square Enix,Square Enix,Final Fantasy,Role-Playing,Turn-Based RPG,2D,Xbox One,Microsoft,Home Console,2019.0,NA,,,81.0,,Multiplatform,N/A,False
Final Fantasy VIII Remastered,Square Enix,Square Enix,Final Fantasy,Role-Playing,Turn-Based RPG,2D,Xbox One,Microsoft,Home Console,2019.0,Other,,,81.0,,Multiplatform,N/A,False
Final Fantasy VIII Remastered,Square Enix,Square Enix,Final Fantasy,Role-Playing,Turn-Based RPG,2D,Xbox One,Microsoft,Home Console,2019.0,PAL,,,81.0,,Multiplatform,N/A,False
Final Fantasy IX,Squaresoft,Square,Final Fantasy,Role-Playing,Turn-Based RPG,3D,All,Other,Other,2000.0,JP,8.9,463300000,81.0,,Multiplatform,N/A,False
Final Fantasy IX,Squaresoft,Square,Final Fantasy,Role-Playing,Turn-Based RPG,3D,All,Other,Other,2000.0,NA,8.9,463300000,81.0,,Multiplatform,N/A,False
Final Fantasy IX,Squaresoft,Square,Final Fantasy,Role-Playing,Turn-Based RPG,3D,All,Other,Other,2000.0,Other,8.9,463300000,81.0,,Multiplatform,N/A,False
Final Fantasy IX,Squaresoft,Square,Final Fantasy,Role-Playing,Turn-Based RPG,3D,All,Other,Other,2000.0,PAL,8.9,463300000,81.0,,Multiplatform,N/A,False
Final Fantasy IX,Square Enix,Square Enix,Final Fantasy,Role-Playing,Turn-Based RPG,3D,And,Other,Other,2016.0,JP,8.9,463300000,81.0,,Multiplatform,N/A,False
Final Fantasy IX,Square Enix,Square Enix,Final Fantasy,Role-Playing,Turn-Based RPG,3D,And,Other,Other,2016.0,NA,8.9,463300000,81.0,,Multiplatform,N/A,False
Final Fantasy IX,Square Enix,Square Enix,Final Fantasy,Role-Playing,Turn-Based RPG,3D,And,Other,Other,2016.0,Other,8.9,463300000,81.0,,Multiplatform,N/A,False
Final Fantasy IX,Square Enix,Square Enix,Final Fantasy,Role-Playing,Turn-Based RPG,3D,And,Other,Other,2016.0,PAL,8.9,463300000,81.0,,Multiplatform,N/A,False
,Square Enix,"September 19, 2017",Standalone,,,,Dragon Quest III,,,,,,,81.0,,Multiplatform,,False
,Square Enix,Nintendo Switch,Standalone,,,,Lost Sphear,,,,,,,81.0,,Multiplatform,,False
Final Fantasy IX,Square Enix,SquareSoft,Final Fantasy,Role-Playing,Turn-Based RPG,3D,Mobile,Mobile,Mobile,2016.0,JP,8.9,463300000,81.0,,Multiplatform,N/A,False
Final Fantasy IX,Square Enix,SquareSoft,Final Fantasy,Role-Playing,Turn-Based RPG,3D,Mobile,Mobile,Mobile,2016.0,NA,8.9,463300000,81.0,,Multiplatform,N/A,False
Final Fantasy IX,Square Enix,SquareSoft,Final Fantasy,Role-Playing,Turn-Based RPG,3D,Mobile,Mobile,Mobile,2016.0,Other,8.9,463300000,81.0,,Multiplatform,N/A,False
Final Fantasy IX,Square Enix,SquareSoft,Final Fantasy,Role-Playing,Turn-Based RPG,3D,Mobile,Mobile,Mobile,2016.0,PAL,8.9,463300000,81.0,,Multiplatform,N/A,False
Final Fantasy IX,Squaresoft,SquareSoft,Final Fantasy,Role-Playing,Turn-Based RPG,3D,PS1,PlayStation,Home Console,2000.0,JP,8.9,463300000,92.0,,Multiplatform,N/A,False
Final Fantasy IX,Squaresoft,SquareSoft,Final Fantasy,Role-Playing,Turn-Based RPG,3D,PS1,PlayStation,Home Console,2000.0,NA,8.9,463300000,92.0,,Multiplatform,N/A,False
Final Fantasy IX,Squaresoft,SquareSoft,Final Fantasy,Role-Playing,Turn-Based RPG,3D,PS1,PlayStation,Home Console,2000.0,Other,8.9,463300000,92.0,,Multiplatform,N/A,False
Final Fantasy IX,Squaresoft,SquareSoft,Final Fantasy,Role-Playing,Turn-Based RPG,3D,PS1,PlayStation,Home Console,2000.0,PAL,8.9,463300000,92.0,,Multiplatform,N/A,False
Final Fantasy IX,Square Enix,Square Enix,Final Fantasy,Role-Playing,Turn-Based RPG,3D,PS4,PlayStation,Home Console,2017.0,JP,8.9,463300000,81.0,,Multiplatform,N/A,False
Final Fantasy IX,Square Enix,Square Enix,Final Fantasy,Role-Playing,Turn-Based RPG,3D,PS4,PlayStation,Home Console,2017.0,NA,8.9,463300000,81.0,,Multiplatform,N/A,False
Final Fantasy IX,Square Enix,Square Enix,Final Fantasy,Role-Playing,Turn-Based RPG,3D,PS4,PlayStation,Home Console,2017.0,Other,8.9,463300000,81.0,,Multiplatform,N/A,False
Final Fantasy IX,Square Enix,Square Enix,Final Fantasy,Role-Playing,Turn-Based RPG,3D,PS4,PlayStation,Home Console,2017.0,PAL,8.9,463300000,81.0,,Multiplatform,N/A,False
Final Fantasy IX,Square Enix,SquareSoft,Final Fantasy,Role-Playing,Turn-Based RPG,3D,PSN,Other,Other,2010.0,JP,8.9,463300000,81.0,,Multiplatform,N/A,False
Final Fantasy IX,Square Enix,SquareSoft,Final Fantasy,Role-Playing,Turn-Based RPG,3D,PSN,Other,Other,2010.0,NA,8.9,463300000,81.0,,Multiplatform,N/A,False
Final Fantasy IX,Square Enix,SquareSoft,Final Fantasy,Role-Playing,Turn-Based RPG,3D,PSN,Other,Other,2010.0,Other,8.9,463300000,81.0,,Multiplatform,N/A,False
Final Fantasy IX,Square Enix,SquareSoft,Final Fantasy,Role-Playing,Turn-Based RPG,3D,PSN,Other,Other,2010.0,PAL,8.9,463300000,81.0,,Multiplatform,N/A,False
Final Fantasy IX,Square Enix,GUILD STUDIO Inc.,Final Fantasy,Role-Playing,Turn-Based RPG,3D,Switch,Nintendo,Home Console,2019.0,JP,8.9,463300000,81.0,,Multiplatform,Post-Merger,False
Final Fantasy IX,Square Enix,GUILD STUDIO Inc.,Final Fantasy,Role-Playing,Turn-Based RPG,3D,Switch,Nintendo,Home Console,2019.0,NA,8.9,463300000,81.0,,Multiplatform,Post-Merger,False
Final Fantasy IX,Square Enix,GUILD STUDIO Inc.,Final Fantasy,Role-Playing,Turn-Based RPG,3D,Switch,Nintendo,Home Console,2019.0,Other,8.9,463300000,81.0,,Multiplatform,Post-Merger,False
Final Fantasy IX,Square Enix,GUILD STUDIO Inc.,Final Fantasy,Role-Playing,Turn-Based RPG,3D,Switch,Nintendo,Home Console,2019.0,PAL,8.9,463300000,81.0,,Multiplatform,Post-Merger,False
Final Fantasy IX,Square Enix,Square Enix,Final Fantasy,Role-Playing,Turn-Based RPG,3D,Xbox One,Microsoft,Home Console,2019.0,JP,8.9,463300000,81.0,,Multiplatform,N/A,False
Final Fantasy IX,Square Enix,Square Enix,Final Fantasy,Role-Playing,Turn-Based RPG,3D,Xbox One,Microsoft,Home Console,2019.0,NA,8.9,463300000,81.0,,Multiplatform,N/A,False
Final Fantasy IX,Square Enix,Square Enix,Final Fantasy,Role-Playing,Turn-Based RPG,3D,Xbox One,Microsoft,Home Console,2019.0,Other,8.9,463300000,81.0,,Multiplatform,N/A,False
Final Fantasy IX,Square Enix,Square Enix,Final Fantasy,Role-Playing,Turn-Based RPG,3D,Xbox One,Microsoft,Home Console,2019.0,PAL,8.9,463300000,81.0,,Multiplatform,N/A,False
Final Fantasy Adventure,Squaresoft,Square,Final Fantasy,Adventure,Turn-Based RPG,2D,Game Boy,Nintendo,Handheld,1991.0,JP,0.38,,90.0,,Exclusive,Pre-Split,True
Final Fantasy Adventure,Squaresoft,Square,Final Fantasy,Adventure,Turn-Based RPG,2D,Game Boy,Nintendo,Handheld,1991.0,NA,,,90.0,,Exclusive,Pre-Split,True
Final Fantasy Adventure,Squaresoft,Square,Final Fantasy,Adventure,Turn-Based RPG,2D,Game Boy,Nintendo,Handheld,1991.0,Other,,,90.0,,Exclusive,Pre-Split,True
Final Fantasy Adventure,Squaresoft,Square,Final Fantasy,Adventure,Turn-Based RPG,2D,Game Boy,Nintendo,Handheld,1991.0,PAL,,,90.0,,Exclusive,Pre-Split,True
Final Fantasy Agito,Square Enix,Square Enix,Final Fantasy,Role-Playing,Turn-Based RPG,2D,And,Other,Other,2015.0,JP,,,69.0,,Exclusive,N/A,False
Final Fantasy Agito,Square Enix,Square Enix,Final Fantasy,Role-Playing,Turn-Based RPG,2D,And,Other,Other,2015.0,NA,,,69.0,,Exclusive,N/A,False
Final Fantasy Agito,Square Enix,Square Enix,Final Fantasy,Role-Playing,Turn-Based RPG,2D,And,Other,Other,2015.0,Other,,,69.0,,Exclusive,N/A,False
Final Fantasy Agito,Square Enix,Square Enix,Final Fantasy,Role-Playing,Turn-Based RPG,2D,And,Other,Other,2015.0,PAL,,,69.0,,Exclusive,N/A,False
Final Fantasy Anniversary Edition,Square Enix,Square Enix,Final Fantasy,Role-Playing,Turn-Based RPG,2D,PSN,Other,Other,2011.0,JP,,,,,Timed Exclusive,N/A,False
Final Fantasy Anniversary Edition,Square Enix,Square Enix,Final Fantasy,Role-Playing,Turn-Based RPG,2D,PSN,Other,Other,2011.0,NA,,,,,Timed Exclusive,N/A,False
Final Fantasy Anniversary Edition,Square Enix,Square Enix,Final Fantasy,Role-Playing,Turn-Based RPG,2D,PSN,Other,Other,2011.0,Other,,,,,Timed Exclusive,N/A,False
Final Fantasy Anniversary Edition,Square Enix,Square Enix,Final Fantasy,Role-Playing,Turn-Based RPG,2D,PSN,Other,Other,2011.0,PAL,,,,,Timed Exclusive,N/A,False
Final Fantasy Anniversary Edition,Square Enix,Square Enix,Final Fantasy,Role-Playing,Turn-Based RPG,2D,PSP,PlayStation,Handheld,2007.0,JP,,,74.0,,Timed Exclusive,N/A,False
Final Fantasy Anniversary Edition,Square Enix,Square Enix,Final Fantasy,Role-Playing,Turn-Based RPG,2D,PSP,PlayStation,Handheld,2007.0,NA,,,74.0,,Timed Exclusive,N/A,False
Final Fantasy Anniversary Edition,Square Enix,Square Enix,Final Fantasy,Role-Playing,Turn-Based RPG,2D,PSP,PlayStation,Handheld,2007.0,Other,,,74.0,,Timed Exclusive,N/A,False
Final Fantasy Anniversary Edition,Square Enix,Square Enix,Final Fantasy,Role-Playing,Turn-Based RPG,2D,PSP,PlayStation,Handheld,2007.0,PAL,,,74.0,,Timed Exclusive,N/A,False
Final Fantasy Anthology,Squaresoft,SquareSoft,Final Fantasy,Role-Playing,Turn-Based RPG,2D,PS1,PlayStation,Home Console,1999.0,JP,,,86.0,,Exclusive,N/A,False
Final Fantasy Anthology,Squaresoft,SquareSoft,Final Fantasy,Role-Playing,Turn-Based RPG,2D,PS1,PlayStation,Home Console,1999.0,NA,0.45,,86.0,,Exclusive,N/A,False
Final Fantasy Anthology,Squaresoft,SquareSoft,Final Fantasy,Role-Playing,Turn-Based RPG,2D,PS1,PlayStation,Home Console,1999.0,Other,0.05,,86.0,,Exclusive,N/A,False
Final Fantasy Anthology,Squaresoft,SquareSoft,Final Fantasy,Role-Playing,Turn-Based RPG,2D,PS1,PlayStation,Home Console,1999.0,PAL,0.3,,86.0,,Exclusive,N/A,False
Final Fantasy Artniks Dive,Square Enix,Square Enix,Final Fantasy,Role-Playing,Turn-Based RPG,2D,And,Other,Other,2016.0,JP,,,,,Exclusive,N/A,False
Final Fantasy Artniks Dive,Square Enix,Square Enix,Final Fantasy,Role-Playing,Turn-Based RPG,2D,And,Other,Other,2016.0,NA,,,,,Exclusive,N/A,False
Final Fantasy Artniks Dive,Square Enix,Square Enix,Final Fantasy,Role-Playing,Turn-Based RPG,2D,And,Other,Other,2016.0,Other,,,,,Exclusive,N/A,False
Final Fantasy Artniks Dive,Square Enix,Square Enix,Final Fantasy,Role-Playing,Turn-Based RPG,2D,And,Other,Other,2016.0,PAL,,,,,Exclusive,N/A,False
Final Fantasy Chronicles,Squaresoft,TOSE,Final Fantasy,Role-Playing,Turn-Based RPG,2D,PS1,PlayStation,Home Console,2001.0,JP,,,92.0,,Exclusive,N/A,False
Final Fantasy Chronicles,Squaresoft,TOSE,Final Fantasy,Role-Playing,Turn-Based RPG,2D,PS1,PlayStation,Home Console,2001.0,NA,0.29,,92.0,,Exclusive,N/A,False
Final Fantasy Chronicles,Squaresoft,TOSE,Final Fantasy,Role-Playing,Turn-Based RPG,2D,PS1,PlayStation,Home Console,2001.0,Other,0.03,,92.0,,Exclusive,N/A,False
Final Fantasy Chronicles,Squaresoft,TOSE,Final Fantasy,Role-Playing,Turn-Based RPG,2D,PS1,PlayStation,Home Console,2001.0,PAL,0.2,,92.0,,Exclusive,N/A,False
Final Fantasy Collection,Squaresoft,TOSE,Final Fantasy,Role-Playing,Turn-Based RPG,2D,PS1,PlayStation,Home Console,1999.0,JP,0.42,,,,Exclusive,N/A,True
Final Fantasy Collection,Squaresoft,TOSE,Final Fantasy,Role-Playing,Turn-Based RPG,2D,PS1,PlayStation,Home Console,1999.0,NA,,,,,Exclusive,N/A,True
Final Fantasy Collection,Squaresoft,TOSE,Final Fantasy,Role-Playing,Turn-Based RPG,2D,PS1,PlayStation,Home Console,1999.0,Other,0.03,,,,Exclusive,N/A,True
Final Fantasy Collection,Squaresoft,TOSE,Final Fantasy,Role-Playing,Turn-Based RPG,2D,PS1,PlayStation,Home Console,1999.0,PAL,,,,,Exclusive,N/A,True
,Square Enix,Square Enix,Standalone,,,,GameCube,,,,,,,61.0,,Multiplatform,,False
,Square Enix,Square Enix,Standalone,,,,PS4,,,,,,,61.0,,Multiplatform,,False
,Square Enix,Square Enix,Standalone,,,,Switch,,,,,,,61.0,,Multiplatform,,False
,Square Enix,Square Enix,Standalone,,,,Sword of Mana,,,,,,,61.0,,Multiplatform,,False
Final Fantasy Crystal Chronicles: Echoes of Time,Square Enix,Square Enix,Final Fantasy Crystal Chronicles,Role-Playing,Turn-Based RPG,2D,All,Other,Other,2009.0,JP,,,,,Multiplatform,N/A,False
Final Fantasy Crystal Chronicles: Echoes of Time,Square Enix,Square Enix,Final Fantasy Crystal Chronicles,Role-Playing,Turn-Based RPG,2D,All,Other,Other,2009.0,NA,,,,,Multiplatform,N/A,False
Final Fantasy Crystal Chronicles: Echoes of Time,Square Enix,Square Enix,Final Fantasy Crystal Chronicles,Role-Playing,Turn-Based RPG,2D,All,Other,Other,2009.0,Other,,,,,Multiplatform,N/A,False
Final Fantasy Crystal Chronicles: Echoes of Time,Square Enix,Square Enix,Final Fantasy Crystal Chronicles,Role-Playing,Turn-Based RPG,2D,All,Other,Other,2009.0,PAL,,,,,Multiplatform,N/A,False
Final Fantasy Crystal Chronicles: Echoes of Time,Square Enix,Square Enix,Final Fantasy Crystal Chronicles,Role-Playing,Turn-Based RPG,2D,DS,Nintendo,Handheld,2009.0,JP,0.27,,77.0,,Multiplatform,Post-Merger,False
Final Fantasy Crystal Chronicles: Echoes of Time,Square Enix,Square Enix,Final Fantasy Crystal Chronicles,Role-Playing,Turn-Based RPG,2D,DS,Nintendo,Handheld,2009.0,NA,0.12,,77.0,,Multiplatform,Post-Merger,False
Final Fantasy Crystal Chronicles: Echoes of Time,Square Enix,Square Enix,Final Fantasy Crystal Chronicles,Role-Playing,Turn-Based RPG,2D,DS,Nintendo,Handheld,2009.0,Other,0.02,,77.0,,Multiplatform,Post-Merger,False
Final Fantasy Crystal Chronicles: Echoes of Time,Square Enix,Square Enix,Final Fantasy Crystal Chronicles,Role-Playing,Turn-Based RPG,2D,DS,Nintendo,Handheld,2009.0,PAL,0.06,,77.0,,Multiplatform,Post-Merger,False
Final Fantasy Crystal Chronicles: Echoes of Time,Square Enix,Square Enix,Final Fantasy Crystal Chronicles,Role-Playing,Turn-Based RPG,2D,Wii,Nintendo,Home Console,2009.0,JP,0.05,,69.0,,Multiplatform,Post-Merger,False
Final Fantasy Crystal Chronicles: Echoes of Time,Square Enix,Square Enix,Final Fantasy Crystal Chronicles,Role-Playing,Turn-Based RPG,2D,Wii,Nintendo,Home Console,2009.0,NA,0.13,,69.0,,Multiplatform,Post-Merger,False
Final Fantasy Crystal Chronicles: Echoes of Time,Square Enix,Square Enix,Final Fantasy Crystal Chronicles,Role-Playing,Turn-Based RPG,2D,Wii,Nintendo,Home Console,2009.0,Other,0.02,,69.0,,Multiplatform,Post-Merger,False
Final Fantasy Crystal Chronicles: Echoes of Time,Square Enix,Square Enix,Final Fantasy Crystal Chronicles,Role-Playing,Turn-Based RPG,2D,Wii,Nintendo,Home Console,2009.0,PAL,0.06,,69.0,,Multiplatform,Post-Merger,False
Final Fantasy Crystal Chronicles: My Life as a Darklord,Square Enix,Square Enix,Final Fantasy Crystal Chronicles,Strategy,Turn-Based RPG,2D,WW,Other,Other,2009.0,JP,,,77.0,,Exclusive,N/A,False
Final Fantasy Crystal Chronicles: My Life as a Darklord,Square Enix,Square Enix,Final Fantasy Crystal Chronicles,Strategy,Turn-Based RPG,2D,WW,Other,Other,2009.0,NA,,,77.0,,Exclusive,N/A,False
Final Fantasy Crystal Chronicles: My Life as a Darklord,Square Enix,Square Enix,Final Fantasy Crystal Chronicles,Strategy,Turn-Based RPG,2D,WW,Other,Other,2009.0,Other,,,77.0,,Exclusive,N/A,False
Final Fantasy Crystal Chronicles: My Life as a Darklord,Square Enix,Square Enix,Final Fantasy Crystal Chronicles,Strategy,Turn-Based RPG,2D,WW,Other,Other,2009.0,PAL,,,77.0,,Exclusive,N/A,False
,Square Enix,Square Enix,Standalone,,,,Wii,,,,,,,,,Exclusive,,False
Final Fantasy Crystal Chronicles: My Life as a King,Square Enix,Square Enix,Final Fantasy Crystal Chronicles,Strategy,Turn-Based RPG,2D,WW,Other,Other,2008.0,JP,,,77.0,,Exclusive,N/A,False
Final Fantasy Crystal Chronicles: My Life as a King,Square Enix,Square Enix,Final Fantasy Crystal Chronicles,Strategy,Turn-Based RPG,2D,WW,Other,Other,2008.0,NA,,,77.0,,Exclusive,N/A,False
Final Fantasy Crystal Chronicles: My Life as a King,Square Enix,Square Enix,Final Fantasy Crystal Chronicles,Strategy,Turn-Based RPG,2D,WW,Other,Other,2008.0,Other,,,77.0,,Exclusive,N/A,False
Final Fantasy Crystal Chronicles: My Life as a King,Square Enix,Square Enix,Final Fantasy Crystal Chronicles,Strategy,Turn-Based RPG,2D,WW,Other,Other,2008.0,PAL,,,77.0,,Exclusive,N/A,False
Final Fantasy Crystal Chronicles: Remastered Edition,Square Enix,Square Enix,Final Fantasy Crystal Chronicles,Role-Playing,Turn-Based RPG,2D,And,Other,Other,2020.0,JP,,,61.0,,Multiplatform,N/A,False
Final Fantasy Crystal Chronicles: Remastered Edition,Square Enix,Square Enix,Final Fantasy Crystal Chronicles,Role-Playing,Turn-Based RPG,2D,And,Other,Other,2020.0,NA,,,61.0,,Multiplatform,N/A,False
Final Fantasy Crystal Chronicles: Remastered Edition,Square Enix,Square Enix,Final Fantasy Crystal Chronicles,Role-Playing,Turn-Based RPG,2D,And,Other,Other,2020.0,Other,,,61.0,,Multiplatform,N/A,False
Final Fantasy Crystal Chronicles: Remastered Edition,Square Enix,Square Enix,Final Fantasy Crystal Chronicles,Role-Playing,Turn-Based RPG,2D,And,Other,Other,2020.0,PAL,,,61.0,,Multiplatform,N/A,False
Final Fantasy Crystal Chronicles: Remastered Edition,Square Enix,Square Enix,Final Fantasy Crystal Chronicles,Role-Playing,Turn-Based RPG,2D,Mobile,Mobile,Mobile,2020.0,JP,,,61.0,,Multiplatform,N/A,False
Final Fantasy Crystal Chronicles: Remastered Edition,Square Enix,Square Enix,Final Fantasy Crystal Chronicles,Role-Playing,Turn-Based RPG,2D,Mobile,Mobile,Mobile,2020.0,NA,,,61.0,,Multiplatform,N/A,False
Final Fantasy Crystal Chronicles: Remastered Edition,Square Enix,Square Enix,Final Fantasy Crystal Chronicles,Role-Playing,Turn-Based RPG,2D,Mobile,Mobile,Mobile,2020.0,Other,,,61.0,,Multiplatform,N/A,False
Final Fantasy Crystal Chronicles: Remastered Edition,Square Enix,Square Enix,Final Fantasy Crystal Chronicles,Role-Playing,Turn-Based RPG,2D,Mobile,Mobile,Mobile,2020.0,PAL,,,61.0,,Multiplatform,N/A,False
Final Fantasy Crystal Chronicles: Remastered Edition,Square Enix,Square Enix,Final Fantasy Crystal Chronicles,Role-Playing,Turn-Based RPG,2D,PS4,PlayStation,Home Console,2020.0,JP,,,38.0,,Multiplatform,N/A,False
Final Fantasy Crystal Chronicles: Remastered Edition,Square Enix,Square Enix,Final Fantasy Crystal Chronicles,Role-Playing,Turn-Based RPG,2D,PS4,PlayStation,Home Console,2020.0,NA,,,38.0,,Multiplatform,N/A,False
Final Fantasy Crystal Chronicles: Remastered Edition,Square Enix,Square Enix,Final Fantasy Crystal Chronicles,Role-Playing,Turn-Based RPG,2D,PS4,PlayStation,Home Console,2020.0,Other,,,38.0,,Multiplatform,N/A,False
Final Fantasy Crystal Chronicles: Remastered Edition,Square Enix,Square Enix,Final Fantasy Crystal Chronicles,Role-Playing,Turn-Based RPG,2D,PS4,PlayStation,Home Console,2020.0,PAL,,,38.0,,Multiplatform,N/A,False
Final Fantasy Crystal Chronicles: Remastered Edition,Square Enix,Square Enix,Final Fantasy Crystal Chronicles,Role-Playing,Turn-Based RPG,2D,Switch,Nintendo,Home Console,2020.0,JP,,,61.0,,Multiplatform,Post-Merger,False
Final Fantasy Crystal Chronicles: Remastered Edition,Square Enix,Square Enix,Final Fantasy Crystal Chronicles,Role-Playing,Turn-Based RPG,2D,Switch,Nintendo,Home Console,2020.0,NA,,,61.0,,Multiplatform,Post-Merger,False
Final Fantasy Crystal Chronicles: Remastered Edition,Square Enix,Square Enix,Final Fantasy Crystal Chronicles,Role-Playing,Turn-Based RPG,2D,Switch,Nintendo,Home Console,2020.0,Other,,,61.0,,Multiplatform,Post-Merger,False
Final Fantasy Crystal Chronicles: Remastered Edition,Square Enix,Square Enix,Final Fantasy Crystal Chronicles,Role-Playing,Turn-Based RPG,2D,Switch,Nintendo,Home Console,2020.0,PAL,,,61.0,,Multiplatform,Post-Merger,False
Final Fantasy Crystal Chronicles: Ring of Fates,Square Enix,Square Enix,Final Fantasy Crystal Chronicles,Role-Playing,Turn-Based RPG,2D,DS,Nintendo,Handheld,2008.0,JP,0.42,,77.0,,Exclusive,Post-Merger,False
Final Fantasy Crystal Chronicles: Ring of Fates,Square Enix,Square Enix,Final Fantasy Crystal Chronicles,Role-Playing,Turn-Based RPG,2D,DS,Nintendo,Handheld,2008.0,NA,0.22,,77.0,,Exclusive,Post-Merger,False
Final Fantasy Crystal Chronicles: Ring of Fates,Square Enix,Square Enix,Final Fantasy Crystal Chronicles,Role-Playing,Turn-Based RPG,2D,DS,Nintendo,Handheld,2008.0,Other,0.02,,77.0,,Exclusive,Post-Merger,False
Final Fantasy Crystal Chronicles: Ring of Fates,Square Enix,Square Enix,Final Fantasy Crystal Chronicles,Role-Playing,Turn-Based RPG,2D,DS,Nintendo,Handheld,2008.0,PAL,0.01,,77.0,,Exclusive,Post-Merger,False
Final Fantasy Crystal Chronicles: The Crystal Bearers,Square Enix,Square Enix,Final Fantasy Crystal Chronicles,Adventure,Turn-Based RPG,2D,Wii,Nintendo,Home Console,2009.0,JP,0.08,,67.0,,Exclusive,Post-Merger,False
Final Fantasy Crystal Chronicles: The Crystal Bearers,Square Enix,Square Enix,Final Fantasy Crystal Chronicles,Adventure,Turn-Based RPG,2D,Wii,Nintendo,Home Console,2009.0,NA,0.21,,67.0,,Exclusive,Post-Merger,False
Final Fantasy Crystal Chronicles: The Crystal Bearers,Square Enix,Square Enix,Final Fantasy Crystal Chronicles,Adventure,Turn-Based RPG,2D,Wii,Nintendo,Home Console,2009.0,Other,0.03,,67.0,,Exclusive,Post-Merger,False
Final Fantasy Crystal Chronicles: The Crystal Bearers,Square Enix,Square Enix,Final Fantasy Crystal Chronicles,Adventure,Turn-Based RPG,2D,Wii,Nintendo,Home Console,2009.0,PAL,0.08,,67.0,,Exclusive,Post-Merger,False
Final Fantasy Explorers,Square Enix,Square Enix,Final Fantasy,Role-Playing,Turn-Based RPG,2D,3DS,Nintendo,Handheld,2016.0,JP,0.29,,73.0,,Exclusive,Post-Merger,False
Final Fantasy Explorers,Square Enix,Square Enix,Final Fantasy,Role-Playing,Turn-Based RPG,2D,3DS,Nintendo,Handheld,2016.0,NA,0.17,,73.0,,Exclusive,Post-Merger,False
Final Fantasy Explorers,Square Enix,Square Enix,Final Fantasy,Role-Playing,Turn-Based RPG,2D,3DS,Nintendo,Handheld,2016.0,Other,0.03,,73.0,,Exclusive,Post-Merger,False
Final Fantasy Explorers,Square Enix,Square Enix,Final Fantasy,Role-Playing,Turn-Based RPG,2D,3DS,Nintendo,Handheld,2016.0,PAL,0.1,,73.0,,Exclusive,Post-Merger,False
Final Fantasy Fables: Chocobo Tales,Square Enix,High Horse Entertainment,Final Fantasy,Adventure,Turn-Based RPG,2D,DS,Nintendo,Handheld,2007.0,JP,,,74.0,,Exclusive,Post-Merger,False
Final Fantasy Fables: Chocobo Tales,Square Enix,High Horse Entertainment,Final Fantasy,Adventure,Turn-Based RPG,2D,DS,Nintendo,Handheld,2007.0,NA,,,74.0,,Exclusive,Post-Merger,False
Final Fantasy Fables: Chocobo Tales,Square Enix,High Horse Entertainment,Final Fantasy,Adventure,Turn-Based RPG,2D,DS,Nintendo,Handheld,2007.0,Other,,,74.0,,Exclusive,Post-Merger,False
Final Fantasy Fables: Chocobo Tales,Square Enix,High Horse Entertainment,Final Fantasy,Adventure,Turn-Based RPG,2D,DS,Nintendo,Handheld,2007.0,PAL,,,74.0,,Exclusive,Post-Merger,False
Final Fantasy Fables: Chocobo's Dungeon,Square Enix,High Horse Entertainment,Final Fantasy,Role-Playing,Turn-Based RPG,2D,Wii,Nintendo,Home Console,2008.0,JP,,,74.0,,Exclusive,Post-Merger,False
Final Fantasy Fables: Chocobo's Dungeon,Square Enix,High Horse Entertainment,Final Fantasy,Role-Playing,Turn-Based RPG,2D,Wii,Nintendo,Home Console,2008.0,NA,,,74.0,,Exclusive,Post-Merger,False
Final Fantasy Fables: Chocobo's Dungeon,Square Enix,High Horse Entertainment,Final Fantasy,Role-Playing,Turn-Based RPG,2D,Wii,Nintendo,Home Console,2008.0,Other,,,74.0,,Exclusive,Post-Merger,False
Final Fantasy Fables: Chocobo's Dungeon,Square Enix,High Horse Entertainment,Final Fantasy,Role-Playing,Turn-Based RPG,2D,Wii,Nintendo,Home Console,2008.0,PAL,,,74.0,,Exclusive,Post-Merger,False
The Final Fantasy Legend,Squaresoft,Square,Final Fantasy,Role-Playing,Turn-Based RPG,Unknown,Game Boy,Nintendo,Handheld,1990.0,JP,,,60.0,,Exclusive,Pre-Split,False
The Final Fantasy Legend,Squaresoft,Square,Final Fantasy,Role-Playing,Turn-Based RPG,Unknown,Game Boy,Nintendo,Handheld,1990.0,NA,,,60.0,,Exclusive,Pre-Split,False
The Final Fantasy Legend,Squaresoft,Square,Final Fantasy,Role-Playing,Turn-Based RPG,Unknown,Game Boy,Nintendo,Handheld,1990.0,Other,,,60.0,,Exclusive,Pre-Split,False
The Final Fantasy Legend,Squaresoft,Square,Final Fantasy,Role-Playing,Turn-Based RPG,Unknown,Game Boy,Nintendo,Handheld,1990.0,PAL,,,60.0,,Exclusive,Pre-Split,False
,Squaresoft,Aspect,Standalone,,,,WonderSwan,,,,,,,,,Exclusive,,False
Final Fantasy Legend II,Squaresoft,SquareSoft,Final Fantasy,Role-Playing,Turn-Based RPG,2D,Game Boy,Nintendo,Handheld,1991.0,JP,,,80.0,,Exclusive,Pre-Split,False
Final Fantasy Legend II,Squaresoft,SquareSoft,Final Fantasy,Role-Playing,Turn-Based RPG,2D,Game Boy,Nintendo,Handheld,1991.0,NA,,,80.0,,Exclusive,Pre-Split,False
Final Fantasy Legend II,Squaresoft,SquareSoft,Final Fantasy,Role-Playing,Turn-Based RPG,2D,Game Boy,Nintendo,Handheld,1991.0,Other,,,80.0,,Exclusive,Pre-Split,False
Final Fantasy Legend II,Squaresoft,SquareSoft,Final Fantasy,Role-Playing,Turn-Based RPG,2D,Game Boy,Nintendo,Handheld,1991.0,PAL,,,80.0,,Exclusive,Pre-Split,False
Final Fantasy Legend III,Squaresoft,SquareSoft,Final Fantasy,Role-Playing,Turn-Based RPG,2D,Game Boy,Nintendo,Handheld,1993.0,JP,0.76,,70.0,,Exclusive,Pre-Split,True
Final Fantasy Legend III,Squaresoft,SquareSoft,Final Fantasy,Role-Playing,Turn-Based RPG,2D,Game Boy,Nintendo,Handheld,1993.0,NA,,,70.0,,Exclusive,Pre-Split,True
Final Fantasy Legend III,Squaresoft,SquareSoft,Final Fantasy,Role-Playing,Turn-Based RPG,2D,Game Boy,Nintendo,Handheld,1993.0,Other,,,70.0,,Exclusive,Pre-Split,True
Final Fantasy Legend III,Squaresoft,SquareSoft,Final Fantasy,Role-Playing,Turn-Based RPG,2D,Game Boy,Nintendo,Handheld,1993.0,PAL,,,70.0,,Exclusive,Pre-Split,True
Final Fantasy Mystic Quest,Squaresoft,SquareSoft,Final Fantasy,Role-Playing,Turn-Based RPG,2D,SNES,Nintendo,Home Console,1992.0,JP,,,,,Timed Exclusive,Pre-Split,False
Final Fantasy Mystic Quest,Squaresoft,SquareSoft,Final Fantasy,Role-Playing,Turn-Based RPG,2D,SNES,Nintendo,Home Console,1992.0,NA,,,,,Timed Exclusive,Pre-Split,False
Final Fantasy Mystic Quest,Squaresoft,SquareSoft,Final Fantasy,Role-Playing,Turn-Based RPG,2D,SNES,Nintendo,Home Console,1992.0,Other,,,,,Timed Exclusive,Pre-Split,False
Final Fantasy Mystic Quest,Squaresoft,SquareSoft,Final Fantasy,Role-Playing,Turn-Based RPG,2D,SNES,Nintendo,Home Console,1992.0,PAL,,,,,Timed Exclusive,Pre-Split,False
Final Fantasy Mystic Quest,Square Enix,SquareSoft,Final Fantasy,Role-Playing,Turn-Based RPG,2D,VC,Other,Other,2010.0,JP,,,,,Timed Exclusive,N/A,False
Final Fantasy Mystic Quest,Square Enix,SquareSoft,Final Fantasy,Role-Playing,Turn-Based RPG,2D,VC,Other,Other,2010.0,NA,,,,,Timed Exclusive,N/A,False
Final Fantasy Mystic Quest,Square Enix,SquareSoft,Final Fantasy,Role-Playing,Turn-Based RPG,2D,VC,Other,Other,2010.0,Other,,,,,Timed Exclusive,N/A,False
Final Fantasy Mystic Quest,Square Enix,SquareSoft,Final Fantasy,Role-Playing,Turn-Based RPG,2D,VC,Other,Other,2010.0,PAL,,,,,Timed Exclusive,N/A,False
Final Fantasy Origins,Square Enix,TOSE,Final Fantasy,Role-Playing,Turn-Based RPG,2D,PS1,PlayStation,Home Console,2003.0,JP,,,83.0,,Exclusive,N/A,False
Final Fantasy Origins,Square Enix,TOSE,Final Fantasy,Role-Playing,Turn-Based RPG,2D,PS1,PlayStation,Home Console,2003.0,NA,,,83.0,,Exclusive,N/A,False
Final Fantasy Origins,Square Enix,TOSE,Final Fantasy,Role-Playing,Turn-Based RPG,2D,PS1,PlayStation,Home Console,2003.0,Other,,,83.0,,Exclusive,N/A,False
Final Fantasy Origins,Square Enix,TOSE,Final Fantasy,Role-Playing,Turn-Based RPG,2D,PS1,PlayStation,Home Console,2003.0,PAL,,,83.0,,Exclusive,N/A,False
,Square Enix,"July 28, 2021",Standalone,,,,Final Fantasy II Pixel Remaster,,,,,,,78.0,,Exclusive,,False
,Square Enix,"July 28, 2021",Standalone,,,,Neo: The World Ends with You,,,,,,,78.0,,Exclusive,,False
,Square Enix,Yes,Standalone,,,,PS4,,,,,,,78.0,,Exclusive,,False
Final Fantasy Pixel Remaster,Square Enix,Square Enix,Final Fantasy,Role-Playing,Turn-Based RPG,2D,Series,Other,Other,2021.0,JP,,,78.0,,Exclusive,N/A,False
Final Fantasy Pixel Remaster,Square Enix,Square Enix,Final Fantasy,Role-Playing,Turn-Based RPG,2D,Series,Other,Other,2021.0,NA,,,78.0,,Exclusive,N/A,False
Final Fantasy Pixel Remaster,Square Enix,Square Enix,Final Fantasy,Role-Playing,Turn-Based RPG,2D,Series,Other,Other,2021.0,Other,,,78.0,,Exclusive,N/A,False
Final Fantasy Pixel Remaster,Square Enix,Square Enix,Final Fantasy,Role-Playing,Turn-Based RPG,2D,Series,Other,Other,2021.0,PAL,,,78.0,,Exclusive,N/A,False
,Square Enix,Yes,Standalone,,,,Switch,,,,,,,78.0,,Exclusive,,False
,Square Enix,Yes,Standalone,,,,Xbox Series X/S,,,,,,,78.0,,Exclusive,,False
Final Fantasy Tactics,Square Enix,Unknown,Final Fantasy Tactics,Strategy,Tactical / Strategy RPG,Hybrid,And,Other,Other,2013.0,JP,3.749397,,,,Timed Exclusive,N/A,False
Final Fantasy Tactics,Square Enix,Unknown,Final Fantasy Tactics,Strategy,Tactical / Strategy RPG,Hybrid,And,Other,Other,2013.0,NA,3.749397,,,,Timed Exclusive,N/A,False
Final Fantasy Tactics,Square Enix,Unknown,Final Fantasy Tactics,Strategy,Tactical / Strategy RPG,Hybrid,And,Other,Other,2013.0,Other,3.749397,,,,Timed Exclusive,N/A,False
Final Fantasy Tactics,Square Enix,Unknown,Final Fantasy Tactics,Strategy,Tactical / Strategy RPG,Hybrid,And,Other,Other,2013.0,PAL,3.749397,,,,Timed Exclusive,N/A,False
,Squaresoft,Square,Standalone,,,,PS1,,,,,,,,,Timed Exclusive,,False
Final Fantasy Tactics,Square Enix,Unknown,Final Fantasy Tactics,Strategy,Tactical / Strategy RPG,Hybrid,PSP,PlayStation,Handheld,2007.0,JP,3.749397,,,,Timed Exclusive,N/A,False
Final Fantasy Tactics,Square Enix,Unknown,Final Fantasy Tactics,Strategy,Tactical / Strategy RPG,Hybrid,PSP,PlayStation,Handheld,2007.0,NA,3.749397,,,,Timed Exclusive,N/A,False
Final Fantasy Tactics,Square Enix,Unknown,Final Fantasy Tactics,Strategy,Tactical / Strategy RPG,Hybrid,PSP,PlayStation,Handheld,2007.0,Other,3.749397,,,,Timed Exclusive,N/A,False
Final Fantasy Tactics,Square Enix,Unknown,Final Fantasy Tactics,Strategy,Tactical / Strategy RPG,Hybrid,PSP,PlayStation,Handheld,2007.0,PAL,3.749397,,,,Timed Exclusive,N/A,False
Final Fantasy Tactics A2: Grimoire of the Rift,Square Enix,Square Enix,Final Fantasy Tactics,Role-Playing,Tactical / Strategy RPG,2D,DS,Nintendo,Handheld,2008.0,JP,,,81.0,,Exclusive,Post-Merger,False
Final Fantasy Tactics A2: Grimoire of the Rift,Square Enix,Square Enix,Final Fantasy Tactics,Role-Playing,Tactical / Strategy RPG,2D,DS,Nintendo,Handheld,2008.0,NA,,,81.0,,Exclusive,Post-Merger,False
Final Fantasy Tactics A2: Grimoire of the Rift,Square Enix,Square Enix,Final Fantasy Tactics,Role-Playing,Tactical / Strategy RPG,2D,DS,Nintendo,Handheld,2008.0,Other,,,81.0,,Exclusive,Post-Merger,False
Final Fantasy Tactics A2: Grimoire of the Rift,Square Enix,Square Enix,Final Fantasy Tactics,Role-Playing,Tactical / Strategy RPG,2D,DS,Nintendo,Handheld,2008.0,PAL,,,81.0,,Exclusive,Post-Merger,False
Final Fantasy Tactics Advance,Square Enix,SquareSoft,Final Fantasy Tactics,Role-Playing,Tactical / Strategy RPG,Hybrid,GBA,Nintendo,Handheld,2003.0,JP,,,89.0,,Exclusive,Post-Merger,False
Final Fantasy Tactics Advance,Square Enix,SquareSoft,Final Fantasy Tactics,Role-Playing,Tactical / Strategy RPG,Hybrid,GBA,Nintendo,Handheld,2003.0,NA,,,89.0,,Exclusive,Post-Merger,False
Final Fantasy Tactics Advance,Square Enix,SquareSoft,Final Fantasy Tactics,Role-Playing,Tactical / Strategy RPG,Hybrid,GBA,Nintendo,Handheld,2003.0,Other,,,89.0,,Exclusive,Post-Merger,False
Final Fantasy Tactics Advance,Square Enix,SquareSoft,Final Fantasy Tactics,Role-Playing,Tactical / Strategy RPG,Hybrid,GBA,Nintendo,Handheld,2003.0,PAL,,,89.0,,Exclusive,Post-Merger,False
,Square Enix,"September 30, 2025",Standalone,,,,Dragon Quest I & II HD-2D Remake,,,,,,,,,Multiplatform,,False
,Square Enix,"September 30, 2025",Standalone,,,,Nintendo Switch 2,,,,,,,,,Multiplatform,,False
,Square Enix,"September 30, 2025",Standalone,,,,PS4,,,,,,,,,Multiplatform,,False
,Square Enix,"September 30, 2025",Standalone,,,,PS5,,,,,,,,,Multiplatform,,False
,Square Enix,"September 30, 2025",Standalone,,,,SaGa Frontier 2 Remastered,,,,,,,,,Multiplatform,,False
,Square Enix,"September 30, 2025",Standalone,,,,Switch,,,,,,,,,Multiplatform,,False
,Square Enix,"September 30, 2025",Standalone,,,,Xbox Series X/S,,,,,,,,,Multiplatform,,False
Final Fantasy Tactics: The War of the Lions,Square Enix,Square Enix,Final Fantasy Tactics,Role-Playing,Tactical / Strategy RPG,2D,PSN,Other,Other,2011.0,JP,,,90.0,,Timed Exclusive,N/A,False
Final Fantasy Tactics: The War of the Lions,Square Enix,Square Enix,Final Fantasy Tactics,Role-Playing,Tactical / Strategy RPG,2D,PSN,Other,Other,2011.0,NA,,,90.0,,Timed Exclusive,N/A,False
Final Fantasy Tactics: The War of the Lions,Square Enix,Square Enix,Final Fantasy Tactics,Role-Playing,Tactical / Strategy RPG,2D,PSN,Other,Other,2011.0,Other,,,90.0,,Timed Exclusive,N/A,False
Final Fantasy Tactics: The War of the Lions,Square Enix,Square Enix,Final Fantasy Tactics,Role-Playing,Tactical / Strategy RPG,2D,PSN,Other,Other,2011.0,PAL,,,90.0,,Timed Exclusive,N/A,False
Final Fantasy Tactics: The War of the Lions,Square Enix,Square Enix,Final Fantasy Tactics,Role-Playing,Tactical / Strategy RPG,2D,PSP,PlayStation,Handheld,2007.0,JP,,,89.0,,Timed Exclusive,N/A,False
Final Fantasy Tactics: The War of the Lions,Square Enix,Square Enix,Final Fantasy Tactics,Role-Playing,Tactical / Strategy RPG,2D,PSP,PlayStation,Handheld,2007.0,NA,,,89.0,,Timed Exclusive,N/A,False
Final Fantasy Tactics: The War of the Lions,Square Enix,Square Enix,Final Fantasy Tactics,Role-Playing,Tactical / Strategy RPG,2D,PSP,PlayStation,Handheld,2007.0,Other,,,89.0,,Timed Exclusive,N/A,False
Final Fantasy Tactics: The War of the Lions,Square Enix,Square Enix,Final Fantasy Tactics,Role-Playing,Tactical / Strategy RPG,2D,PSP,PlayStation,Handheld,2007.0,PAL,,,89.0,,Timed Exclusive,N/A,False
Final Fantasy: The 4 Heroes of Light,Square Enix,Matrix Software,Final Fantasy,Role-Playing,Turn-Based RPG,2D,DS,Nintendo,Handheld,2010.0,JP,0.23,,72.0,,Exclusive,Post-Merger,False
Final Fantasy: The 4 Heroes of Light,Square Enix,Matrix Software,Final Fantasy,Role-Playing,Turn-Based RPG,2D,DS,Nintendo,Handheld,2010.0,NA,0.22,,72.0,,Exclusive,Post-Merger,False
Final Fantasy: The 4 Heroes of Light,Square Enix,Matrix Software,Final Fantasy,Role-Playing,Turn-Based RPG,2D,DS,Nintendo,Handheld,2010.0,Other,0.03,,72.0,,Exclusive,Post-Merger,False
Final Fantasy: The 4 Heroes of Light,Square Enix,Matrix Software,Final Fantasy,Role-Playing,Turn-Based RPG,2D,DS,Nintendo,Handheld,2010.0,PAL,0.1,,72.0,,Exclusive,Post-Merger,False
Final Fantasy Type-0,Square Enix,Square Enix,Final Fantasy,Role-Playing,Turn-Based RPG,2D,PC,PC,PC,2016.0,JP,,,72.0,,Timed Exclusive,N/A,False
Final Fantasy Type-0,Square Enix,Square Enix,Final Fantasy,Role-Playing,Turn-Based RPG,2D,PC,PC,PC,2016.0,NA,,,72.0,,Timed Exclusive,N/A,False
Final Fantasy Type-0,Square Enix,Square Enix,Final Fantasy,Role-Playing,Turn-Based RPG,2D,PC,PC,PC,2016.0,Other,,,72.0,,Timed Exclusive,N/A,False
Final Fantasy Type-0,Square Enix,Square Enix,Final Fantasy,Role-Playing,Turn-Based RPG,2D,PC,PC,PC,2016.0,PAL,,,72.0,,Timed Exclusive,N/A,False
Final Fantasy Type-0,Square Enix,Square Enix,Final Fantasy,Role-Playing,Turn-Based RPG,2D,PSN,Other,Other,2015.0,JP,,,72.0,,Timed Exclusive,N/A,False
Final Fantasy Type-0,Square Enix,Square Enix,Final Fantasy,Role-Playing,Turn-Based RPG,2D,PSN,Other,Other,2015.0,NA,,,72.0,,Timed Exclusive,N/A,False
Final Fantasy Type-0,Square Enix,Square Enix,Final Fantasy,Role-Playing,Turn-Based RPG,2D,PSN,Other,Other,2015.0,Other,,,72.0,,Timed Exclusive,N/A,False
Final Fantasy Type-0,Square Enix,Square Enix,Final Fantasy,Role-Playing,Turn-Based RPG,2D,PSN,Other,Other,2015.0,PAL,,,72.0,,Timed Exclusive,N/A,False
,Square Enix,Square Enix,Standalone,,,,PSP,,,,,,,72.0,,Timed Exclusive,,False
Final Fantasy Type-0 HD,Square Enix,Square Enix,Final Fantasy,Role-Playing,Turn-Based RPG,2D,PS4,PlayStation,Home Console,2015.0,JP,,,72.0,,Multiplatform,N/A,False
Final Fantasy Type-0 HD,Square Enix,Square Enix,Final Fantasy,Role-Playing,Turn-Based RPG,2D,PS4,PlayStation,Home Console,2015.0,NA,,,72.0,,Multiplatform,N/A,False
Final Fantasy Type-0 HD,Square Enix,Square Enix,Final Fantasy,Role-Playing,Turn-Based RPG,2D,PS4,PlayStation,Home Console,2015.0,Other,,,72.0,,Multiplatform,N/A,False
Final Fantasy Type-0 HD,Square Enix,Square Enix,Final Fantasy,Role-Playing,Turn-Based RPG,2D,PS4,PlayStation,Home Console,2015.0,PAL,,,72.0,,Multiplatform,N/A,False
Final Fantasy Type-0 HD,Square Enix,Square Enix,Final Fantasy,Role-Playing,Turn-Based RPG,2D,Xbox One,Microsoft,Home Console,2015.0,JP,,,72.0,,Multiplatform,N/A,False
Final Fantasy Type-0 HD,Square Enix,Square Enix,Final Fantasy,Role-Playing,Turn-Based RPG,2D,Xbox One,Microsoft,Home Console,2015.0,NA,0.2,,72.0,,Multiplatform,N/A,False
Final Fantasy Type-0 HD,Square Enix,Square Enix,Final Fantasy,Role-Playing,Turn-Based RPG,2D,Xbox One,Microsoft,Home Console,2015.0,Other,0.03,,72.0,,Multiplatform,N/A,False
Final Fantasy Type-0 HD,Square Enix,Square Enix,Final Fantasy,Role-Playing,Turn-Based RPG,2D,Xbox One,Microsoft,Home Console,2015.0,PAL,0.07,,72.0,,Multiplatform,N/A,False
Flying Squadron,Enix,Phoenix Games,Standalone,Action,,Unknown,PS1,PlayStation,Home Console,2003.0,JP,,,,,Exclusive,N/A,False
Flying Squadron,Enix,Phoenix Games,Standalone,Action,,Unknown,PS1,PlayStation,Home Console,2003.0,NA,,,,,Exclusive,N/A,False
Flying Squadron,Enix,Phoenix Games,Standalone,Action,,Unknown,PS1,PlayStation,Home Console,2003.0,Other,,,,,Exclusive,N/A,False
Flying Squadron,Enix,Phoenix Games,Standalone,Action,,Unknown,PS1,PlayStation,Home Console,2003.0,PAL,,,,,Exclusive,N/A,False
,Square Enix,Toylogic,Standalone,,,,Final Fantasy VII Rebirth,,,,,,,,,Multiplatform,,False
,Square Enix,Toylogic,Standalone,,,,PS4,,,,,,,,,Multiplatform,,False
,Square Enix,Toylogic,Standalone,,,,PS5,,,,,,,,,Multiplatform,,False
Forgotton Anne,Square Enix,ThroughLine Games,Standalone,Action-Adventure,,Unknown,PS4,PlayStation,Home Console,2018.0,JP,,,80.0,,Exclusive,N/A,False
Forgotton Anne,Square Enix,ThroughLine Games,Standalone,Action-Adventure,,Unknown,PS4,PlayStation,Home Console,2018.0,NA,,,80.0,,Exclusive,N/A,False
Forgotton Anne,Square Enix,ThroughLine Games,Standalone,Action-Adventure,,Unknown,PS4,PlayStation,Home Console,2018.0,Other,,,80.0,,Exclusive,N/A,False
Forgotton Anne,Square Enix,ThroughLine Games,Standalone,Action-Adventure,,Unknown,PS4,PlayStation,Home Console,2018.0,PAL,,,80.0,,Exclusive,N/A,False
Forspoken,Square Enix,Luminous Productions,Standalone,Action-Adventure,,3D,PC,PC,PC,2022.0,JP,,,67.0,,Multiplatform,N/A,False
Forspoken,Square Enix,Luminous Productions,Standalone,Action-Adventure,,3D,PC,PC,PC,2022.0,NA,,,67.0,,Multiplatform,N/A,False
Forspoken,Square Enix,Luminous Productions,Standalone,Action-Adventure,,3D,PC,PC,PC,2022.0,Other,,,67.0,,Multiplatform,N/A,False
Forspoken,Square Enix,Luminous Productions,Standalone,Action-Adventure,,3D,PC,PC,PC,2022.0,PAL,,,67.0,,Multiplatform,N/A,False
Forspoken,Square Enix,Luminous Productions,Standalone,Action-Adventure,,3D,PS5,PlayStation,Home Console,2022.0,JP,,,67.0,,Multiplatform,N/A,False
Forspoken,Square Enix,Luminous Productions,Standalone,Action-Adventure,,3D,PS5,PlayStation,Home Console,2022.0,NA,,,67.0,,Multiplatform,N/A,False
Forspoken,Square Enix,Luminous Productions,Standalone,Action-Adventure,,3D,PS5,PlayStation,Home Console,2022.0,Other,,,67.0,,Multiplatform,N/A,False
Forspoken,Square Enix,Luminous Productions,Standalone,Action-Adventure,,3D,PS5,PlayStation,Home Console,2022.0,PAL,,,67.0,,Multiplatform,N/A,False
,Square Enix,Think Garage,Standalone,,,,Wii,,,,,,,,,Multiplatform,,False
Fortune Street: Dragon Quest & Final Fantasy 30th Anniversary,Square Enix,Square Enix,Final Fantasy,Misc,Turn-Based RPG,Unknown,PS4,PlayStation,Home Console,2017.0,JP,0.07,,,,Multiplatform,N/A,True
Fortune Street: Dragon Quest & Final Fantasy 30th Anniversary,Square Enix,Square Enix,Final Fantasy,Misc,Turn-Based RPG,Unknown,PS4,PlayStation,Home Console,2017.0,NA,,,,,Multiplatform,N/A,True
Fortune Street: Dragon Quest & Final Fantasy 30th Anniversary,Square Enix,Square Enix,Final Fantasy,Misc,Turn-Based RPG,Unknown,PS4,PlayStation,Home Console,2017.0,Other,,,,,Multiplatform,N/A,True
Fortune Street: Dragon Quest & Final Fantasy 30th Anniversary,Square Enix,Square Enix,Final Fantasy,Misc,Turn-Based RPG,Unknown,PS4,PlayStation,Home Console,2017.0,PAL,,,,,Multiplatform,N/A,True
Fortune Street: Dragon Quest & Final Fantasy 30th Anniversary,Square Enix,Square Enix,Final Fantasy,Misc,Turn-Based RPG,Unknown,PSV,Other,Other,2017.0,JP,0.03,,,,Multiplatform,N/A,True
Fortune Street: Dragon Quest & Final Fantasy 30th Anniversary,Square Enix,Square Enix,Final Fantasy,Misc,Turn-Based RPG,Unknown,PSV,Other,Other,2017.0,NA,,,,,Multiplatform,N/A,True
Fortune Street: Dragon Quest & Final Fantasy 30th Anniversary,Square Enix,Square Enix,Final Fantasy,Misc,Turn-Based RPG,Unknown,PSV,Other,Other,2017.0,Other,,,,,Multiplatform,N/A,True
Fortune Street: Dragon Quest & Final Fantasy 30th Anniversary,Square Enix,Square Enix,Final Fantasy,Misc,Turn-Based RPG,Unknown,PSV,Other,Other,2017.0,PAL,,,,,Multiplatform,N/A,True
Front Mission,Square Enix,Square Enix,Front Mission,Strategy,Tactical / Strategy RPG,2D,DS,Nintendo,Handheld,2007.0,JP,0.03,,69.0,,Timed Exclusive,Post-Merger,True
Front Mission,Square Enix,Square Enix,Front Mission,Strategy,Tactical / Strategy RPG,2D,DS,Nintendo,Handheld,2007.0,NA,0.01,,69.0,,Timed Exclusive,Post-Merger,True
Front Mission,Square Enix,Square Enix,Front Mission,Strategy,Tactical / Strategy RPG,2D,DS,Nintendo,Handheld,2007.0,Other,0.0,,69.0,,Timed Exclusive,Post-Merger,True
Front Mission,Square Enix,Square Enix,Front Mission,Strategy,Tactical / Strategy RPG,2D,DS,Nintendo,Handheld,2007.0,PAL,,,69.0,,Timed Exclusive,Post-Merger,True
,Square Enix,Square Enix,Standalone,,,,PS1,,,,,,,69.0,,Timed Exclusive,,True
Front Mission,Squaresoft,G-Craft,Front Mission,Strategy,Tactical / Strategy RPG,2D,SNES,Nintendo,Home Console,1995.0,JP,,,69.0,,Timed Exclusive,Pre-Split,True
Front Mission,Squaresoft,G-Craft,Front Mission,Strategy,Tactical / Strategy RPG,2D,SNES,Nintendo,Home Console,1995.0,NA,,,69.0,,Timed Exclusive,Pre-Split,True
Front Mission,Squaresoft,G-Craft,Front Mission,Strategy,Tactical / Strategy RPG,2D,SNES,Nintendo,Home Console,1995.0,Other,,,69.0,,Timed Exclusive,Pre-Split,True
Front Mission,Squaresoft,G-Craft,Front Mission,Strategy,Tactical / Strategy RPG,2D,SNES,Nintendo,Home Console,1995.0,PAL,,,69.0,,Timed Exclusive,Pre-Split,True
Front Mission,Squaresoft,G-Craft,Front Mission,Role-Playing,Tactical / Strategy RPG,2D,Series,Other,Other,2000.0,JP,,,69.0,,Timed Exclusive,N/A,True
Front Mission,Squaresoft,G-Craft,Front Mission,Role-Playing,Tactical / Strategy RPG,2D,Series,Other,Other,2000.0,NA,,,69.0,,Timed Exclusive,N/A,True
Front Mission,Squaresoft,G-Craft,Front Mission,Role-Playing,Tactical / Strategy RPG,2D,Series,Other,Other,2000.0,Other,,,69.0,,Timed Exclusive,N/A,True
Front Mission,Squaresoft,G-Craft,Front Mission,Role-Playing,Tactical / Strategy RPG,2D,Series,Other,Other,2000.0,PAL,,,69.0,,Timed Exclusive,N/A,True
,Square Enix,Square Enix,Standalone,,,,Slime MoriMori Dragon Quest: Shōgeki no Shippo Dan,,,,,,,69.0,,Timed Exclusive,,True
Front Mission,Squaresoft,G-Craft,Front Mission,Strategy,Tactical / Strategy RPG,2D,WS,Other,Other,2002.0,JP,,,69.0,,Timed Exclusive,N/A,True
Front Mission,Squaresoft,G-Craft,Front Mission,Strategy,Tactical / Strategy RPG,2D,WS,Other,Other,2002.0,NA,,,69.0,,Timed Exclusive,N/A,True
Front Mission,Squaresoft,G-Craft,Front Mission,Strategy,Tactical / Strategy RPG,2D,WS,Other,Other,2002.0,Other,,,69.0,,Timed Exclusive,N/A,True
Front Mission,Squaresoft,G-Craft,Front Mission,Strategy,Tactical / Strategy RPG,2D,WS,Other,Other,2002.0,PAL,,,69.0,,Timed Exclusive,N/A,True
,Squaresoft,G-Craft,Standalone,,,,WonderSwan,,,,,,,69.0,,Timed Exclusive,,True
Front Mission 1st,Square Enix,Square Enix,Front Mission,Strategy,Tactical / Strategy RPG,2D,PS1,PlayStation,Home Console,2003.0,JP,,,69.0,,Timed Exclusive,N/A,False
Front Mission 1st,Square Enix,Square Enix,Front Mission,Strategy,Tactical / Strategy RPG,2D,PS1,PlayStation,Home Console,2003.0,NA,,,69.0,,Timed Exclusive,N/A,False
Front Mission 1st,Square Enix,Square Enix,Front Mission,Strategy,Tactical / Strategy RPG,2D,PS1,PlayStation,Home Console,2003.0,Other,,,69.0,,Timed Exclusive,N/A,False
Front Mission 1st,Square Enix,Square Enix,Front Mission,Strategy,Tactical / Strategy RPG,2D,PS1,PlayStation,Home Console,2003.0,PAL,,,69.0,,Timed Exclusive,N/A,False
Front Mission 1st,Square Enix,Square Enix,Front Mission,Strategy,Tactical / Strategy RPG,2D,PSN,Other,Other,2008.0,JP,,,69.0,,Timed Exclusive,N/A,False
Front Mission 1st,Square Enix,Square Enix,Front Mission,Strategy,Tactical / Strategy RPG,2D,PSN,Other,Other,2008.0,NA,,,69.0,,Timed Exclusive,N/A,False
Front Mission 1st,Square Enix,Square Enix,Front Mission,Strategy,Tactical / Strategy RPG,2D,PSN,Other,Other,2008.0,Other,,,69.0,,Timed Exclusive,N/A,False
Front Mission 1st,Square Enix,Square Enix,Front Mission,Strategy,Tactical / Strategy RPG,2D,PSN,Other,Other,2008.0,PAL,,,69.0,,Timed Exclusive,N/A,False
Front Mission 2,Squaresoft,SquareSoft,Front Mission,Strategy,Tactical / Strategy RPG,2D,PS1,PlayStation,Home Console,1997.0,JP,,,,,Timed Exclusive,N/A,False
Front Mission 2,Squaresoft,SquareSoft,Front Mission,Strategy,Tactical / Strategy RPG,2D,PS1,PlayStation,Home Console,1997.0,NA,,,,,Timed Exclusive,N/A,False
Front Mission 2,Squaresoft,SquareSoft,Front Mission,Strategy,Tactical / Strategy RPG,2D,PS1,PlayStation,Home Console,1997.0,Other,,,,,Timed Exclusive,N/A,False
Front Mission 2,Squaresoft,SquareSoft,Front Mission,Strategy,Tactical / Strategy RPG,2D,PS1,PlayStation,Home Console,1997.0,PAL,,,,,Timed Exclusive,N/A,False
Front Mission 2,Square Enix,SquareSoft,Front Mission,Strategy,Tactical / Strategy RPG,2D,PSN,Other,Other,2008.0,JP,,,,,Timed Exclusive,N/A,False
Front Mission 2,Square Enix,SquareSoft,Front Mission,Strategy,Tactical / Strategy RPG,2D,PSN,Other,Other,2008.0,NA,,,,,Timed Exclusive,N/A,False
Front Mission 2,Square Enix,SquareSoft,Front Mission,Strategy,Tactical / Strategy RPG,2D,PSN,Other,Other,2008.0,Other,,,,,Timed Exclusive,N/A,False
Front Mission 2,Square Enix,SquareSoft,Front Mission,Strategy,Tactical / Strategy RPG,2D,PSN,Other,Other,2008.0,PAL,,,,,Timed Exclusive,N/A,False
Front Mission 2089: Border of Madness,Square Enix,High Horse Entertainment,Front Mission,Strategy,Tactical / Strategy RPG,2D,DS,Nintendo,Handheld,2008.0,JP,,,,,Exclusive,Post-Merger,False
Front Mission 2089: Border of Madness,Square Enix,High Horse Entertainment,Front Mission,Strategy,Tactical / Strategy RPG,2D,DS,Nintendo,Handheld,2008.0,NA,,,,,Exclusive,Post-Merger,False
Front Mission 2089: Border of Madness,Square Enix,High Horse Entertainment,Front Mission,Strategy,Tactical / Strategy RPG,2D,DS,Nintendo,Handheld,2008.0,Other,,,,,Exclusive,Post-Merger,False
Front Mission 2089: Border of Madness,Square Enix,High Horse Entertainment,Front Mission,Strategy,Tactical / Strategy RPG,2D,DS,Nintendo,Handheld,2008.0,PAL,,,,,Exclusive,Post-Merger,False
Front Mission 3,Squaresoft,SquareSoft,Front Mission,Strategy,Tactical / Strategy RPG,2D,PS1,PlayStation,Home Console,2000.0,JP,,,,,Timed Exclusive,N/A,False
Front Mission 3,Squaresoft,SquareSoft,Front Mission,Strategy,Tactical / Strategy RPG,2D,PS1,PlayStation,Home Console,2000.0,NA,,,,,Timed Exclusive,N/A,False
Front Mission 3,Squaresoft,SquareSoft,Front Mission,Strategy,Tactical / Strategy RPG,2D,PS1,PlayStation,Home Console,2000.0,Other,,,,,Timed Exclusive,N/A,False
Front Mission 3,Squaresoft,SquareSoft,Front Mission,Strategy,Tactical / Strategy RPG,2D,PS1,PlayStation,Home Console,2000.0,PAL,,,,,Timed Exclusive,N/A,False
Front Mission 3,Square Enix,SquareSoft,Front Mission,Strategy,Tactical / Strategy RPG,2D,PSN,Other,Other,2010.0,JP,,,,,Timed Exclusive,N/A,False
Front Mission 3,Square Enix,SquareSoft,Front Mission,Strategy,Tactical / Strategy RPG,2D,PSN,Other,Other,2010.0,NA,,,,,Timed Exclusive,N/A,False
Front Mission 3,Square Enix,SquareSoft,Front Mission,Strategy,Tactical / Strategy RPG,2D,PSN,Other,Other,2010.0,Other,,,,,Timed Exclusive,N/A,False
Front Mission 3,Square Enix,SquareSoft,Front Mission,Strategy,Tactical / Strategy RPG,2D,PSN,Other,Other,2010.0,PAL,,,,,Timed Exclusive,N/A,False
Front Mission 4,Square Enix,Square Enix,Front Mission,Strategy,Tactical / Strategy RPG,2D,PS2,PlayStation,Home Console,2004.0,JP,,,,,Exclusive,N/A,False
Front Mission 4,Square Enix,Square Enix,Front Mission,Strategy,Tactical / Strategy RPG,2D,PS2,PlayStation,Home Console,2004.0,NA,,,,,Exclusive,N/A,False
Front Mission 4,Square Enix,Square Enix,Front Mission,Strategy,Tactical / Strategy RPG,2D,PS2,PlayStation,Home Console,2004.0,Other,,,,,Exclusive,N/A,False
Front Mission 4,Square Enix,Square Enix,Front Mission,Strategy,Tactical / Strategy RPG,2D,PS2,PlayStation,Home Console,2004.0,PAL,,,,,Exclusive,N/A,False
Front Mission 5: Scars of the War,Square Enix,Square Enix,Front Mission,Strategy,Tactical / Strategy RPG,2D,PS2,PlayStation,Home Console,2005.0,JP,,,,,Exclusive,N/A,False
Front Mission 5: Scars of the War,Square Enix,Square Enix,Front Mission,Strategy,Tactical / Strategy RPG,2D,PS2,PlayStation,Home Console,2005.0,NA,,,,,Exclusive,N/A,False
Front Mission 5: Scars of the War,Square Enix,Square Enix,Front Mission,Strategy,Tactical / Strategy RPG,2D,PS2,PlayStation,Home Console,2005.0,Other,,,,,Exclusive,N/A,False
Front Mission 5: Scars of the War,Square Enix,Square Enix,Front Mission,Strategy,Tactical / Strategy RPG,2D,PS2,PlayStation,Home Console,2005.0,PAL,,,,,Exclusive,N/A,False
Front Mission Alternative,Squaresoft,SquareSoft,Front Mission,Strategy,Tactical / Strategy RPG,2D,PS1,PlayStation,Home Console,1997.0,JP,0.13,,,,Timed Exclusive,N/A,True
Front Mission Alternative,Squaresoft,SquareSoft,Front Mission,Strategy,Tactical / Strategy RPG,2D,PS1,PlayStation,Home Console,1997.0,NA,,,,,Timed Exclusive,N/A,True
Front Mission Alternative,Squaresoft,SquareSoft,Front Mission,Strategy,Tactical / Strategy RPG,2D,PS1,PlayStation,Home Console,1997.0,Other,0.01,,,,Timed Exclusive,N/A,True
Front Mission Alternative,Squaresoft,SquareSoft,Front Mission,Strategy,Tactical / Strategy RPG,2D,PS1,PlayStation,Home Console,1997.0,PAL,,,,,Timed Exclusive,N/A,True
Front Mission Alternative,Square Enix,Square Enix,Front Mission,Strategy,Tactical / Strategy RPG,2D,PSN,Other,Other,2008.0,JP,,,,,Timed Exclusive,N/A,True
Front Mission Alternative,Square Enix,Square Enix,Front Mission,Strategy,Tactical / Strategy RPG,2D,PSN,Other,Other,2008.0,NA,,,,,Timed Exclusive,N/A,True
Front Mission Alternative,Square Enix,Square Enix,Front Mission,Strategy,Tactical / Strategy RPG,2D,PSN,Other,Other,2008.0,Other,,,,,Timed Exclusive,N/A,True
Front Mission Alternative,Square Enix,Square Enix,Front Mission,Strategy,Tactical / Strategy RPG,2D,PSN,Other,Other,2008.0,PAL,,,,,Timed Exclusive,N/A,True
,Square Enix,Double Helix Games,Standalone,,,,Final Fantasy XIV,,,,,,,,,Multiplatform,,False
Front Mission Evolved,Square Enix,Double Helix Games,Front Mission,Shooter,Tactical / Strategy RPG,2D,PC,PC,PC,2010.0,JP,,,,,Multiplatform,N/A,False
Front Mission Evolved,Square Enix,Double Helix Games,Front Mission,Shooter,Tactical / Strategy RPG,2D,PC,PC,PC,2010.0,NA,,,,,Multiplatform,N/A,False
Front Mission Evolved,Square Enix,Double Helix Games,Front Mission,Shooter,Tactical / Strategy RPG,2D,PC,PC,PC,2010.0,Other,,,,,Multiplatform,N/A,False
Front Mission Evolved,Square Enix,Double Helix Games,Front Mission,Shooter,Tactical / Strategy RPG,2D,PC,PC,PC,2010.0,PAL,,,,,Multiplatform,N/A,False
Front Mission Evolved,Square Enix,Double Helix Games,Front Mission,Shooter,Tactical / Strategy RPG,2D,PS3,PlayStation,Home Console,2010.0,JP,0.11,,,,Multiplatform,N/A,False
Front Mission Evolved,Square Enix,Double Helix Games,Front Mission,Shooter,Tactical / Strategy RPG,2D,PS3,PlayStation,Home Console,2010.0,NA,0.09,,,,Multiplatform,N/A,False
Front Mission Evolved,Square Enix,Double Helix Games,Front Mission,Shooter,Tactical / Strategy RPG,2D,PS3,PlayStation,Home Console,2010.0,Other,0.03,,,,Multiplatform,N/A,False
Front Mission Evolved,Square Enix,Double Helix Games,Front Mission,Shooter,Tactical / Strategy RPG,2D,PS3,PlayStation,Home Console,2010.0,PAL,0.07,,,,Multiplatform,N/A,False
Front Mission Evolved,Square Enix,Double Helix Games,Front Mission,Shooter,Tactical / Strategy RPG,2D,Xbox 360,Microsoft,Home Console,2010.0,JP,0.02,,,,Multiplatform,N/A,False
Front Mission Evolved,Square Enix,Double Helix Games,Front Mission,Shooter,Tactical / Strategy RPG,2D,Xbox 360,Microsoft,Home Console,2010.0,NA,0.1,,,,Multiplatform,N/A,False
Front Mission Evolved,Square Enix,Double Helix Games,Front Mission,Shooter,Tactical / Strategy RPG,2D,Xbox 360,Microsoft,Home Console,2010.0,Other,0.02,,,,Multiplatform,N/A,False
Front Mission Evolved,Square Enix,Double Helix Games,Front Mission,Shooter,Tactical / Strategy RPG,2D,Xbox 360,Microsoft,Home Console,2010.0,PAL,0.07,,,,Multiplatform,N/A,False
Front Mission: Gun Hazard,Squaresoft,Omiya Soft,Front Mission,Role-Playing,Tactical / Strategy RPG,2D,SNES,Nintendo,Home Console,1996.0,JP,0.24,,,,Timed Exclusive,Pre-Split,True
Front Mission: Gun Hazard,Squaresoft,Omiya Soft,Front Mission,Role-Playing,Tactical / Strategy RPG,2D,SNES,Nintendo,Home Console,1996.0,NA,,,,,Timed Exclusive,Pre-Split,True
Front Mission: Gun Hazard,Squaresoft,Omiya Soft,Front Mission,Role-Playing,Tactical / Strategy RPG,2D,SNES,Nintendo,Home Console,1996.0,Other,,,,,Timed Exclusive,Pre-Split,True
Front Mission: Gun Hazard,Squaresoft,Omiya Soft,Front Mission,Role-Playing,Tactical / Strategy RPG,2D,SNES,Nintendo,Home Console,1996.0,PAL,,,,,Timed Exclusive,Pre-Split,True
Front Mission: Gun Hazard,Square Enix,Omiya Soft,Front Mission,Role-Playing,Tactical / Strategy RPG,2D,VC,Other,Other,2008.0,JP,,,,,Timed Exclusive,N/A,True
Front Mission: Gun Hazard,Square Enix,Omiya Soft,Front Mission,Role-Playing,Tactical / Strategy RPG,2D,VC,Other,Other,2008.0,NA,,,,,Timed Exclusive,N/A,True
Front Mission: Gun Hazard,Square Enix,Omiya Soft,Front Mission,Role-Playing,Tactical / Strategy RPG,2D,VC,Other,Other,2008.0,Other,,,,,Timed Exclusive,N/A,True
Front Mission: Gun Hazard,Square Enix,Omiya Soft,Front Mission,Role-Playing,Tactical / Strategy RPG,2D,VC,Other,Other,2008.0,PAL,,,,,Timed Exclusive,N/A,True
Front Mission History,Square Enix,Square Enix,Front Mission,Strategy,Tactical / Strategy RPG,2D,PS1,PlayStation,Home Console,2003.0,JP,,,,,Exclusive,N/A,False
Front Mission History,Square Enix,Square Enix,Front Mission,Strategy,Tactical / Strategy RPG,2D,PS1,PlayStation,Home Console,2003.0,NA,,,,,Exclusive,N/A,False
Front Mission History,Square Enix,Square Enix,Front Mission,Strategy,Tactical / Strategy RPG,2D,PS1,PlayStation,Home Console,2003.0,Other,,,,,Exclusive,N/A,False
Front Mission History,Square Enix,Square Enix,Front Mission,Strategy,Tactical / Strategy RPG,2D,PS1,PlayStation,Home Console,2003.0,PAL,,,,,Exclusive,N/A,False
Front Mission Online,Square Enix,Square Enix,Front Mission,Strategy,Tactical / Strategy RPG,2D,PC,PC,PC,2005.0,JP,,,,,Multiplatform,N/A,False
Front Mission Online,Square Enix,Square Enix,Front Mission,Strategy,Tactical / Strategy RPG,2D,PC,PC,PC,2005.0,NA,,,,,Multiplatform,N/A,False
Front Mission Online,Square Enix,Square Enix,Front Mission,Strategy,Tactical / Strategy RPG,2D,PC,PC,PC,2005.0,Other,,,,,Multiplatform,N/A,False
Front Mission Online,Square Enix,Square Enix,Front Mission,Strategy,Tactical / Strategy RPG,2D,PC,PC,PC,2005.0,PAL,,,,,Multiplatform,N/A,False
Front Mission Online,Square Enix,Square Enix,Front Mission,Strategy,Tactical / Strategy RPG,2D,PS2,PlayStation,Home Console,2005.0,JP,,,,,Multiplatform,N/A,False
Front Mission Online,Square Enix,Square Enix,Front Mission,Strategy,Tactical / Strategy RPG,2D,PS2,PlayStation,Home Console,2005.0,NA,,,,,Multiplatform,N/A,False
Front Mission Online,Square Enix,Square Enix,Front Mission,Strategy,Tactical / Strategy RPG,2D,PS2,PlayStation,Home Console,2005.0,Other,,,,,Multiplatform,N/A,False
Front Mission Online,Square Enix,Square Enix,Front Mission,Strategy,Tactical / Strategy RPG,2D,PS2,PlayStation,Home Console,2005.0,PAL,,,,,Multiplatform,N/A,False
,Squaresoft,Omiya Soft,Standalone,,,,SNES,,,,,,,,,Multiplatform,,False
Fullmetal Alchemist 2: Curse of the Crimson Elixir,Square Enix,Racjin,Standalone,Role-Playing,,Unknown,PS2,PlayStation,Home Console,2005.0,JP,,,,,Exclusive,N/A,False
Fullmetal Alchemist 2: Curse of the Crimson Elixir,Square Enix,Racjin,Standalone,Role-Playing,,Unknown,PS2,PlayStation,Home Console,2005.0,NA,,,,,Exclusive,N/A,False
Fullmetal Alchemist 2: Curse of the Crimson Elixir,Square Enix,Racjin,Standalone,Role-Playing,,Unknown,PS2,PlayStation,Home Console,2005.0,Other,,,,,Exclusive,N/A,False
Fullmetal Alchemist 2: Curse of the Crimson Elixir,Square Enix,Racjin,Standalone,Role-Playing,,Unknown,PS2,PlayStation,Home Console,2005.0,PAL,,,,,Exclusive,N/A,False
Fullmetal Alchemist 3: Kami o Tsugu Shoujo,Square Enix,Square Enix,Standalone,Role-Playing,,Unknown,PS2,PlayStation,Home Console,2005.0,JP,,,,,Exclusive,N/A,False
Fullmetal Alchemist 3: Kami o Tsugu Shoujo,Square Enix,Square Enix,Standalone,Role-Playing,,Unknown,PS2,PlayStation,Home Console,2005.0,NA,,,,,Exclusive,N/A,False
Fullmetal Alchemist 3: Kami o Tsugu Shoujo,Square Enix,Square Enix,Standalone,Role-Playing,,Unknown,PS2,PlayStation,Home Console,2005.0,Other,,,,,Exclusive,N/A,False
Fullmetal Alchemist 3: Kami o Tsugu Shoujo,Square Enix,Square Enix,Standalone,Role-Playing,,Unknown,PS2,PlayStation,Home Console,2005.0,PAL,,,,,Exclusive,N/A,False
,Square Enix,Racjin,Standalone,,,,PS2,,,,,,,,,Multiplatform,,False
Fullmetal Alchemist and the Broken Angel,Square Enix,Racjin,Standalone,Role-Playing,,Unknown,PS2,PlayStation,Home Console,2005.0,JP,0.26,,,,Exclusive,N/A,False
Fullmetal Alchemist and the Broken Angel,Square Enix,Racjin,Standalone,Role-Playing,,Unknown,PS2,PlayStation,Home Console,2005.0,NA,0.15,,,,Exclusive,N/A,False
Fullmetal Alchemist and the Broken Angel,Square Enix,Racjin,Standalone,Role-Playing,,Unknown,PS2,PlayStation,Home Console,2005.0,Other,0.04,,,,Exclusive,N/A,False
Fullmetal Alchemist and the Broken Angel,Square Enix,Racjin,Standalone,Role-Playing,,Unknown,PS2,PlayStation,Home Console,2005.0,PAL,0.12,,,,Exclusive,N/A,False
Fullmetal Alchemist: Daughter of the Dusk,Square Enix,Square Enix,Standalone,Adventure,,Unknown,Wii,Nintendo,Home Console,2009.0,JP,,,,,Exclusive,Post-Merger,False
Fullmetal Alchemist: Daughter of the Dusk,Square Enix,Square Enix,Standalone,Adventure,,Unknown,Wii,Nintendo,Home Console,2009.0,NA,,,,,Exclusive,Post-Merger,False
Fullmetal Alchemist: Daughter of the Dusk,Square Enix,Square Enix,Standalone,Adventure,,Unknown,Wii,Nintendo,Home Console,2009.0,Other,,,,,Exclusive,Post-Merger,False
Fullmetal Alchemist: Daughter of the Dusk,Square Enix,Square Enix,Standalone,Adventure,,Unknown,Wii,Nintendo,Home Console,2009.0,PAL,,,,,Exclusive,Post-Merger,False
Fullmetal Alchemist: Prince of the Dawn,Square Enix,Square Enix,Standalone,Adventure,,Unknown,Wii,Nintendo,Home Console,2009.0,JP,0.01,,,,Exclusive,Post-Merger,True
Fullmetal Alchemist: Prince of the Dawn,Square Enix,Square Enix,Standalone,Adventure,,Unknown,Wii,Nintendo,Home Console,2009.0,NA,,,,,Exclusive,Post-Merger,True
Fullmetal Alchemist: Prince of the Dawn,Square Enix,Square Enix,Standalone,Adventure,,Unknown,Wii,Nintendo,Home Console,2009.0,Other,,,,,Exclusive,Post-Merger,True
Fullmetal Alchemist: Prince of the Dawn,Square Enix,Square Enix,Standalone,Adventure,,Unknown,Wii,Nintendo,Home Console,2009.0,PAL,,,,,Exclusive,Post-Merger,True
Furry Tales,Square Enix,Mad Monkey,Standalone,Strategy,,Unknown,PS2,PlayStation,Home Console,2004.0,JP,,,,,Exclusive,N/A,False
Furry Tales,Square Enix,Mad Monkey,Standalone,Strategy,,Unknown,PS2,PlayStation,Home Console,2004.0,NA,,,,,Exclusive,N/A,False
Furry Tales,Square Enix,Mad Monkey,Standalone,Strategy,,Unknown,PS2,PlayStation,Home Console,2004.0,Other,,,,,Exclusive,N/A,False
Furry Tales,Square Enix,Mad Monkey,Standalone,Strategy,,Unknown,PS2,PlayStation,Home Console,2004.0,PAL,,,,,Exclusive,N/A,False
,Squaresoft,Square,Standalone,,,,PS2,,,,,,,,,Multiplatform,,False
Gekikuukan Pro Yakyuu: At the End of the Century 1999,Squaresoft,SquareSoft,Standalone,Sports,,Unknown,PS2,PlayStation,Home Console,2000.0,JP,0.54,,,,Exclusive,N/A,True
Gekikuukan Pro Yakyuu: At the End of the Century 1999,Squaresoft,SquareSoft,Standalone,Sports,,Unknown,PS2,PlayStation,Home Console,2000.0,NA,,,,,Exclusive,N/A,True
Gekikuukan Pro Yakyuu: At the End of the Century 1999,Squaresoft,SquareSoft,Standalone,Sports,,Unknown,PS2,PlayStation,Home Console,2000.0,Other,,,,,Exclusive,N/A,True
Gekikuukan Pro Yakyuu: At the End of the Century 1999,Squaresoft,SquareSoft,Standalone,Sports,,Unknown,PS2,PlayStation,Home Console,2000.0,PAL,,,,,Exclusive,N/A,True
,Squaresoft,Square,Standalone,,,,PC-8801,,,,,,,78.0,,Multiplatform,,False
G-Force (2006),Square Enix,Phoenix Games,Standalone,Sports,,Unknown,PS2,PlayStation,Home Console,2006.0,JP,,,,,Exclusive,N/A,False
G-Force (2006),Square Enix,Phoenix Games,Standalone,Sports,,Unknown,PS2,PlayStation,Home Console,2006.0,NA,,,,,Exclusive,N/A,False
G-Force (2006),Square Enix,Phoenix Games,Standalone,Sports,,Unknown,PS2,PlayStation,Home Console,2006.0,Other,,,,,Exclusive,N/A,False
G-Force (2006),Square Enix,Phoenix Games,Standalone,Sports,,Unknown,PS2,PlayStation,Home Console,2006.0,PAL,,,,,Exclusive,N/A,False
,Squaresoft,Square,Standalone,,,,PocketStation,,,,,,,,,Multiplatform,,False
Go Kart Rally,Square Enix,Phoenix Games,Standalone,Racing,,Unknown,PS2,PlayStation,Home Console,2007.0,JP,,,,,Exclusive,N/A,False
Go Kart Rally,Square Enix,Phoenix Games,Standalone,Racing,,Unknown,PS2,PlayStation,Home Console,2007.0,NA,,,,,Exclusive,N/A,False
Go Kart Rally,Square Enix,Phoenix Games,Standalone,Racing,,Unknown,PS2,PlayStation,Home Console,2007.0,Other,,,,,Exclusive,N/A,False
Go Kart Rally,Square Enix,Phoenix Games,Standalone,Racing,,Unknown,PS2,PlayStation,Home Console,2007.0,PAL,,,,,Exclusive,N/A,False
,Enix,Produce,Standalone,,,,PS1,,,,,,,,,Multiplatform,,False
,Enix,Game Arts / Rocket Studio,Standalone,,,,PS2,,,,,,,,,Multiplatform,,False
Grandia III,Square Enix,Game Arts,Standalone,Role-Playing,,Unknown,PS2,PlayStation,Home Console,2006.0,JP,,,75.0,,Exclusive,N/A,False
Grandia III,Square Enix,Game Arts,Standalone,Role-Playing,,Unknown,PS2,PlayStation,Home Console,2006.0,NA,,,75.0,,Exclusive,N/A,False
Grandia III,Square Enix,Game Arts,Standalone,Role-Playing,,Unknown,PS2,PlayStation,Home Console,2006.0,Other,,,75.0,,Exclusive,N/A,False
Grandia III,Square Enix,Game Arts,Standalone,Role-Playing,,Unknown,PS2,PlayStation,Home Console,2006.0,PAL,,,75.0,,Exclusive,N/A,False
Grandia Xtreme,Enix,Game Arts,Standalone,Role-Playing,,Unknown,PS2,PlayStation,Home Console,2002.0,JP,0.25,,67.0,,Exclusive,N/A,False
Grandia Xtreme,Enix,Game Arts,Standalone,Role-Playing,,Unknown,PS2,PlayStation,Home Console,2002.0,NA,0.07,,67.0,,Exclusive,N/A,False
Grandia Xtreme,Enix,Game Arts,Standalone,Role-Playing,,Unknown,PS2,PlayStation,Home Console,2002.0,Other,0.02,,67.0,,Exclusive,N/A,False
Grandia Xtreme,Enix,Game Arts,Standalone,Role-Playing,,Unknown,PS2,PlayStation,Home Console,2002.0,PAL,0.05,,67.0,,Exclusive,N/A,False
,Enix,Sieg / System Sacom,Standalone,,,,PS1,,,,,,,,,Multiplatform,,False
Guerrilla Strike,Square Enix,Phoenix Games,Standalone,Simulation,,Unknown,PS2,PlayStation,Home Console,2006.0,JP,,,,,Exclusive,N/A,False
Guerrilla Strike,Square Enix,Phoenix Games,Standalone,Simulation,,Unknown,PS2,PlayStation,Home Console,2006.0,NA,,,,,Exclusive,N/A,False
Guerrilla Strike,Square Enix,Phoenix Games,Standalone,Simulation,,Unknown,PS2,PlayStation,Home Console,2006.0,Other,,,,,Exclusive,N/A,False
Guerrilla Strike,Square Enix,Phoenix Games,Standalone,Simulation,,Unknown,PS2,PlayStation,Home Console,2006.0,PAL,,,,,Exclusive,N/A,False
,Square Enix,Byking,Standalone,,,,Arcade,,,,,,,,,Multiplatform,,False
,Square Enix,Byking,Standalone,,,,Arcade,,,,,,,,,Multiplatform,,False
,Square Enix,"May 12, 2016",Standalone,,,,Star Ocean: Integrity and Faithlessness,,,,,,,,,Multiplatform,,False
,Square Enix,Square Enix / PopCap Games,Standalone,,,,Cross Treasures,,,,,,,,,Multiplatform,,False
Gyromancer,Square Enix,PopCap Games / Square Enix,Standalone,Role-Playing,,Unknown,PC,PC,PC,2009.0,JP,,,,,Multiplatform,N/A,False
Gyromancer,Square Enix,PopCap Games / Square Enix,Standalone,Role-Playing,,Unknown,PC,PC,PC,2009.0,NA,,,,,Multiplatform,N/A,False
Gyromancer,Square Enix,PopCap Games / Square Enix,Standalone,Role-Playing,,Unknown,PC,PC,PC,2009.0,Other,,,,,Multiplatform,N/A,False
Gyromancer,Square Enix,PopCap Games / Square Enix,Standalone,Role-Playing,,Unknown,PC,PC,PC,2009.0,PAL,,,,,Multiplatform,N/A,False
Gyromancer,Square Enix,PopCap Games / Square Enix,Standalone,Role-Playing,,Unknown,XBL,Other,Other,2009.0,JP,,,77.0,,Multiplatform,N/A,False
Gyromancer,Square Enix,PopCap Games / Square Enix,Standalone,Role-Playing,,Unknown,XBL,Other,Other,2009.0,NA,,,77.0,,Multiplatform,N/A,False
Gyromancer,Square Enix,PopCap Games / Square Enix,Standalone,Role-Playing,,Unknown,XBL,Other,Other,2009.0,Other,,,77.0,,Multiplatform,N/A,False
Gyromancer,Square Enix,PopCap Games / Square Enix,Standalone,Role-Playing,,Unknown,XBL,Other,Other,2009.0,PAL,,,77.0,,Multiplatform,N/A,False
,Square Enix,Square Enix / PopCap Games,Standalone,,,,Xbox 360,,,,,,,,,Multiplatform,,False
,Square Enix,Rocket Studio,Standalone,,,,3DS,,,,,,,,,Multiplatform,,False
Habitrail Hamster Ball,Square Enix,Data Design Interactive,Standalone,Puzzle,,Unknown,PS2,PlayStation,Home Console,2005.0,JP,,,,,Exclusive,N/A,False
Habitrail Hamster Ball,Square Enix,Data Design Interactive,Standalone,Puzzle,,Unknown,PS2,PlayStation,Home Console,2005.0,NA,,,,,Exclusive,N/A,False
Habitrail Hamster Ball,Square Enix,Data Design Interactive,Standalone,Puzzle,,Unknown,PS2,PlayStation,Home Console,2005.0,Other,,,,,Exclusive,N/A,False
Habitrail Hamster Ball,Square Enix,Data Design Interactive,Standalone,Puzzle,,Unknown,PS2,PlayStation,Home Console,2005.0,PAL,,,,,Exclusive,N/A,False
,Squaresoft,Aques,Standalone,,,,PS1,,,,,,,,,Multiplatform,,False
Hanjuku Eiyuu 4: 7-Jin no Hanjuku Eiyuu,Square Enix,Square Enix,Standalone,Role-Playing,,Unknown,PS2,PlayStation,Home Console,2005.0,JP,,,,,Exclusive,N/A,False
Hanjuku Eiyuu 4: 7-Jin no Hanjuku Eiyuu,Square Enix,Square Enix,Standalone,Role-Playing,,Unknown,PS2,PlayStation,Home Console,2005.0,NA,,,,,Exclusive,N/A,False
Hanjuku Eiyuu 4: 7-Jin no Hanjuku Eiyuu,Square Enix,Square Enix,Standalone,Role-Playing,,Unknown,PS2,PlayStation,Home Console,2005.0,Other,,,,,Exclusive,N/A,False
Hanjuku Eiyuu 4: 7-Jin no Hanjuku Eiyuu,Square Enix,Square Enix,Standalone,Role-Playing,,Unknown,PS2,PlayStation,Home Console,2005.0,PAL,,,,,Exclusive,N/A,False
"Hanjuku Eiyuu: Aa, Sekaiyo Hanjukunare...!!",Squaresoft,SquareSoft,Standalone,Role-Playing,,Unknown,SNES,Nintendo,Home Console,1992.0,JP,,,,,Timed Exclusive,Pre-Split,False
"Hanjuku Eiyuu: Aa, Sekaiyo Hanjukunare...!!",Squaresoft,SquareSoft,Standalone,Role-Playing,,Unknown,SNES,Nintendo,Home Console,1992.0,NA,,,,,Timed Exclusive,Pre-Split,False
"Hanjuku Eiyuu: Aa, Sekaiyo Hanjukunare...!!",Squaresoft,SquareSoft,Standalone,Role-Playing,,Unknown,SNES,Nintendo,Home Console,1992.0,Other,,,,,Timed Exclusive,Pre-Split,False
"Hanjuku Eiyuu: Aa, Sekaiyo Hanjukunare...!!",Squaresoft,SquareSoft,Standalone,Role-Playing,,Unknown,SNES,Nintendo,Home Console,1992.0,PAL,,,,,Timed Exclusive,Pre-Split,False
"Hanjuku Eiyuu: Aa, Sekaiyo Hanjukunare...!!",Squaresoft,SquareSoft,Standalone,Role-Playing,,Unknown,WS,Other,Other,2002.0,JP,,,,,Timed Exclusive,N/A,False
"Hanjuku Eiyuu: Aa, Sekaiyo Hanjukunare...!!",Squaresoft,SquareSoft,Standalone,Role-Playing,,Unknown,WS,Other,Other,2002.0,NA,,,,,Timed Exclusive,N/A,False
"Hanjuku Eiyuu: Aa, Sekaiyo Hanjukunare...!!",Squaresoft,SquareSoft,Standalone,Role-Playing,,Unknown,WS,Other,Other,2002.0,Other,,,,,Timed Exclusive,N/A,False
"Hanjuku Eiyuu: Aa, Sekaiyo Hanjukunare...!!",Squaresoft,SquareSoft,Standalone,Role-Playing,,Unknown,WS,Other,Other,2002.0,PAL,,,,,Timed Exclusive,N/A,False
Hanjuku Eiyuu Tai 3D,Square Enix,Square Enix,Standalone,Role-Playing,,Unknown,PS2,PlayStation,Home Console,2003.0,JP,,,,,Exclusive,N/A,False
Hanjuku Eiyuu Tai 3D,Square Enix,Square Enix,Standalone,Role-Playing,,Unknown,PS2,PlayStation,Home Console,2003.0,NA,,,,,Exclusive,N/A,False
Hanjuku Eiyuu Tai 3D,Square Enix,Square Enix,Standalone,Role-Playing,,Unknown,PS2,PlayStation,Home Console,2003.0,Other,,,,,Exclusive,N/A,False
Hanjuku Eiyuu Tai 3D,Square Enix,Square Enix,Standalone,Role-Playing,,Unknown,PS2,PlayStation,Home Console,2003.0,PAL,,,,,Exclusive,N/A,False
Hanjuku Hero,Squaresoft,Bits Laboratory,Standalone,Role-Playing,,Unknown,NES,Nintendo,Home Console,1988.0,JP,,,,,Timed Exclusive,Pre-Split,True
Hanjuku Hero,Squaresoft,Bits Laboratory,Standalone,Role-Playing,,Unknown,NES,Nintendo,Home Console,1988.0,NA,,,,,Timed Exclusive,Pre-Split,True
Hanjuku Hero,Squaresoft,Bits Laboratory,Standalone,Role-Playing,,Unknown,NES,Nintendo,Home Console,1988.0,Other,,,,,Timed Exclusive,Pre-Split,True
Hanjuku Hero,Squaresoft,Bits Laboratory,Standalone,Role-Playing,,Unknown,NES,Nintendo,Home Console,1988.0,PAL,,,,,Timed Exclusive,Pre-Split,True
Hanjuku Hero,Square Enix,Bits Laboratory,Standalone,Role-Playing,,Unknown,VC,Other,Other,2007.0,JP,,,,,Timed Exclusive,N/A,True
Hanjuku Hero,Square Enix,Bits Laboratory,Standalone,Role-Playing,,Unknown,VC,Other,Other,2007.0,NA,,,,,Timed Exclusive,N/A,True
Hanjuku Hero,Square Enix,Bits Laboratory,Standalone,Role-Playing,,Unknown,VC,Other,Other,2007.0,Other,,,,,Timed Exclusive,N/A,True
Hanjuku Hero,Square Enix,Bits Laboratory,Standalone,Role-Playing,,Unknown,VC,Other,Other,2007.0,PAL,,,,,Timed Exclusive,N/A,True
,Square Enix,"May 26, 2005",Standalone,,,,Front Mission: Online,,,,,,,,,Multiplatform,,False
,Squaresoft,Square,Standalone,,,,SNES,,,,,,,,,Multiplatform,,False
,Squaresoft,Sting Entertainment,Standalone,,,,WonderSwan,,,,,,,,,Multiplatform,,False
,Square Enix,Square Enix,Standalone,,,,PS2,,,,,,,,,Multiplatform,,False
Hansel & Gretel,Square Enix,Phoenix Games,Standalone,Adventure,,Unknown,PS2,PlayStation,Home Console,2006.0,JP,,,,,Exclusive,N/A,False
Hansel & Gretel,Square Enix,Phoenix Games,Standalone,Adventure,,Unknown,PS2,PlayStation,Home Console,2006.0,NA,,,,,Exclusive,N/A,False
Hansel & Gretel,Square Enix,Phoenix Games,Standalone,Adventure,,Unknown,PS2,PlayStation,Home Console,2006.0,Other,,,,,Exclusive,N/A,False
Hansel & Gretel,Square Enix,Phoenix Games,Standalone,Adventure,,Unknown,PS2,PlayStation,Home Console,2006.0,PAL,,,,,Exclusive,N/A,False
Hataraku Chocobo,Squaresoft,SquareSoft,Chocobo,Strategy,Roguelike RPG,Unknown,WS,Other,Other,2000.0,JP,,,,,Exclusive,N/A,False
Hataraku Chocobo,Squaresoft,SquareSoft,Chocobo,Strategy,Roguelike RPG,Unknown,WS,Other,Other,2000.0,NA,,,,,Exclusive,N/A,False
Hataraku Chocobo,Squaresoft,SquareSoft,Chocobo,Strategy,Roguelike RPG,Unknown,WS,Other,Other,2000.0,Other,,,,,Exclusive,N/A,False
Hataraku Chocobo,Squaresoft,SquareSoft,Chocobo,Strategy,Roguelike RPG,Unknown,WS,Other,Other,2000.0,PAL,,,,,Exclusive,N/A,False
,Squaresoft,Square,Standalone,,,,WonderSwan,,,,,,,,,Exclusive,,False
Heavy Metal Thunder,Square Enix,Media.Vision,Standalone,Action,,Unknown,PS2,PlayStation,Home Console,2005.0,JP,,,,,Exclusive,N/A,False
Heavy Metal Thunder,Square Enix,Media.Vision,Standalone,Action,,Unknown,PS2,PlayStation,Home Console,2005.0,NA,,,,,Exclusive,N/A,False
Heavy Metal Thunder,Square Enix,Media.Vision,Standalone,Action,,Unknown,PS2,PlayStation,Home Console,2005.0,Other,,,,,Exclusive,N/A,False
Heavy Metal Thunder,Square Enix,Media.Vision,Standalone,Action,,Unknown,PS2,PlayStation,Home Console,2005.0,PAL,,,,,Exclusive,N/A,False
Herkules,Enix,The Code Monkeys,Standalone,Puzzle,,Unknown,PS1,PlayStation,Home Console,2003.0,JP,,,,,Exclusive,N/A,False
Herkules,Enix,The Code Monkeys,Standalone,Puzzle,,Unknown,PS1,PlayStation,Home Console,2003.0,NA,,,,,Exclusive,N/A,False
Herkules,Enix,The Code Monkeys,Standalone,Puzzle,,Unknown,PS1,PlayStation,Home Console,2003.0,Other,,,,,Exclusive,N/A,False
Herkules,Enix,The Code Monkeys,Standalone,Puzzle,,Unknown,PS1,PlayStation,Home Console,2003.0,PAL,,,,,Exclusive,N/A,False
Heroes of Mana,Square Enix,Brownie Brown,Standalone,Strategy,,Unknown,DS,Nintendo,Handheld,2007.0,JP,,,64.0,,Exclusive,Post-Merger,False
Heroes of Mana,Square Enix,Brownie Brown,Standalone,Strategy,,Unknown,DS,Nintendo,Handheld,2007.0,NA,,,64.0,,Exclusive,Post-Merger,False
Heroes of Mana,Square Enix,Brownie Brown,Standalone,Strategy,,Unknown,DS,Nintendo,Handheld,2007.0,Other,,,64.0,,Exclusive,Post-Merger,False
Heroes of Mana,Square Enix,Brownie Brown,Standalone,Strategy,,Unknown,DS,Nintendo,Handheld,2007.0,PAL,,,64.0,,Exclusive,Post-Merger,False
Heroes of Ruin,Square Enix,n-Space,Standalone,Role-Playing,,Unknown,3DS,Nintendo,Handheld,2012.0,JP,,,66.0,,Exclusive,Post-Merger,False
Heroes of Ruin,Square Enix,n-Space,Standalone,Role-Playing,,Unknown,3DS,Nintendo,Handheld,2012.0,NA,,,66.0,,Exclusive,Post-Merger,False
Heroes of Ruin,Square Enix,n-Space,Standalone,Role-Playing,,Unknown,3DS,Nintendo,Handheld,2012.0,Other,,,66.0,,Exclusive,Post-Merger,False
Heroes of Ruin,Square Enix,n-Space,Standalone,Role-Playing,,Unknown,3DS,Nintendo,Handheld,2012.0,PAL,,,66.0,,Exclusive,Post-Merger,False
Hitman,Square Enix,IO Interactive,Hitman,Action,Stealth / Third-Person,3D,PC,PC,PC,2016.0,JP,,,85.0,,Timed Exclusive,N/A,False
Hitman,Square Enix,IO Interactive,Hitman,Action,Stealth / Third-Person,3D,PC,PC,PC,2016.0,NA,,,85.0,,Timed Exclusive,N/A,False
Hitman,Square Enix,IO Interactive,Hitman,Action,Stealth / Third-Person,3D,PC,PC,PC,2016.0,Other,,,85.0,,Timed Exclusive,N/A,False
Hitman,Square Enix,IO Interactive,Hitman,Action,Stealth / Third-Person,3D,PC,PC,PC,2016.0,PAL,,,85.0,,Timed Exclusive,N/A,False
Hitman,Square Enix,IO Interactive,Hitman,Action,Stealth / Third-Person,3D,PS4,PlayStation,Home Console,2017.0,JP,0.06,,85.0,,Timed Exclusive,N/A,False
Hitman,Square Enix,IO Interactive,Hitman,Action,Stealth / Third-Person,3D,PS4,PlayStation,Home Console,2017.0,NA,0.24,,85.0,,Timed Exclusive,N/A,False
Hitman,Square Enix,IO Interactive,Hitman,Action,Stealth / Third-Person,3D,PS4,PlayStation,Home Console,2017.0,Other,0.11,,85.0,,Timed Exclusive,N/A,False
Hitman,Square Enix,IO Interactive,Hitman,Action,Stealth / Third-Person,3D,PS4,PlayStation,Home Console,2017.0,PAL,0.36,,85.0,,Timed Exclusive,N/A,False
Hitman,Square Enix,IO Interactive,Hitman,Action,Stealth / Third-Person,3D,Xbox One,Microsoft,Home Console,2017.0,JP,,,85.0,,Timed Exclusive,N/A,False
Hitman,Square Enix,IO Interactive,Hitman,Action,Stealth / Third-Person,3D,Xbox One,Microsoft,Home Console,2017.0,NA,0.2,,85.0,,Timed Exclusive,N/A,False
Hitman,Square Enix,IO Interactive,Hitman,Action,Stealth / Third-Person,3D,Xbox One,Microsoft,Home Console,2017.0,Other,0.03,,85.0,,Timed Exclusive,N/A,False
Hitman,Square Enix,IO Interactive,Hitman,Action,Stealth / Third-Person,3D,Xbox One,Microsoft,Home Console,2017.0,PAL,0.08,,85.0,,Timed Exclusive,N/A,False
Hitman: Absolution,Square Enix,IO Interactive,Hitman,Action-Adventure,Stealth / Third-Person,3D,All,Other,Other,2012.0,JP,3.6,,,,Multiplatform,N/A,False
Hitman: Absolution,Square Enix,IO Interactive,Hitman,Action-Adventure,Stealth / Third-Person,3D,All,Other,Other,2012.0,NA,3.6,,,,Multiplatform,N/A,False
Hitman: Absolution,Square Enix,IO Interactive,Hitman,Action-Adventure,Stealth / Third-Person,3D,All,Other,Other,2012.0,Other,3.6,,,,Multiplatform,N/A,False
Hitman: Absolution,Square Enix,IO Interactive,Hitman,Action-Adventure,Stealth / Third-Person,3D,All,Other,Other,2012.0,PAL,3.6,,,,Multiplatform,N/A,False
Hitman: Absolution,Square Enix,IO Interactive,Hitman,Action,Stealth / Third-Person,3D,PC,PC,PC,2012.0,JP,3.6,,90.0,,Multiplatform,N/A,False
Hitman: Absolution,Square Enix,IO Interactive,Hitman,Action,Stealth / Third-Person,3D,PC,PC,PC,2012.0,NA,3.6,,90.0,,Multiplatform,N/A,False
Hitman: Absolution,Square Enix,IO Interactive,Hitman,Action,Stealth / Third-Person,3D,PC,PC,PC,2012.0,Other,3.6,,90.0,,Multiplatform,N/A,False
Hitman: Absolution,Square Enix,IO Interactive,Hitman,Action,Stealth / Third-Person,3D,PC,PC,PC,2012.0,PAL,3.6,,90.0,,Multiplatform,N/A,False
Hitman: Absolution,Square Enix,IO Interactive,Hitman,Action,Stealth / Third-Person,3D,PS3,PlayStation,Home Console,2012.0,JP,3.6,,,,Multiplatform,N/A,False
Hitman: Absolution,Square Enix,IO Interactive,Hitman,Action,Stealth / Third-Person,3D,PS3,PlayStation,Home Console,2012.0,NA,3.6,,,,Multiplatform,N/A,False
Hitman: Absolution,Square Enix,IO Interactive,Hitman,Action,Stealth / Third-Person,3D,PS3,PlayStation,Home Console,2012.0,Other,3.6,,,,Multiplatform,N/A,False
Hitman: Absolution,Square Enix,IO Interactive,Hitman,Action,Stealth / Third-Person,3D,PS3,PlayStation,Home Console,2012.0,PAL,3.6,,,,Multiplatform,N/A,False
Hitman: Absolution,Square Enix,IO Interactive,Hitman,Action,Stealth / Third-Person,3D,Xbox 360,Microsoft,Home Console,2012.0,JP,3.6,,,,Multiplatform,N/A,False
Hitman: Absolution,Square Enix,IO Interactive,Hitman,Action,Stealth / Third-Person,3D,Xbox 360,Microsoft,Home Console,2012.0,NA,3.6,,,,Multiplatform,N/A,False
Hitman: Absolution,Square Enix,IO Interactive,Hitman,Action,Stealth / Third-Person,3D,Xbox 360,Microsoft,Home Console,2012.0,Other,3.6,,,,Multiplatform,N/A,False
Hitman: Absolution,Square Enix,IO Interactive,Hitman,Action,Stealth / Third-Person,3D,Xbox 360,Microsoft,Home Console,2012.0,PAL,3.6,,,,Multiplatform,N/A,False
Hitman GO,Square Enix,Square Enix,Hitman,Puzzle,Stealth / Third-Person,3D,PC,PC,PC,2016.0,JP,,,75.0,,Multiplatform,N/A,False
Hitman GO,Square Enix,Square Enix,Hitman,Puzzle,Stealth / Third-Person,3D,PC,PC,PC,2016.0,NA,,,75.0,,Multiplatform,N/A,False
Hitman GO,Square Enix,Square Enix,Hitman,Puzzle,Stealth / Third-Person,3D,PC,PC,PC,2016.0,Other,,,75.0,,Multiplatform,N/A,False
Hitman GO,Square Enix,Square Enix,Hitman,Puzzle,Stealth / Third-Person,3D,PC,PC,PC,2016.0,PAL,,,75.0,,Multiplatform,N/A,False
Hitman GO,Square Enix,Square Enix,Hitman,Puzzle,Stealth / Third-Person,3D,PS4,PlayStation,Home Console,2016.0,JP,,,75.0,,Multiplatform,N/A,False
Hitman GO,Square Enix,Square Enix,Hitman,Puzzle,Stealth / Third-Person,3D,PS4,PlayStation,Home Console,2016.0,NA,,,75.0,,Multiplatform,N/A,False
Hitman GO,Square Enix,Square Enix,Hitman,Puzzle,Stealth / Third-Person,3D,PS4,PlayStation,Home Console,2016.0,Other,,,75.0,,Multiplatform,N/A,False
Hitman GO,Square Enix,Square Enix,Hitman,Puzzle,Stealth / Third-Person,3D,PS4,PlayStation,Home Console,2016.0,PAL,,,75.0,,Multiplatform,N/A,False
Hitman GO,Square Enix,Square Enix,Hitman,Puzzle,Stealth / Third-Person,3D,PSV,Other,Other,2016.0,JP,,,75.0,,Multiplatform,N/A,False
Hitman GO,Square Enix,Square Enix,Hitman,Puzzle,Stealth / Third-Person,3D,PSV,Other,Other,2016.0,NA,,,75.0,,Multiplatform,N/A,False
Hitman GO,Square Enix,Square Enix,Hitman,Puzzle,Stealth / Third-Person,3D,PSV,Other,Other,2016.0,Other,,,75.0,,Multiplatform,N/A,False
Hitman GO,Square Enix,Square Enix,Hitman,Puzzle,Stealth / Third-Person,3D,PSV,Other,Other,2016.0,PAL,,,75.0,,Multiplatform,N/A,False
Hitman: HD Trilogy,Square Enix,Unknown,Hitman,Stealth,Stealth / Third-Person,3D,PS3,PlayStation,Home Console,2013.0,JP,,,,,Multiplatform,N/A,False
Hitman: HD Trilogy,Square Enix,Unknown,Hitman,Stealth,Stealth / Third-Person,3D,PS3,PlayStation,Home Console,2013.0,NA,0.07,,,,Multiplatform,N/A,False
Hitman: HD Trilogy,Square Enix,Unknown,Hitman,Stealth,Stealth / Third-Person,3D,PS3,PlayStation,Home Console,2013.0,Other,0.03,,,,Multiplatform,N/A,False
Hitman: HD Trilogy,Square Enix,Unknown,Hitman,Stealth,Stealth / Third-Person,3D,PS3,PlayStation,Home Console,2013.0,PAL,0.1,,,,Multiplatform,N/A,False
Hitman: HD Trilogy,Square Enix,Unknown,Hitman,Stealth,Stealth / Third-Person,3D,Xbox 360,Microsoft,Home Console,2013.0,JP,,,,,Multiplatform,N/A,False
Hitman: HD Trilogy,Square Enix,Unknown,Hitman,Stealth,Stealth / Third-Person,3D,Xbox 360,Microsoft,Home Console,2013.0,NA,0.07,,,,Multiplatform,N/A,False
Hitman: HD Trilogy,Square Enix,Unknown,Hitman,Stealth,Stealth / Third-Person,3D,Xbox 360,Microsoft,Home Console,2013.0,Other,0.01,,,,Multiplatform,N/A,False
Hitman: HD Trilogy,Square Enix,Unknown,Hitman,Stealth,Stealth / Third-Person,3D,Xbox 360,Microsoft,Home Console,2013.0,PAL,0.09,,,,Multiplatform,N/A,False
Hitman: Sniper,Square Enix,Square Enix,Hitman,Shooter,Stealth / Third-Person,3D,And,Other,Other,2015.0,JP,,,,,Exclusive,N/A,False
Hitman: Sniper,Square Enix,Square Enix,Hitman,Shooter,Stealth / Third-Person,3D,And,Other,Other,2015.0,NA,,,,,Exclusive,N/A,False
Hitman: Sniper,Square Enix,Square Enix,Hitman,Shooter,Stealth / Third-Person,3D,And,Other,Other,2015.0,Other,,,,,Exclusive,N/A,False
Hitman: Sniper,Square Enix,Square Enix,Hitman,Shooter,Stealth / Third-Person,3D,And,Other,Other,2015.0,PAL,,,,,Exclusive,N/A,False
Honki de Manabu: LEC de Goukaku - DS Hishou Kentei 2-Kyuu/3-Kyuu,Square Enix,Square Enix,Standalone,Misc,,Unknown,DS,Nintendo,Handheld,2009.0,JP,,,,,Exclusive,Post-Merger,False
Honki de Manabu: LEC de Goukaku - DS Hishou Kentei 2-Kyuu/3-Kyuu,Square Enix,Square Enix,Standalone,Misc,,Unknown,DS,Nintendo,Handheld,2009.0,NA,,,,,Exclusive,Post-Merger,False
Honki de Manabu: LEC de Goukaku - DS Hishou Kentei 2-Kyuu/3-Kyuu,Square Enix,Square Enix,Standalone,Misc,,Unknown,DS,Nintendo,Handheld,2009.0,Other,,,,,Exclusive,Post-Merger,False
Honki de Manabu: LEC de Goukaku - DS Hishou Kentei 2-Kyuu/3-Kyuu,Square Enix,Square Enix,Standalone,Misc,,Unknown,DS,Nintendo,Handheld,2009.0,PAL,,,,,Exclusive,Post-Merger,False
Honki de Manabu: LEC de Goukaku - DS Takuchi Tatemono Torihiki Shuninsha,Square Enix,Square Enix,Standalone,Misc,,Unknown,DS,Nintendo,Handheld,2009.0,JP,0.01,,,,Exclusive,Post-Merger,True
Honki de Manabu: LEC de Goukaku - DS Takuchi Tatemono Torihiki Shuninsha,Square Enix,Square Enix,Standalone,Misc,,Unknown,DS,Nintendo,Handheld,2009.0,NA,,,,,Exclusive,Post-Merger,True
Honki de Manabu: LEC de Goukaku - DS Takuchi Tatemono Torihiki Shuninsha,Square Enix,Square Enix,Standalone,Misc,,Unknown,DS,Nintendo,Handheld,2009.0,Other,,,,,Exclusive,Post-Merger,True
Honki de Manabu: LEC de Goukaku - DS Takuchi Tatemono Torihiki Shuninsha,Square Enix,Square Enix,Standalone,Misc,,Unknown,DS,Nintendo,Handheld,2009.0,PAL,,,,,Exclusive,Post-Merger,True
Honki de Manabu: LEC de Goukakuru - DS Gyouseishoshi,Square Enix,Square Enix,Standalone,Misc,,Unknown,DS,Nintendo,Handheld,2010.0,JP,,,,,Exclusive,Post-Merger,False
Honki de Manabu: LEC de Goukakuru - DS Gyouseishoshi,Square Enix,Square Enix,Standalone,Misc,,Unknown,DS,Nintendo,Handheld,2010.0,NA,,,,,Exclusive,Post-Merger,False
Honki de Manabu: LEC de Goukakuru - DS Gyouseishoshi,Square Enix,Square Enix,Standalone,Misc,,Unknown,DS,Nintendo,Handheld,2010.0,Other,,,,,Exclusive,Post-Merger,False
Honki de Manabu: LEC de Goukakuru - DS Gyouseishoshi,Square Enix,Square Enix,Standalone,Misc,,Unknown,DS,Nintendo,Handheld,2010.0,PAL,,,,,Exclusive,Post-Merger,False
Honki de Manabu: LEC de Goukakuru - DS Kikenbutsu Toriatsukaimono Otsushu 4-Rui,Square Enix,Square Enix,Standalone,Misc,,Unknown,DS,Nintendo,Handheld,2009.0,JP,,,,,Exclusive,Post-Merger,False
Honki de Manabu: LEC de Goukakuru - DS Kikenbutsu Toriatsukaimono Otsushu 4-Rui,Square Enix,Square Enix,Standalone,Misc,,Unknown,DS,Nintendo,Handheld,2009.0,NA,,,,,Exclusive,Post-Merger,False
Honki de Manabu: LEC de Goukakuru - DS Kikenbutsu Toriatsukaimono Otsushu 4-Rui,Square Enix,Square Enix,Standalone,Misc,,Unknown,DS,Nintendo,Handheld,2009.0,Other,,,,,Exclusive,Post-Merger,False
Honki de Manabu: LEC de Goukakuru - DS Kikenbutsu Toriatsukaimono Otsushu 4-Rui,Square Enix,Square Enix,Standalone,Misc,,Unknown,DS,Nintendo,Handheld,2009.0,PAL,,,,,Exclusive,Post-Merger,False
Honki de Manabu: LEC de Goukakuru - DS Koumuinshiken Suumato Shori,Square Enix,Square Enix,Standalone,Misc,,Unknown,DS,Nintendo,Handheld,2009.0,JP,,,,,Exclusive,Post-Merger,False
Honki de Manabu: LEC de Goukakuru - DS Koumuinshiken Suumato Shori,Square Enix,Square Enix,Standalone,Misc,,Unknown,DS,Nintendo,Handheld,2009.0,NA,,,,,Exclusive,Post-Merger,False
Honki de Manabu: LEC de Goukakuru - DS Koumuinshiken Suumato Shori,Square Enix,Square Enix,Standalone,Misc,,Unknown,DS,Nintendo,Handheld,2009.0,Other,,,,,Exclusive,Post-Merger,False
Honki de Manabu: LEC de Goukakuru - DS Koumuinshiken Suumato Shori,Square Enix,Square Enix,Standalone,Misc,,Unknown,DS,Nintendo,Handheld,2009.0,PAL,,,,,Exclusive,Post-Merger,False
Honki de Manabu: LEC de Goukakuru - DS Takuchi Tatemono Torihiki Shuninsha 2011-Toshi & 2012-Toshi Nendoban,Square Enix,Square Enix,Standalone,Misc,,Unknown,DS,Nintendo,Handheld,2011.0,JP,,,,,Exclusive,Post-Merger,False
Honki de Manabu: LEC de Goukakuru - DS Takuchi Tatemono Torihiki Shuninsha 2011-Toshi & 2012-Toshi Nendoban,Square Enix,Square Enix,Standalone,Misc,,Unknown,DS,Nintendo,Handheld,2011.0,NA,,,,,Exclusive,Post-Merger,False
Honki de Manabu: LEC de Goukakuru - DS Takuchi Tatemono Torihiki Shuninsha 2011-Toshi & 2012-Toshi Nendoban,Square Enix,Square Enix,Standalone,Misc,,Unknown,DS,Nintendo,Handheld,2011.0,Other,,,,,Exclusive,Post-Merger,False
Honki de Manabu: LEC de Goukakuru - DS Takuchi Tatemono Torihiki Shuninsha 2011-Toshi & 2012-Toshi Nendoban,Square Enix,Square Enix,Standalone,Misc,,Unknown,DS,Nintendo,Handheld,2011.0,PAL,,,,,Exclusive,Post-Merger,False
Honki de Manabu LEC de Goukakuru: Hishou Boki 3-Kyuu Portable,Square Enix,Square Enix,Standalone,Misc,,Unknown,PSP,PlayStation,Handheld,2010.0,JP,,,,,Exclusive,N/A,False
Honki de Manabu LEC de Goukakuru: Hishou Boki 3-Kyuu Portable,Square Enix,Square Enix,Standalone,Misc,,Unknown,PSP,PlayStation,Handheld,2010.0,NA,,,,,Exclusive,N/A,False
Honki de Manabu LEC de Goukakuru: Hishou Boki 3-Kyuu Portable,Square Enix,Square Enix,Standalone,Misc,,Unknown,PSP,PlayStation,Handheld,2010.0,Other,,,,,Exclusive,N/A,False
Honki de Manabu LEC de Goukakuru: Hishou Boki 3-Kyuu Portable,Square Enix,Square Enix,Standalone,Misc,,Unknown,PSP,PlayStation,Handheld,2010.0,PAL,,,,,Exclusive,N/A,False
Honki de Manabu LEC de Goukakuru: Takuchi Tatemono Torihiki Shuninsha Portable,Square Enix,Square Enix,Standalone,Misc,,Unknown,PSP,PlayStation,Handheld,2010.0,JP,,,,,Exclusive,N/A,False
Honki de Manabu LEC de Goukakuru: Takuchi Tatemono Torihiki Shuninsha Portable,Square Enix,Square Enix,Standalone,Misc,,Unknown,PSP,PlayStation,Handheld,2010.0,NA,,,,,Exclusive,N/A,False
Honki de Manabu LEC de Goukakuru: Takuchi Tatemono Torihiki Shuninsha Portable,Square Enix,Square Enix,Standalone,Misc,,Unknown,PSP,PlayStation,Handheld,2010.0,Other,,,,,Exclusive,N/A,False
Honki de Manabu LEC de Goukakuru: Takuchi Tatemono Torihiki Shuninsha Portable,Square Enix,Square Enix,Standalone,Misc,,Unknown,PSP,PlayStation,Handheld,2010.0,PAL,,,,,Exclusive,N/A,False
Hoppie,Square Enix,Phoenix Games,Standalone,Platform,,Unknown,PS2,PlayStation,Home Console,2006.0,JP,,,,,Exclusive,N/A,False
Hoppie,Square Enix,Phoenix Games,Standalone,Platform,,Unknown,PS2,PlayStation,Home Console,2006.0,NA,,,,,Exclusive,N/A,False
Hoppie,Square Enix,Phoenix Games,Standalone,Platform,,Unknown,PS2,PlayStation,Home Console,2006.0,Other,,,,,Exclusive,N/A,False
Hoppie,Square Enix,Phoenix Games,Standalone,Platform,,Unknown,PS2,PlayStation,Home Console,2006.0,PAL,,,,,Exclusive,N/A,False
Hyperballoid HD,Square Enix,iSquared Games,Standalone,Puzzle,,Unknown,PSN,Other,Other,2010.0,JP,,,,,Exclusive,N/A,False
Hyperballoid HD,Square Enix,iSquared Games,Standalone,Puzzle,,Unknown,PSN,Other,Other,2010.0,NA,,,,,Exclusive,N/A,False
Hyperballoid HD,Square Enix,iSquared Games,Standalone,Puzzle,,Unknown,PSN,Other,Other,2010.0,Other,,,,,Exclusive,N/A,False
Hyperballoid HD,Square Enix,iSquared Games,Standalone,Puzzle,,Unknown,PSN,Other,Other,2010.0,PAL,,,,,Exclusive,N/A,False
,Square Enix,Square Enix / Marvelous Entertainment,Standalone,,,,Wii,,,,,,,,,Multiplatform,,False
,Enix,Quintet,Standalone,,,,SNES,,,,,,,,,Multiplatform,,False
Imperial SaGa,Square Enix,Square Enix,SaGa,Role-Playing,Turn-Based RPG,Unknown,PC,PC,PC,2016.0,JP,,,,,Exclusive,N/A,False
Imperial SaGa,Square Enix,Square Enix,SaGa,Role-Playing,Turn-Based RPG,Unknown,PC,PC,PC,2016.0,NA,,,,,Exclusive,N/A,False
Imperial SaGa,Square Enix,Square Enix,SaGa,Role-Playing,Turn-Based RPG,Unknown,PC,PC,PC,2016.0,Other,,,,,Exclusive,N/A,False
Imperial SaGa,Square Enix,Square Enix,SaGa,Role-Playing,Turn-Based RPG,Unknown,PC,PC,PC,2016.0,PAL,,,,,Exclusive,N/A,False
,Square Enix,Square Enix,Standalone,,,,Web browser,,,,,,,,,Exclusive,,False
Infinite Undiscovery,Square Enix,tri-Ace,Standalone,Role-Playing,,Unknown,Xbox 360,Microsoft,Home Console,2008.0,JP,,,68.0,,Exclusive,N/A,False
Infinite Undiscovery,Square Enix,tri-Ace,Standalone,Role-Playing,,Unknown,Xbox 360,Microsoft,Home Console,2008.0,NA,,,68.0,,Exclusive,N/A,False
Infinite Undiscovery,Square Enix,tri-Ace,Standalone,Role-Playing,,Unknown,Xbox 360,Microsoft,Home Console,2008.0,Other,,,68.0,,Exclusive,N/A,False
Infinite Undiscovery,Square Enix,tri-Ace,Standalone,Role-Playing,,Unknown,Xbox 360,Microsoft,Home Console,2008.0,PAL,,,68.0,,Exclusive,N/A,False
Iron Chef,Square Enix,Phoenix Games,Standalone,Misc,,Unknown,PS2,PlayStation,Home Console,2007.0,JP,,,,,Exclusive,N/A,False
Iron Chef,Square Enix,Phoenix Games,Standalone,Misc,,Unknown,PS2,PlayStation,Home Console,2007.0,NA,,,,,Exclusive,N/A,False
Iron Chef,Square Enix,Phoenix Games,Standalone,Misc,,Unknown,PS2,PlayStation,Home Console,2007.0,Other,,,,,Exclusive,N/A,False
Iron Chef,Square Enix,Phoenix Games,Standalone,Misc,,Unknown,PS2,PlayStation,Home Console,2007.0,PAL,,,,,Exclusive,N/A,False
iS: internal section,Squaresoft,Positron,Standalone,Shooter,,Unknown,PS1,PlayStation,Home Console,1999.0,JP,,,,,Exclusive,N/A,False
iS: internal section,Squaresoft,Positron,Standalone,Shooter,,Unknown,PS1,PlayStation,Home Console,1999.0,NA,,,,,Exclusive,N/A,False
iS: internal section,Squaresoft,Positron,Standalone,Shooter,,Unknown,PS1,PlayStation,Home Console,1999.0,Other,,,,,Exclusive,N/A,False
iS: internal section,Squaresoft,Positron,Standalone,Shooter,,Unknown,PS1,PlayStation,Home Console,1999.0,PAL,,,,,Exclusive,N/A,False
,Enix,Tomcat System,Standalone,,,,SNES,,,,,,,,,Multiplatform,,False
Itadaki Street 2: Neon Sign wa Bara Iro ni,Enix,Tomcat System,Standalone,Misc,,Unknown,SNES,Nintendo,Home Console,1994.0,JP,0.29,,,,Exclusive,Pre-Split,True
Itadaki Street 2: Neon Sign wa Bara Iro ni,Enix,Tomcat System,Standalone,Misc,,Unknown,SNES,Nintendo,Home Console,1994.0,NA,,,,,Exclusive,Pre-Split,True
Itadaki Street 2: Neon Sign wa Bara Iro ni,Enix,Tomcat System,Standalone,Misc,,Unknown,SNES,Nintendo,Home Console,1994.0,Other,0.0,,,,Exclusive,Pre-Split,True
Itadaki Street 2: Neon Sign wa Bara Iro ni,Enix,Tomcat System,Standalone,Misc,,Unknown,SNES,Nintendo,Home Console,1994.0,PAL,,,,,Exclusive,Pre-Split,True
,Enix,Tamsoft / Crea-Tech,Standalone,,,,PS2,,,,,,,,,Multiplatform,,False
,Square Enix,"October 19, 2017",Standalone,,,,Lost Sphear,,,,,,,,,Multiplatform,,False
,Square Enix,"October 19, 2017",Standalone,,,,Million Arthur Arcana Blood,,,,,,,,,Multiplatform,,False
,Square Enix,"October 19, 2017",Standalone,,,,PS Vita,,,,,,,,,Multiplatform,,False
Itadaki Street DS,Square Enix,Armor Project / Think Garage,Standalone,Misc,,Unknown,DS,Nintendo,Handheld,2007.0,JP,,,,,Exclusive,Post-Merger,False
Itadaki Street DS,Square Enix,Armor Project / Think Garage,Standalone,Misc,,Unknown,DS,Nintendo,Handheld,2007.0,NA,,,,,Exclusive,Post-Merger,False
Itadaki Street DS,Square Enix,Armor Project / Think Garage,Standalone,Misc,,Unknown,DS,Nintendo,Handheld,2007.0,Other,,,,,Exclusive,Post-Merger,False
Itadaki Street DS,Square Enix,Armor Project / Think Garage,Standalone,Misc,,Unknown,DS,Nintendo,Handheld,2007.0,PAL,,,,,Exclusive,Post-Merger,False
Itadaki Street: Gorgeous King,Enix,Tomcat System,Standalone,Misc,,Unknown,PS1,PlayStation,Home Console,1998.0,JP,,,,,Exclusive,N/A,False
Itadaki Street: Gorgeous King,Enix,Tomcat System,Standalone,Misc,,Unknown,PS1,PlayStation,Home Console,1998.0,NA,,,,,Exclusive,N/A,False
Itadaki Street: Gorgeous King,Enix,Tomcat System,Standalone,Misc,,Unknown,PS1,PlayStation,Home Console,1998.0,Other,,,,,Exclusive,N/A,False
Itadaki Street: Gorgeous King,Enix,Tomcat System,Standalone,Misc,,Unknown,PS1,PlayStation,Home Console,1998.0,PAL,,,,,Exclusive,N/A,False
Jello,Square Enix,Phoenix Games,Standalone,Puzzle,,Unknown,PS2,PlayStation,Home Console,2006.0,JP,,,,,Exclusive,N/A,False
Jello,Square Enix,Phoenix Games,Standalone,Puzzle,,Unknown,PS2,PlayStation,Home Console,2006.0,NA,,,,,Exclusive,N/A,False
Jello,Square Enix,Phoenix Games,Standalone,Puzzle,,Unknown,PS2,PlayStation,Home Console,2006.0,Other,,,,,Exclusive,N/A,False
Jello,Square Enix,Phoenix Games,Standalone,Puzzle,,Unknown,PS2,PlayStation,Home Console,2006.0,PAL,,,,,Exclusive,N/A,False
Jesus II,Enix,Enix Corporation,Standalone,Adventure,,Unknown,PC,PC,PC,1991.0,JP,,,,,Exclusive,N/A,False
Jesus II,Enix,Enix Corporation,Standalone,Adventure,,Unknown,PC,PC,PC,1991.0,NA,,,,,Exclusive,N/A,False
Jesus II,Enix,Enix Corporation,Standalone,Adventure,,Unknown,PC,PC,PC,1991.0,Other,,,,,Exclusive,N/A,False
Jesus II,Enix,Enix Corporation,Standalone,Adventure,,Unknown,PC,PC,PC,1991.0,PAL,,,,,Exclusive,N/A,False
,Squaresoft,Thinking Rabbit,Standalone,,,,Family Computer Disk System,,,,,,,,,Multiplatform,,False
Jinsei 8-Man-7000-Kai no Shokuji wo Tanoshiku suru: Oishiku Kiwameru Shokutsuu DS: Otona no Shuumatsu Henshuu-bu Gensen no Osusume Tenpo Jouhou Iri,Square Enix,High Horse Entertainment,Standalone,Misc,,Unknown,DS,Nintendo,Handheld,2007.0,JP,,,,,Exclusive,Post-Merger,False
Jinsei 8-Man-7000-Kai no Shokuji wo Tanoshiku suru: Oishiku Kiwameru Shokutsuu DS: Otona no Shuumatsu Henshuu-bu Gensen no Osusume Tenpo Jouhou Iri,Square Enix,High Horse Entertainment,Standalone,Misc,,Unknown,DS,Nintendo,Handheld,2007.0,NA,,,,,Exclusive,Post-Merger,False
Jinsei 8-Man-7000-Kai no Shokuji wo Tanoshiku suru: Oishiku Kiwameru Shokutsuu DS: Otona no Shuumatsu Henshuu-bu Gensen no Osusume Tenpo Jouhou Iri,Square Enix,High Horse Entertainment,Standalone,Misc,,Unknown,DS,Nintendo,Handheld,2007.0,Other,,,,,Exclusive,Post-Merger,False
Jinsei 8-Man-7000-Kai no Shokuji wo Tanoshiku suru: Oishiku Kiwameru Shokutsuu DS: Otona no Shuumatsu Henshuu-bu Gensen no Osusume Tenpo Jouhou Iri,Square Enix,High Horse Entertainment,Standalone,Misc,,Unknown,DS,Nintendo,Handheld,2007.0,PAL,,,,,Exclusive,Post-Merger,False
JJ - Tobidase Daisakusen Part II,Squaresoft,Square,Standalone,Shooter,,Unknown,NES,Nintendo,Home Console,1987.0,JP,,,,,Exclusive,Pre-Split,False
JJ - Tobidase Daisakusen Part II,Squaresoft,Square,Standalone,Shooter,,Unknown,NES,Nintendo,Home Console,1987.0,NA,,,,,Exclusive,Pre-Split,False
JJ - Tobidase Daisakusen Part II,Squaresoft,Square,Standalone,Shooter,,Unknown,NES,Nintendo,Home Console,1987.0,Other,,,,,Exclusive,Pre-Split,False
JJ - Tobidase Daisakusen Part II,Squaresoft,Square,Standalone,Shooter,,Unknown,NES,Nintendo,Home Console,1987.0,PAL,,,,,Exclusive,Pre-Split,False
,Enix,Game Arts,Standalone,,,,SNES,,,,,,,,,Multiplatform,,False
,Square Enix,Metro / BrainNavi,Standalone,,,,PC,,,,,,,82.0,,Multiplatform,,False
Just Breed,Enix,Enix Corporation,Standalone,Role-Playing,,Unknown,NES,Nintendo,Home Console,1992.0,JP,,,,,Exclusive,Pre-Split,False
Just Breed,Enix,Enix Corporation,Standalone,Role-Playing,,Unknown,NES,Nintendo,Home Console,1992.0,NA,,,,,Exclusive,Pre-Split,False
Just Breed,Enix,Enix Corporation,Standalone,Role-Playing,,Unknown,NES,Nintendo,Home Console,1992.0,Other,,,,,Exclusive,Pre-Split,False
Just Breed,Enix,Enix Corporation,Standalone,Role-Playing,,Unknown,NES,Nintendo,Home Console,1992.0,PAL,,,,,Exclusive,Pre-Split,False
Just Cause 2,Square Enix,Avalanche Studios,Just Cause,Action,Action-Adventure,3D,PS3,PlayStation,Home Console,2010.0,JP,6.0,,83.0,,Multiplatform,N/A,False
Just Cause 2,Square Enix,Avalanche Studios,Just Cause,Action,Action-Adventure,3D,PS3,PlayStation,Home Console,2010.0,NA,6.0,,83.0,,Multiplatform,N/A,False
Just Cause 2,Square Enix,Avalanche Studios,Just Cause,Action,Action-Adventure,3D,PS3,PlayStation,Home Console,2010.0,Other,6.0,,83.0,,Multiplatform,N/A,False
Just Cause 2,Square Enix,Avalanche Studios,Just Cause,Action,Action-Adventure,3D,PS3,PlayStation,Home Console,2010.0,PAL,6.0,,83.0,,Multiplatform,N/A,False
Just Cause 2,Square Enix,Avalanche Studios,Just Cause,Action,Action-Adventure,3D,XBL,Other,Other,2010.0,JP,6.0,,75.0,,Multiplatform,N/A,False
Just Cause 2,Square Enix,Avalanche Studios,Just Cause,Action,Action-Adventure,3D,XBL,Other,Other,2010.0,NA,6.0,,75.0,,Multiplatform,N/A,False
Just Cause 2,Square Enix,Avalanche Studios,Just Cause,Action,Action-Adventure,3D,XBL,Other,Other,2010.0,Other,6.0,,75.0,,Multiplatform,N/A,False
Just Cause 2,Square Enix,Avalanche Studios,Just Cause,Action,Action-Adventure,3D,XBL,Other,Other,2010.0,PAL,6.0,,75.0,,Multiplatform,N/A,False
Just Cause 2,Square Enix,Avalanche Studios,Just Cause,Action,Action-Adventure,3D,Xbox 360,Microsoft,Home Console,2010.0,JP,6.0,,80.0,,Multiplatform,N/A,False
Just Cause 2,Square Enix,Avalanche Studios,Just Cause,Action,Action-Adventure,3D,Xbox 360,Microsoft,Home Console,2010.0,NA,6.0,,80.0,,Multiplatform,N/A,False
Just Cause 2,Square Enix,Avalanche Studios,Just Cause,Action,Action-Adventure,3D,Xbox 360,Microsoft,Home Console,2010.0,Other,6.0,,80.0,,Multiplatform,N/A,False
Just Cause 2,Square Enix,Avalanche Studios,Just Cause,Action,Action-Adventure,3D,Xbox 360,Microsoft,Home Console,2010.0,PAL,6.0,,80.0,,Multiplatform,N/A,False
Just Cause 3,Square Enix,Avalanche Studios,Just Cause,Action-Adventure,Action-Adventure,3D,PC,PC,PC,2015.0,JP,4.7,,76.0,,Multiplatform,N/A,False
Just Cause 3,Square Enix,Avalanche Studios,Just Cause,Action-Adventure,Action-Adventure,3D,PC,PC,PC,2015.0,NA,4.7,,76.0,,Multiplatform,N/A,False
Just Cause 3,Square Enix,Avalanche Studios,Just Cause,Action-Adventure,Action-Adventure,3D,PC,PC,PC,2015.0,Other,4.7,,76.0,,Multiplatform,N/A,False
Just Cause 3,Square Enix,Avalanche Studios,Just Cause,Action-Adventure,Action-Adventure,3D,PC,PC,PC,2015.0,PAL,4.7,,76.0,,Multiplatform,N/A,False
Just Cause 3,Square Enix,Avalanche Studios,Just Cause,Action-Adventure,Action-Adventure,3D,PS4,PlayStation,Home Console,2015.0,JP,4.7,,75.0,,Multiplatform,N/A,False
Just Cause 3,Square Enix,Avalanche Studios,Just Cause,Action-Adventure,Action-Adventure,3D,PS4,PlayStation,Home Console,2015.0,NA,4.7,,75.0,,Multiplatform,N/A,False
Just Cause 3,Square Enix,Avalanche Studios,Just Cause,Action-Adventure,Action-Adventure,3D,PS4,PlayStation,Home Console,2015.0,Other,4.7,,75.0,,Multiplatform,N/A,False
Just Cause 3,Square Enix,Avalanche Studios,Just Cause,Action-Adventure,Action-Adventure,3D,PS4,PlayStation,Home Console,2015.0,PAL,4.7,,75.0,,Multiplatform,N/A,False
Just Cause 3,Square Enix,Avalanche Studios,Just Cause,Action-Adventure,Action-Adventure,3D,Xbox One,Microsoft,Home Console,2015.0,JP,4.7,,70.0,,Multiplatform,N/A,False
Just Cause 3,Square Enix,Avalanche Studios,Just Cause,Action-Adventure,Action-Adventure,3D,Xbox One,Microsoft,Home Console,2015.0,NA,4.7,,70.0,,Multiplatform,N/A,False
Just Cause 3,Square Enix,Avalanche Studios,Just Cause,Action-Adventure,Action-Adventure,3D,Xbox One,Microsoft,Home Console,2015.0,Other,4.7,,70.0,,Multiplatform,N/A,False
Just Cause 3,Square Enix,Avalanche Studios,Just Cause,Action-Adventure,Action-Adventure,3D,Xbox One,Microsoft,Home Console,2015.0,PAL,4.7,,70.0,,Multiplatform,N/A,False
Just Cause 4,Square Enix,Avalanche Studios,Just Cause,Action-Adventure,Action-Adventure,3D,PC,PC,PC,2018.0,JP,,,68.0,,Multiplatform,N/A,False
Just Cause 4,Square Enix,Avalanche Studios,Just Cause,Action-Adventure,Action-Adventure,3D,PC,PC,PC,2018.0,NA,,,68.0,,Multiplatform,N/A,False
Just Cause 4,Square Enix,Avalanche Studios,Just Cause,Action-Adventure,Action-Adventure,3D,PC,PC,PC,2018.0,Other,,,68.0,,Multiplatform,N/A,False
Just Cause 4,Square Enix,Avalanche Studios,Just Cause,Action-Adventure,Action-Adventure,3D,PC,PC,PC,2018.0,PAL,,,68.0,,Multiplatform,N/A,False
Just Cause 4,Square Enix,Avalanche Studios,Just Cause,Action-Adventure,Action-Adventure,3D,PS4,PlayStation,Home Console,2018.0,JP,0.03,,68.0,,Multiplatform,N/A,False
Just Cause 4,Square Enix,Avalanche Studios,Just Cause,Action-Adventure,Action-Adventure,3D,PS4,PlayStation,Home Console,2018.0,NA,0.18,,68.0,,Multiplatform,N/A,False
Just Cause 4,Square Enix,Avalanche Studios,Just Cause,Action-Adventure,Action-Adventure,3D,PS4,PlayStation,Home Console,2018.0,Other,0.09,,68.0,,Multiplatform,N/A,False
Just Cause 4,Square Enix,Avalanche Studios,Just Cause,Action-Adventure,Action-Adventure,3D,PS4,PlayStation,Home Console,2018.0,PAL,0.26,,68.0,,Multiplatform,N/A,False
Just Cause 4,Square Enix,Avalanche Studios,Just Cause,Action-Adventure,Action-Adventure,3D,Xbox One,Microsoft,Home Console,2018.0,JP,,,68.0,,Multiplatform,N/A,False
Just Cause 4,Square Enix,Avalanche Studios,Just Cause,Action-Adventure,Action-Adventure,3D,Xbox One,Microsoft,Home Console,2018.0,NA,0.17,,68.0,,Multiplatform,N/A,False
Just Cause 4,Square Enix,Avalanche Studios,Just Cause,Action-Adventure,Action-Adventure,3D,Xbox One,Microsoft,Home Console,2018.0,Other,0.03,,68.0,,Multiplatform,N/A,False
Just Cause 4,Square Enix,Avalanche Studios,Just Cause,Action-Adventure,Action-Adventure,3D,Xbox One,Microsoft,Home Console,2018.0,PAL,0.09,,68.0,,Multiplatform,N/A,False
Jyutei Senki,Enix,TamTam,Standalone,Strategy,,Unknown,SNES,Nintendo,Home Console,1993.0,JP,,,,,Exclusive,Pre-Split,False
Jyutei Senki,Enix,TamTam,Standalone,Strategy,,Unknown,SNES,Nintendo,Home Console,1993.0,NA,,,,,Exclusive,Pre-Split,False
Jyutei Senki,Enix,TamTam,Standalone,Strategy,,Unknown,SNES,Nintendo,Home Console,1993.0,Other,,,,,Exclusive,Pre-Split,False
Jyutei Senki,Enix,TamTam,Standalone,Strategy,,Unknown,SNES,Nintendo,Home Console,1993.0,PAL,,,,,Exclusive,Pre-Split,False
Kaikan Phrase,Enix,Produce!,Standalone,Misc,,Unknown,PS1,PlayStation,Home Console,2000.0,JP,,,,,Exclusive,N/A,False
Kaikan Phrase,Enix,Produce!,Standalone,Misc,,Unknown,PS1,PlayStation,Home Console,2000.0,NA,,,,,Exclusive,N/A,False
Kaikan Phrase,Enix,Produce!,Standalone,Misc,,Unknown,PS1,PlayStation,Home Console,2000.0,Other,,,,,Exclusive,N/A,False
Kaikan Phrase,Enix,Produce!,Standalone,Misc,,Unknown,PS1,PlayStation,Home Console,2000.0,PAL,,,,,Exclusive,N/A,False
,Enix,Produce,Standalone,,,,PS1,,,,,,,,,Multiplatform,,False
Kaleidoscope,Square Enix,iSquared Games,Standalone,Puzzle,,Unknown,PSN,Other,Other,2011.0,JP,,,,,Exclusive,N/A,False
Kaleidoscope,Square Enix,iSquared Games,Standalone,Puzzle,,Unknown,PSN,Other,Other,2011.0,NA,,,,,Exclusive,N/A,False
Kaleidoscope,Square Enix,iSquared Games,Standalone,Puzzle,,Unknown,PSN,Other,Other,2011.0,Other,,,,,Exclusive,N/A,False
Kaleidoscope,Square Enix,iSquared Games,Standalone,Puzzle,,Unknown,PSN,Other,Other,2011.0,PAL,,,,,Exclusive,N/A,False
,Squaresoft,Xtalsoft,Standalone,,,,Family Computer Disk System,,,,,,,,,Multiplatform,,False
Kane & Lynch 2: Dog Days,Square Enix,IO Interactive,Standalone,Shooter,,Unknown,All,Other,Other,2010.0,JP,,,,,Multiplatform,N/A,False
Kane & Lynch 2: Dog Days,Square Enix,IO Interactive,Standalone,Shooter,,Unknown,All,Other,Other,2010.0,NA,,,,,Multiplatform,N/A,False
Kane & Lynch 2: Dog Days,Square Enix,IO Interactive,Standalone,Shooter,,Unknown,All,Other,Other,2010.0,Other,,,,,Multiplatform,N/A,False
Kane & Lynch 2: Dog Days,Square Enix,IO Interactive,Standalone,Shooter,,Unknown,All,Other,Other,2010.0,PAL,,,,,Multiplatform,N/A,False
Kane & Lynch 2: Dog Days,Square Enix,IO Interactive,Standalone,Shooter,,Unknown,PC,PC,PC,2010.0,JP,,,65.0,,Multiplatform,N/A,False
Kane & Lynch 2: Dog Days,Square Enix,IO Interactive,Standalone,Shooter,,Unknown,PC,PC,PC,2010.0,NA,,,65.0,,Multiplatform,N/A,False
Kane & Lynch 2: Dog Days,Square Enix,IO Interactive,Standalone,Shooter,,Unknown,PC,PC,PC,2010.0,Other,,,65.0,,Multiplatform,N/A,False
Kane & Lynch 2: Dog Days,Square Enix,IO Interactive,Standalone,Shooter,,Unknown,PC,PC,PC,2010.0,PAL,,,65.0,,Multiplatform,N/A,False
Kane & Lynch 2: Dog Days,Square Enix,IO Interactive,Standalone,Shooter,,Unknown,PS3,PlayStation,Home Console,2010.0,JP,0.05,,63.0,,Multiplatform,N/A,False
Kane & Lynch 2: Dog Days,Square Enix,IO Interactive,Standalone,Shooter,,Unknown,PS3,PlayStation,Home Console,2010.0,NA,0.17,,63.0,,Multiplatform,N/A,False
Kane & Lynch 2: Dog Days,Square Enix,IO Interactive,Standalone,Shooter,,Unknown,PS3,PlayStation,Home Console,2010.0,Other,0.1,,63.0,,Multiplatform,N/A,False
Kane & Lynch 2: Dog Days,Square Enix,IO Interactive,Standalone,Shooter,,Unknown,PS3,PlayStation,Home Console,2010.0,PAL,0.28,,63.0,,Multiplatform,N/A,False
Kane & Lynch 2: Dog Days,Square Enix,IO Interactive,Standalone,Action,,Unknown,XBL,Other,Other,2011.0,JP,,,,,Multiplatform,N/A,False
Kane & Lynch 2: Dog Days,Square Enix,IO Interactive,Standalone,Action,,Unknown,XBL,Other,Other,2011.0,NA,,,,,Multiplatform,N/A,False
Kane & Lynch 2: Dog Days,Square Enix,IO Interactive,Standalone,Action,,Unknown,XBL,Other,Other,2011.0,Other,,,,,Multiplatform,N/A,False
Kane & Lynch 2: Dog Days,Square Enix,IO Interactive,Standalone,Action,,Unknown,XBL,Other,Other,2011.0,PAL,,,,,Multiplatform,N/A,False
Kane & Lynch 2: Dog Days,Square Enix,IO Interactive,Standalone,Shooter,,Unknown,Xbox 360,Microsoft,Home Console,2010.0,JP,0.01,,64.0,,Multiplatform,N/A,False
Kane & Lynch 2: Dog Days,Square Enix,IO Interactive,Standalone,Shooter,,Unknown,Xbox 360,Microsoft,Home Console,2010.0,NA,0.2,,64.0,,Multiplatform,N/A,False
Kane & Lynch 2: Dog Days,Square Enix,IO Interactive,Standalone,Shooter,,Unknown,Xbox 360,Microsoft,Home Console,2010.0,Other,0.05,,64.0,,Multiplatform,N/A,False
Kane & Lynch 2: Dog Days,Square Enix,IO Interactive,Standalone,Shooter,,Unknown,Xbox 360,Microsoft,Home Console,2010.0,PAL,0.23,,64.0,,Multiplatform,N/A,False
,Square Enix,Square Enix,Standalone,,,,Handheld TV,,,,,,,,,Multiplatform,,False
Kidz Sports Basketball,Square Enix,Phoenix Games,Standalone,Sports,,Unknown,PS2,PlayStation,Home Console,2007.0,JP,,,,,Exclusive,N/A,False
Kidz Sports Basketball,Square Enix,Phoenix Games,Standalone,Sports,,Unknown,PS2,PlayStation,Home Console,2007.0,NA,,,,,Exclusive,N/A,False
Kidz Sports Basketball,Square Enix,Phoenix Games,Standalone,Sports,,Unknown,PS2,PlayStation,Home Console,2007.0,Other,,,,,Exclusive,N/A,False
Kidz Sports Basketball,Square Enix,Phoenix Games,Standalone,Sports,,Unknown,PS2,PlayStation,Home Console,2007.0,PAL,,,,,Exclusive,N/A,False
,Square Enix,"February 12, 2026",Standalone,,,,Dragon Quest VII Reimagined,,,,,,,,,Multiplatform,,False
King Arthur & the Knights of Justice,Enix,Manley and Associates Inc.,Standalone,Action,,Unknown,SNES,Nintendo,Home Console,1995.0,JP,,,,,Exclusive,Pre-Split,False
King Arthur & the Knights of Justice,Enix,Manley and Associates Inc.,Standalone,Action,,Unknown,SNES,Nintendo,Home Console,1995.0,NA,,,,,Exclusive,Pre-Split,False
King Arthur & the Knights of Justice,Enix,Manley and Associates Inc.,Standalone,Action,,Unknown,SNES,Nintendo,Home Console,1995.0,Other,,,,,Exclusive,Pre-Split,False
King Arthur & the Knights of Justice,Enix,Manley and Associates Inc.,Standalone,Action,,Unknown,SNES,Nintendo,Home Console,1995.0,PAL,,,,,Exclusive,Pre-Split,False
,Square Enix,thinkArts,Standalone,,,,Web browser,,,,,,,,,Multiplatform,,False
Kingdom Hearts,Squaresoft,SquareSoft,Kingdom Hearts,Role-Playing,Action RPG,3D,PS2,PlayStation,Home Console,2002.0,JP,8.0,,85.0,,Multiplatform,N/A,False
Kingdom Hearts,Squaresoft,SquareSoft,Kingdom Hearts,Role-Playing,Action RPG,3D,PS2,PlayStation,Home Console,2002.0,NA,8.0,,85.0,,Multiplatform,N/A,False
Kingdom Hearts,Squaresoft,SquareSoft,Kingdom Hearts,Role-Playing,Action RPG,3D,PS2,PlayStation,Home Console,2002.0,Other,8.0,,85.0,,Multiplatform,N/A,False
Kingdom Hearts,Squaresoft,SquareSoft,Kingdom Hearts,Role-Playing,Action RPG,3D,PS2,PlayStation,Home Console,2002.0,PAL,8.0,,85.0,,Multiplatform,N/A,False
Kingdom Hearts,Square Enix,Square,Kingdom Hearts,Role-Playing,Action RPG,3D,Series,Other,Other,2002.0,JP,8.0,,84.0,,Multiplatform,N/A,False
Kingdom Hearts,Square Enix,Square,Kingdom Hearts,Role-Playing,Action RPG,3D,Series,Other,Other,2002.0,NA,8.0,,84.0,,Multiplatform,N/A,False
Kingdom Hearts,Square Enix,Square,Kingdom Hearts,Role-Playing,Action RPG,3D,Series,Other,Other,2002.0,Other,8.0,,84.0,,Multiplatform,N/A,False
Kingdom Hearts,Square Enix,Square,Kingdom Hearts,Role-Playing,Action RPG,3D,Series,Other,Other,2002.0,PAL,8.0,,84.0,,Multiplatform,N/A,False
Kingdom Hearts X[chi],Square Enix,Square Enix,Kingdom Hearts,Role-Playing,Action RPG,3D,PC,PC,PC,2013.0,JP,,,84.0,,Exclusive,N/A,False
Kingdom Hearts X[chi],Square Enix,Square Enix,Kingdom Hearts,Role-Playing,Action RPG,3D,PC,PC,PC,2013.0,NA,,,84.0,,Exclusive,N/A,False
Kingdom Hearts X[chi],Square Enix,Square Enix,Kingdom Hearts,Role-Playing,Action RPG,3D,PC,PC,PC,2013.0,Other,,,84.0,,Exclusive,N/A,False
Kingdom Hearts X[chi],Square Enix,Square Enix,Kingdom Hearts,Role-Playing,Action RPG,3D,PC,PC,PC,2013.0,PAL,,,84.0,,Exclusive,N/A,False
Kingdom Hearts II,Square Enix,Square Enix,Kingdom Hearts,Role-Playing,Action RPG,3D,PS2,PlayStation,Home Console,2006.0,JP,6.0,,83.0,,Exclusive,N/A,False
Kingdom Hearts II,Square Enix,Square Enix,Kingdom Hearts,Role-Playing,Action RPG,3D,PS2,PlayStation,Home Console,2006.0,NA,6.0,,83.0,,Exclusive,N/A,False
Kingdom Hearts II,Square Enix,Square Enix,Kingdom Hearts,Role-Playing,Action RPG,3D,PS2,PlayStation,Home Console,2006.0,Other,6.0,,83.0,,Exclusive,N/A,False
Kingdom Hearts II,Square Enix,Square Enix,Kingdom Hearts,Role-Playing,Action RPG,3D,PS2,PlayStation,Home Console,2006.0,PAL,6.0,,83.0,,Exclusive,N/A,False
Kingdom Hearts II: Final Mix +,Square Enix,Square Enix,Kingdom Hearts,Role-Playing,Action RPG,3D,PS2,PlayStation,Home Console,2007.0,JP,0.26,,,,Exclusive,N/A,True
Kingdom Hearts II: Final Mix +,Square Enix,Square Enix,Kingdom Hearts,Role-Playing,Action RPG,3D,PS2,PlayStation,Home Console,2007.0,NA,,,,,Exclusive,N/A,True
Kingdom Hearts II: Final Mix +,Square Enix,Square Enix,Kingdom Hearts,Role-Playing,Action RPG,3D,PS2,PlayStation,Home Console,2007.0,Other,,,,,Exclusive,N/A,True
Kingdom Hearts II: Final Mix +,Square Enix,Square Enix,Kingdom Hearts,Role-Playing,Action RPG,3D,PS2,PlayStation,Home Console,2007.0,PAL,,,,,Exclusive,N/A,True
Kingdom Hearts III,Square Enix,Square Enix,Kingdom Hearts,Role-Playing,Action RPG,3D,All,Other,Other,2019.0,JP,6.7,,84.0,,Multiplatform,N/A,False
Kingdom Hearts III,Square Enix,Square Enix,Kingdom Hearts,Role-Playing,Action RPG,3D,All,Other,Other,2019.0,NA,6.7,,84.0,,Multiplatform,N/A,False
Kingdom Hearts III,Square Enix,Square Enix,Kingdom Hearts,Role-Playing,Action RPG,3D,All,Other,Other,2019.0,Other,6.7,,84.0,,Multiplatform,N/A,False
Kingdom Hearts III,Square Enix,Square Enix,Kingdom Hearts,Role-Playing,Action RPG,3D,All,Other,Other,2019.0,PAL,6.7,,84.0,,Multiplatform,N/A,False
Kingdom Hearts III,Square Enix,Square Enix,Kingdom Hearts,Role-Playing,Action RPG,3D,PS4,PlayStation,Home Console,2019.0,JP,6.7,,84.0,,Multiplatform,N/A,False
Kingdom Hearts III,Square Enix,Square Enix,Kingdom Hearts,Role-Playing,Action RPG,3D,PS4,PlayStation,Home Console,2019.0,NA,6.7,,84.0,,Multiplatform,N/A,False
Kingdom Hearts III,Square Enix,Square Enix,Kingdom Hearts,Role-Playing,Action RPG,3D,PS4,PlayStation,Home Console,2019.0,Other,6.7,,84.0,,Multiplatform,N/A,False
Kingdom Hearts III,Square Enix,Square Enix,Kingdom Hearts,Role-Playing,Action RPG,3D,PS4,PlayStation,Home Console,2019.0,PAL,6.7,,84.0,,Multiplatform,N/A,False
Kingdom Hearts III,Square Enix,Square Enix,Kingdom Hearts,Role-Playing,Action RPG,3D,Xbox One,Microsoft,Home Console,2019.0,JP,6.7,,84.0,,Multiplatform,N/A,False
Kingdom Hearts III,Square Enix,Square Enix,Kingdom Hearts,Role-Playing,Action RPG,3D,Xbox One,Microsoft,Home Console,2019.0,NA,6.7,,84.0,,Multiplatform,N/A,False
Kingdom Hearts III,Square Enix,Square Enix,Kingdom Hearts,Role-Playing,Action RPG,3D,Xbox One,Microsoft,Home Console,2019.0,Other,6.7,,84.0,,Multiplatform,N/A,False
Kingdom Hearts III,Square Enix,Square Enix,Kingdom Hearts,Role-Playing,Action RPG,3D,Xbox One,Microsoft,Home Console,2019.0,PAL,6.7,,84.0,,Multiplatform,N/A,False
Kingdom Hearts 358/2 Days,Square Enix,High Horse Entertainment,Kingdom Hearts,Role-Playing,Action RPG,3D,DS,Nintendo,Handheld,2009.0,JP,,,75.0,,Exclusive,Post-Merger,False
Kingdom Hearts 358/2 Days,Square Enix,High Horse Entertainment,Kingdom Hearts,Role-Playing,Action RPG,3D,DS,Nintendo,Handheld,2009.0,NA,,,75.0,,Exclusive,Post-Merger,False
Kingdom Hearts 358/2 Days,Square Enix,High Horse Entertainment,Kingdom Hearts,Role-Playing,Action RPG,3D,DS,Nintendo,Handheld,2009.0,Other,,,75.0,,Exclusive,Post-Merger,False
Kingdom Hearts 358/2 Days,Square Enix,High Horse Entertainment,Kingdom Hearts,Role-Playing,Action RPG,3D,DS,Nintendo,Handheld,2009.0,PAL,,,75.0,,Exclusive,Post-Merger,False
Kingdom Hearts 3D: Dream Drop Distance,Square Enix,Square Enix,Kingdom Hearts,Role-Playing,Action RPG,3D,3DS,Nintendo,Handheld,2012.0,JP,,,75.0,,Exclusive,Post-Merger,False
Kingdom Hearts 3D: Dream Drop Distance,Square Enix,Square Enix,Kingdom Hearts,Role-Playing,Action RPG,3D,3DS,Nintendo,Handheld,2012.0,NA,,,75.0,,Exclusive,Post-Merger,False
Kingdom Hearts 3D: Dream Drop Distance,Square Enix,Square Enix,Kingdom Hearts,Role-Playing,Action RPG,3D,3DS,Nintendo,Handheld,2012.0,Other,,,75.0,,Exclusive,Post-Merger,False
Kingdom Hearts 3D: Dream Drop Distance,Square Enix,Square Enix,Kingdom Hearts,Role-Playing,Action RPG,3D,3DS,Nintendo,Handheld,2012.0,PAL,,,75.0,,Exclusive,Post-Merger,False
,Square Enix,Square Enix,Standalone,,,,TBA,,,,,,,84.0,,Multiplatform,,False
Kingdom Hearts: Birth by Sleep,Square Enix,Square Enix,Kingdom Hearts,Role-Playing,Action RPG,3D,PSP,PlayStation,Handheld,2010.0,JP,,,79.0,,Exclusive,N/A,False
Kingdom Hearts: Birth by Sleep,Square Enix,Square Enix,Kingdom Hearts,Role-Playing,Action RPG,3D,PSP,PlayStation,Handheld,2010.0,NA,,,79.0,,Exclusive,N/A,False
Kingdom Hearts: Birth by Sleep,Square Enix,Square Enix,Kingdom Hearts,Role-Playing,Action RPG,3D,PSP,PlayStation,Handheld,2010.0,Other,,,79.0,,Exclusive,N/A,False
Kingdom Hearts: Birth by Sleep,Square Enix,Square Enix,Kingdom Hearts,Role-Playing,Action RPG,3D,PSP,PlayStation,Handheld,2010.0,PAL,,,79.0,,Exclusive,N/A,False
Kingdom Hearts: Birth by Sleep - Final Mix,Square Enix,Square Enix,Kingdom Hearts,Role-Playing,Action RPG,3D,PSP,PlayStation,Handheld,2011.0,JP,0.16,,,,Exclusive,N/A,True
Kingdom Hearts: Birth by Sleep - Final Mix,Square Enix,Square Enix,Kingdom Hearts,Role-Playing,Action RPG,3D,PSP,PlayStation,Handheld,2011.0,NA,,,,,Exclusive,N/A,True
Kingdom Hearts: Birth by Sleep - Final Mix,Square Enix,Square Enix,Kingdom Hearts,Role-Playing,Action RPG,3D,PSP,PlayStation,Handheld,2011.0,Other,,,,,Exclusive,N/A,True
Kingdom Hearts: Birth by Sleep - Final Mix,Square Enix,Square Enix,Kingdom Hearts,Role-Playing,Action RPG,3D,PSP,PlayStation,Handheld,2011.0,PAL,,,,,Exclusive,N/A,True
Kingdom Hearts: Chain of Memories,Square Enix,Jupiter Corporation,Kingdom Hearts,Role-Playing,Action RPG,3D,GBA,Nintendo,Handheld,2004.0,JP,,,74.0,,Exclusive,Post-Merger,False
Kingdom Hearts: Chain of Memories,Square Enix,Jupiter Corporation,Kingdom Hearts,Role-Playing,Action RPG,3D,GBA,Nintendo,Handheld,2004.0,NA,,,74.0,,Exclusive,Post-Merger,False
Kingdom Hearts: Chain of Memories,Square Enix,Jupiter Corporation,Kingdom Hearts,Role-Playing,Action RPG,3D,GBA,Nintendo,Handheld,2004.0,Other,,,74.0,,Exclusive,Post-Merger,False
Kingdom Hearts: Chain of Memories,Square Enix,Jupiter Corporation,Kingdom Hearts,Role-Playing,Action RPG,3D,GBA,Nintendo,Handheld,2004.0,PAL,,,74.0,,Exclusive,Post-Merger,False
Kingdom Hearts: Final Mix,Squaresoft,SquareSoft,Kingdom Hearts,Role-Playing,Action RPG,3D,PS2,PlayStation,Home Console,2002.0,JP,0.55,,,,Exclusive,N/A,True
Kingdom Hearts: Final Mix,Squaresoft,SquareSoft,Kingdom Hearts,Role-Playing,Action RPG,3D,PS2,PlayStation,Home Console,2002.0,NA,,,,,Exclusive,N/A,True
Kingdom Hearts: Final Mix,Squaresoft,SquareSoft,Kingdom Hearts,Role-Playing,Action RPG,3D,PS2,PlayStation,Home Console,2002.0,Other,,,,,Exclusive,N/A,True
Kingdom Hearts: Final Mix,Squaresoft,SquareSoft,Kingdom Hearts,Role-Playing,Action RPG,3D,PS2,PlayStation,Home Console,2002.0,PAL,,,,,Exclusive,N/A,True
Kingdom Hearts HD I.5 + II.5 ReMIX,Square Enix,Square Enix,Kingdom Hearts,Role-Playing,Action RPG,3D,PS4,PlayStation,Home Console,2017,JP,,,82.0,,Exclusive,N/A,False
Kingdom Hearts HD I.5 + II.5 ReMIX,Square Enix,Square Enix,Kingdom Hearts,Role-Playing,Action RPG,3D,PS4,PlayStation,Home Console,2017,NA,,,82.0,,Exclusive,N/A,False
Kingdom Hearts HD I.5 + II.5 ReMIX,Square Enix,Square Enix,Kingdom Hearts,Role-Playing,Action RPG,3D,PS4,PlayStation,Home Console,2017,Other,0.0,,82.0,,Exclusive,N/A,False
Kingdom Hearts HD I.5 + II.5 ReMIX,Square Enix,Square Enix,Kingdom Hearts,Role-Playing,Action RPG,3D,PS4,PlayStation,Home Console,2017,PAL,0.0,,82.0,,Exclusive,N/A,False
,Square Enix,Square Enix,Standalone,,,,Diffusion Million Arthur,,,,,,,82.0,,Exclusive,,False
,Square Enix,Square Enix,Standalone,,,,PC,,,,,,,82.0,,Exclusive,,False
Kingdom Hearts HD I.5 ReMIX,Square Enix,Square Enix,Kingdom Hearts,Action RPG,Action RPG,3D,PS3,PlayStation,Home Console,2013.0,JP,,,82.0,,Exclusive,N/A,False
Kingdom Hearts HD I.5 ReMIX,Square Enix,Square Enix,Kingdom Hearts,Action RPG,Action RPG,3D,PS3,PlayStation,Home Console,2013.0,NA,,,82.0,,Exclusive,N/A,False
Kingdom Hearts HD I.5 ReMIX,Square Enix,Square Enix,Kingdom Hearts,Action RPG,Action RPG,3D,PS3,PlayStation,Home Console,2013.0,Other,,,82.0,,Exclusive,N/A,False
Kingdom Hearts HD I.5 ReMIX,Square Enix,Square Enix,Kingdom Hearts,Action RPG,Action RPG,3D,PS3,PlayStation,Home Console,2013.0,PAL,,,82.0,,Exclusive,N/A,False
,Square Enix,Square Enix,Standalone,,,,PS4,,,,,,,82.0,,Exclusive,,False
,Square Enix,Square Enix,Standalone,,,,Xbox One,,,,,,,82.0,,Exclusive,,False
,Square Enix,"October 16, 2014",Standalone,,,,Chaos Rings III,,,,,,,82.0,,Exclusive,,False
,Square Enix,[ 224 ],Standalone,,,,PC,,,,,,,82.0,,Exclusive,,False
Kingdom Hearts HD II.5 ReMIX,Square Enix,Square Enix,Kingdom Hearts,Role-Playing,Action RPG,3D,PS3,PlayStation,Home Console,2014.0,JP,,,82.0,,Exclusive,N/A,False
Kingdom Hearts HD II.5 ReMIX,Square Enix,Square Enix,Kingdom Hearts,Role-Playing,Action RPG,3D,PS3,PlayStation,Home Console,2014.0,NA,,,82.0,,Exclusive,N/A,False
Kingdom Hearts HD II.5 ReMIX,Square Enix,Square Enix,Kingdom Hearts,Role-Playing,Action RPG,3D,PS3,PlayStation,Home Console,2014.0,Other,,,82.0,,Exclusive,N/A,False
Kingdom Hearts HD II.5 ReMIX,Square Enix,Square Enix,Kingdom Hearts,Role-Playing,Action RPG,3D,PS3,PlayStation,Home Console,2014.0,PAL,,,82.0,,Exclusive,N/A,False
,Square Enix,[ 222 ],Standalone,,,,PS4,,,,,,,82.0,,Exclusive,,False
,Square Enix,"October 2, 2014",Standalone,,,,WRC 4: FIA World Rally Championship,,,,,,,82.0,,Exclusive,,False
,Square Enix,[ 223 ],Standalone,,,,Xbox One,,,,,,,82.0,,Exclusive,,False
,Square Enix,"February 23, 2017",Standalone,,,,Nier: Automata,,,,,,,76.0,,Timed Exclusive,,False
,Square Enix,[ 224 ],Standalone,,,,PC,,,,,,,76.0,,Timed Exclusive,,False
Kingdom Hearts HD II.8 Final Chapter Prologue,Square Enix,Square-Enix,Kingdom Hearts,Role-Playing,Action RPG,3D,PS4,PlayStation,Home Console,2017.0,JP,,,76.0,,Timed Exclusive,N/A,False
Kingdom Hearts HD II.8 Final Chapter Prologue,Square Enix,Square-Enix,Kingdom Hearts,Role-Playing,Action RPG,3D,PS4,PlayStation,Home Console,2017.0,NA,,,76.0,,Timed Exclusive,N/A,False
Kingdom Hearts HD II.8 Final Chapter Prologue,Square Enix,Square-Enix,Kingdom Hearts,Role-Playing,Action RPG,3D,PS4,PlayStation,Home Console,2017.0,Other,,,76.0,,Timed Exclusive,N/A,False
Kingdom Hearts HD II.8 Final Chapter Prologue,Square Enix,Square-Enix,Kingdom Hearts,Role-Playing,Action RPG,3D,PS4,PlayStation,Home Console,2017.0,PAL,,,76.0,,Timed Exclusive,N/A,False
,Square Enix,PlayStation 4,Standalone,,,,SaGa: Scarlet Grace,,,,,,,76.0,,Timed Exclusive,,False
Kingdom Hearts HD II.8 Final Chapter Prologue,Square Enix,Square Enix,Kingdom Hearts,Role-Playing,Action RPG,3D,Xbox One,Microsoft,Home Console,2020.0,JP,,,76.0,,Timed Exclusive,N/A,False
Kingdom Hearts HD II.8 Final Chapter Prologue,Square Enix,Square Enix,Kingdom Hearts,Role-Playing,Action RPG,3D,Xbox One,Microsoft,Home Console,2020.0,NA,,,76.0,,Timed Exclusive,N/A,False
Kingdom Hearts HD II.8 Final Chapter Prologue,Square Enix,Square Enix,Kingdom Hearts,Role-Playing,Action RPG,3D,Xbox One,Microsoft,Home Console,2020.0,Other,,,76.0,,Timed Exclusive,N/A,False
Kingdom Hearts HD II.8 Final Chapter Prologue,Square Enix,Square Enix,Kingdom Hearts,Role-Playing,Action RPG,3D,Xbox One,Microsoft,Home Console,2020.0,PAL,,,76.0,,Timed Exclusive,N/A,False
Kingdom Hearts: Melody of Memory,Square Enix,Square Enix,Kingdom Hearts,Music,Action RPG,3D,PS4,PlayStation,Home Console,2020.0,JP,,,77.0,,Multiplatform,N/A,False
Kingdom Hearts: Melody of Memory,Square Enix,Square Enix,Kingdom Hearts,Music,Action RPG,3D,PS4,PlayStation,Home Console,2020.0,NA,,,77.0,,Multiplatform,N/A,False
Kingdom Hearts: Melody of Memory,Square Enix,Square Enix,Kingdom Hearts,Music,Action RPG,3D,PS4,PlayStation,Home Console,2020.0,Other,,,77.0,,Multiplatform,N/A,False
Kingdom Hearts: Melody of Memory,Square Enix,Square Enix,Kingdom Hearts,Music,Action RPG,3D,PS4,PlayStation,Home Console,2020.0,PAL,,,77.0,,Multiplatform,N/A,False
Kingdom Hearts: Melody of Memory,Square Enix,Square Enix,Kingdom Hearts,Music,Action RPG,3D,Switch,Nintendo,Home Console,2020.0,JP,,,77.0,,Multiplatform,Post-Merger,False
Kingdom Hearts: Melody of Memory,Square Enix,Square Enix,Kingdom Hearts,Music,Action RPG,3D,Switch,Nintendo,Home Console,2020.0,NA,,,77.0,,Multiplatform,Post-Merger,False
Kingdom Hearts: Melody of Memory,Square Enix,Square Enix,Kingdom Hearts,Music,Action RPG,3D,Switch,Nintendo,Home Console,2020.0,Other,,,77.0,,Multiplatform,Post-Merger,False
Kingdom Hearts: Melody of Memory,Square Enix,Square Enix,Kingdom Hearts,Music,Action RPG,3D,Switch,Nintendo,Home Console,2020.0,PAL,,,77.0,,Multiplatform,Post-Merger,False
Kingdom Hearts: Melody of Memory,Square Enix,Square Enix,Kingdom Hearts,Music,Action RPG,3D,Xbox One,Microsoft,Home Console,2020.0,JP,,,77.0,,Multiplatform,N/A,False
Kingdom Hearts: Melody of Memory,Square Enix,Square Enix,Kingdom Hearts,Music,Action RPG,3D,Xbox One,Microsoft,Home Console,2020.0,NA,,,77.0,,Multiplatform,N/A,False
Kingdom Hearts: Melody of Memory,Square Enix,Square Enix,Kingdom Hearts,Music,Action RPG,3D,Xbox One,Microsoft,Home Console,2020.0,Other,,,77.0,,Multiplatform,N/A,False
Kingdom Hearts: Melody of Memory,Square Enix,Square Enix,Kingdom Hearts,Music,Action RPG,3D,Xbox One,Microsoft,Home Console,2020.0,PAL,,,77.0,,Multiplatform,N/A,False
Kingdom Hearts Re: Chain of Memories,Square Enix,Jupiter Corporation,Kingdom Hearts,Role-Playing,Action RPG,3D,PS2,PlayStation,Home Console,2008.0,JP,,,72.0,,Exclusive,N/A,False
Kingdom Hearts Re: Chain of Memories,Square Enix,Jupiter Corporation,Kingdom Hearts,Role-Playing,Action RPG,3D,PS2,PlayStation,Home Console,2008.0,NA,0.73,,72.0,,Exclusive,N/A,False
Kingdom Hearts Re: Chain of Memories,Square Enix,Jupiter Corporation,Kingdom Hearts,Role-Playing,Action RPG,3D,PS2,PlayStation,Home Console,2008.0,Other,0.12,,72.0,,Exclusive,N/A,False
Kingdom Hearts Re: Chain of Memories,Square Enix,Jupiter Corporation,Kingdom Hearts,Role-Playing,Action RPG,3D,PS2,PlayStation,Home Console,2008.0,PAL,0.03,,72.0,,Exclusive,N/A,False
Kingdom Hearts Re:coded,Square Enix,High Horse Entertainment,Kingdom Hearts,Role-Playing,Action RPG,3D,DS,Nintendo,Handheld,2011.0,JP,0.27,,68.0,,Exclusive,Post-Merger,False
Kingdom Hearts Re:coded,Square Enix,High Horse Entertainment,Kingdom Hearts,Role-Playing,Action RPG,3D,DS,Nintendo,Handheld,2011.0,NA,0.53,,68.0,,Exclusive,Post-Merger,False
Kingdom Hearts Re:coded,Square Enix,High Horse Entertainment,Kingdom Hearts,Role-Playing,Action RPG,3D,DS,Nintendo,Handheld,2011.0,Other,0.05,,68.0,,Exclusive,Post-Merger,False
Kingdom Hearts Re:coded,Square Enix,High Horse Entertainment,Kingdom Hearts,Role-Playing,Action RPG,3D,DS,Nintendo,Handheld,2011.0,PAL,0.09,,68.0,,Exclusive,Post-Merger,False
Kingdom Hearts: The Story So Far,Square Enix,Square Enix,Kingdom Hearts,Role-Playing,Action RPG,3D,PS4,PlayStation,Home Console,2018.0,JP,,,,,Exclusive,N/A,False
Kingdom Hearts: The Story So Far,Square Enix,Square Enix,Kingdom Hearts,Role-Playing,Action RPG,3D,PS4,PlayStation,Home Console,2018.0,NA,0.17,,,,Exclusive,N/A,False
Kingdom Hearts: The Story So Far,Square Enix,Square Enix,Kingdom Hearts,Role-Playing,Action RPG,3D,PS4,PlayStation,Home Console,2018.0,Other,0.04,,,,Exclusive,N/A,False
Kingdom Hearts: The Story So Far,Square Enix,Square Enix,Kingdom Hearts,Role-Playing,Action RPG,3D,PS4,PlayStation,Home Console,2018.0,PAL,,,,,Exclusive,N/A,False
Kingdom Hearts: Trinity Master Pieces,Square Enix,Square Enix,Kingdom Hearts,Role-Playing,Action RPG,3D,PS2,PlayStation,Home Console,2005.0,JP,,,56.0,,Exclusive,N/A,False
Kingdom Hearts: Trinity Master Pieces,Square Enix,Square Enix,Kingdom Hearts,Role-Playing,Action RPG,3D,PS2,PlayStation,Home Console,2005.0,NA,,,56.0,,Exclusive,N/A,False
Kingdom Hearts: Trinity Master Pieces,Square Enix,Square Enix,Kingdom Hearts,Role-Playing,Action RPG,3D,PS2,PlayStation,Home Console,2005.0,Other,,,56.0,,Exclusive,N/A,False
Kingdom Hearts: Trinity Master Pieces,Square Enix,Square Enix,Kingdom Hearts,Role-Playing,Action RPG,3D,PS2,PlayStation,Home Console,2005.0,PAL,,,56.0,,Exclusive,N/A,False
KINGDOM HEARTS Union ?[Cross],Square Enix,Square Enix,Kingdom Hearts,Role-Playing,Action RPG,3D,And,Other,Other,2016.0,JP,,,,,Exclusive,N/A,False
KINGDOM HEARTS Union ?[Cross],Square Enix,Square Enix,Kingdom Hearts,Role-Playing,Action RPG,3D,And,Other,Other,2016.0,NA,,,,,Exclusive,N/A,False
KINGDOM HEARTS Union ?[Cross],Square Enix,Square Enix,Kingdom Hearts,Role-Playing,Action RPG,3D,And,Other,Other,2016.0,Other,,,,,Exclusive,N/A,False
KINGDOM HEARTS Union ?[Cross],Square Enix,Square Enix,Kingdom Hearts,Role-Playing,Action RPG,3D,And,Other,Other,2016.0,PAL,,,,,Exclusive,N/A,False
King's Knight,Squaresoft,Square,Standalone,Shooter,,Unknown,NES,Nintendo,Home Console,1989.0,JP,,,,,Timed Exclusive,Pre-Split,False
King's Knight,Squaresoft,Square,Standalone,Shooter,,Unknown,NES,Nintendo,Home Console,1989.0,NA,,,,,Timed Exclusive,Pre-Split,False
King's Knight,Squaresoft,Square,Standalone,Shooter,,Unknown,NES,Nintendo,Home Console,1989.0,Other,,,,,Timed Exclusive,Pre-Split,False
King's Knight,Squaresoft,Square,Standalone,Shooter,,Unknown,NES,Nintendo,Home Console,1989.0,PAL,,,,,Timed Exclusive,Pre-Split,False
,Squaresoft,Square / Workss,Standalone,,,,Nintendo Entertainment System ; MSX,,,,,,,,,Timed Exclusive,,False
King's Knight,Square Enix,Square,Standalone,Shooter,,Unknown,VC,Other,Other,2008.0,JP,,,,,Timed Exclusive,N/A,False
King's Knight,Square Enix,Square,Standalone,Shooter,,Unknown,VC,Other,Other,2008.0,NA,,,,,Timed Exclusive,N/A,False
King's Knight,Square Enix,Square,Standalone,Shooter,,Unknown,VC,Other,Other,2008.0,Other,,,,,Timed Exclusive,N/A,False
King's Knight,Square Enix,Square,Standalone,Shooter,,Unknown,VC,Other,Other,2008.0,PAL,,,,,Timed Exclusive,N/A,False
,Squaresoft,Square / Workss,Standalone,,,,PC-8801 ; X1,,,,,,,,,Multiplatform,,False
K.O. King,Square Enix,Phoenix Games,Standalone,Sports,,Unknown,PS2,PlayStation,Home Console,2006.0,JP,,,,,Exclusive,N/A,False
K.O. King,Square Enix,Phoenix Games,Standalone,Sports,,Unknown,PS2,PlayStation,Home Console,2006.0,NA,,,,,Exclusive,N/A,False
K.O. King,Square Enix,Phoenix Games,Standalone,Sports,,Unknown,PS2,PlayStation,Home Console,2006.0,Other,,,,,Exclusive,N/A,False
K.O. King,Square Enix,Phoenix Games,Standalone,Sports,,Unknown,PS2,PlayStation,Home Console,2006.0,PAL,,,,,Exclusive,N/A,False
,Squaresoft,Square,Standalone,,,,Satellaview,,,,,,,,,Multiplatform,,False
Kuniya Burete Sanga Ari: Hills and Rivers Remain,Square Enix,Square Enix,Standalone,Strategy,,Unknown,DSiW,Other,Other,2009.0,JP,,,,,Exclusive,N/A,False
Kuniya Burete Sanga Ari: Hills and Rivers Remain,Square Enix,Square Enix,Standalone,Strategy,,Unknown,DSiW,Other,Other,2009.0,NA,,,,,Exclusive,N/A,False
Kuniya Burete Sanga Ari: Hills and Rivers Remain,Square Enix,Square Enix,Standalone,Strategy,,Unknown,DSiW,Other,Other,2009.0,Other,,,,,Exclusive,N/A,False
Kuniya Burete Sanga Ari: Hills and Rivers Remain,Square Enix,Square Enix,Standalone,Strategy,,Unknown,DSiW,Other,Other,2009.0,PAL,,,,,Exclusive,N/A,False
Kuroshitsuji: Phantom & Ghost,Square Enix,Square Enix,Standalone,Action,,Unknown,DS,Nintendo,Handheld,2009.0,JP,0.04,,,,Exclusive,Post-Merger,True
Kuroshitsuji: Phantom & Ghost,Square Enix,Square Enix,Standalone,Action,,Unknown,DS,Nintendo,Handheld,2009.0,NA,,,,,Exclusive,Post-Merger,True
Kuroshitsuji: Phantom & Ghost,Square Enix,Square Enix,Standalone,Action,,Unknown,DS,Nintendo,Handheld,2009.0,Other,,,,,Exclusive,Post-Merger,True
Kuroshitsuji: Phantom & Ghost,Square Enix,Square Enix,Standalone,Action,,Unknown,DS,Nintendo,Handheld,2009.0,PAL,,,,,Exclusive,Post-Merger,True
Lara Croft and the Guardian of Light,Square Enix,Crystal Dynamics,Standalone,Action-Adventure,,Unknown,All,Other,Other,2010.0,JP,,,,,Multiplatform,N/A,False
Lara Croft and the Guardian of Light,Square Enix,Crystal Dynamics,Standalone,Action-Adventure,,Unknown,All,Other,Other,2010.0,NA,,,,,Multiplatform,N/A,False
Lara Croft and the Guardian of Light,Square Enix,Crystal Dynamics,Standalone,Action-Adventure,,Unknown,All,Other,Other,2010.0,Other,,,,,Multiplatform,N/A,False
Lara Croft and the Guardian of Light,Square Enix,Crystal Dynamics,Standalone,Action-Adventure,,Unknown,All,Other,Other,2010.0,PAL,,,,,Multiplatform,N/A,False
Lara Croft and the Guardian of Light,Square Enix,Crystal Dynamics,Standalone,Adventure,,Unknown,PC,PC,PC,2010.0,JP,,,83.0,,Multiplatform,N/A,False
Lara Croft and the Guardian of Light,Square Enix,Crystal Dynamics,Standalone,Adventure,,Unknown,PC,PC,PC,2010.0,NA,,,83.0,,Multiplatform,N/A,False
Lara Croft and the Guardian of Light,Square Enix,Crystal Dynamics,Standalone,Adventure,,Unknown,PC,PC,PC,2010.0,Other,,,83.0,,Multiplatform,N/A,False
Lara Croft and the Guardian of Light,Square Enix,Crystal Dynamics,Standalone,Adventure,,Unknown,PC,PC,PC,2010.0,PAL,,,83.0,,Multiplatform,N/A,False
Lara Croft and the Guardian of Light,Square Enix,Crystal Dynamics,Standalone,Adventure,,Unknown,PSN,Other,Other,2010.0,JP,,,85.0,,Multiplatform,N/A,False
Lara Croft and the Guardian of Light,Square Enix,Crystal Dynamics,Standalone,Adventure,,Unknown,PSN,Other,Other,2010.0,NA,,,85.0,,Multiplatform,N/A,False
Lara Croft and the Guardian of Light,Square Enix,Crystal Dynamics,Standalone,Adventure,,Unknown,PSN,Other,Other,2010.0,Other,,,85.0,,Multiplatform,N/A,False
Lara Croft and the Guardian of Light,Square Enix,Crystal Dynamics,Standalone,Adventure,,Unknown,PSN,Other,Other,2010.0,PAL,,,85.0,,Multiplatform,N/A,False
Lara Croft and the Guardian of Light,Square Enix,Crystal Dynamics,Standalone,Adventure,,Unknown,XBL,Other,Other,2010.0,JP,,,86.0,,Multiplatform,N/A,False
Lara Croft and the Guardian of Light,Square Enix,Crystal Dynamics,Standalone,Adventure,,Unknown,XBL,Other,Other,2010.0,NA,,,86.0,,Multiplatform,N/A,False
Lara Croft and the Guardian of Light,Square Enix,Crystal Dynamics,Standalone,Adventure,,Unknown,XBL,Other,Other,2010.0,Other,,,86.0,,Multiplatform,N/A,False
Lara Croft and the Guardian of Light,Square Enix,Crystal Dynamics,Standalone,Adventure,,Unknown,XBL,Other,Other,2010.0,PAL,,,86.0,,Multiplatform,N/A,False
Lara Croft and the Temple of Osiris,Square Enix,Crystal Dynamics,Standalone,Action,,Unknown,PC,PC,PC,2014.0,JP,,,73.0,,Multiplatform,N/A,False
Lara Croft and the Temple of Osiris,Square Enix,Crystal Dynamics,Standalone,Action,,Unknown,PC,PC,PC,2014.0,NA,,,73.0,,Multiplatform,N/A,False
Lara Croft and the Temple of Osiris,Square Enix,Crystal Dynamics,Standalone,Action,,Unknown,PC,PC,PC,2014.0,Other,,,73.0,,Multiplatform,N/A,False
Lara Croft and the Temple of Osiris,Square Enix,Crystal Dynamics,Standalone,Action,,Unknown,PC,PC,PC,2014.0,PAL,,,73.0,,Multiplatform,N/A,False
Lara Croft and the Temple of Osiris,Square Enix,Crystal Dynamics,Standalone,Action,,Unknown,PS4,PlayStation,Home Console,2014.0,JP,,,73.0,,Multiplatform,N/A,False
Lara Croft and the Temple of Osiris,Square Enix,Crystal Dynamics,Standalone,Action,,Unknown,PS4,PlayStation,Home Console,2014.0,NA,,,73.0,,Multiplatform,N/A,False
Lara Croft and the Temple of Osiris,Square Enix,Crystal Dynamics,Standalone,Action,,Unknown,PS4,PlayStation,Home Console,2014.0,Other,0.01,,73.0,,Multiplatform,N/A,False
Lara Croft and the Temple of Osiris,Square Enix,Crystal Dynamics,Standalone,Action,,Unknown,PS4,PlayStation,Home Console,2014.0,PAL,0.07,,73.0,,Multiplatform,N/A,False
Lara Croft and the Temple of Osiris,Square Enix,Crystal Dynamics,Standalone,Action,,Unknown,Xbox One,Microsoft,Home Console,2014.0,JP,,,73.0,,Multiplatform,N/A,False
Lara Croft and the Temple of Osiris,Square Enix,Crystal Dynamics,Standalone,Action,,Unknown,Xbox One,Microsoft,Home Console,2014.0,NA,,,73.0,,Multiplatform,N/A,False
Lara Croft and the Temple of Osiris,Square Enix,Crystal Dynamics,Standalone,Action,,Unknown,Xbox One,Microsoft,Home Console,2014.0,Other,,,73.0,,Multiplatform,N/A,False
Lara Croft and the Temple of Osiris,Square Enix,Crystal Dynamics,Standalone,Action,,Unknown,Xbox One,Microsoft,Home Console,2014.0,PAL,,,73.0,,Multiplatform,N/A,False
The Last Door,Square Enix,Unknown,Standalone,Misc,,Unknown,Linux,Other,Other,2014.0,JP,,,,,Multiplatform,N/A,False
The Last Door,Square Enix,Unknown,Standalone,Misc,,Unknown,Linux,Other,Other,2014.0,NA,,,,,Multiplatform,N/A,False
The Last Door,Square Enix,Unknown,Standalone,Misc,,Unknown,Linux,Other,Other,2014.0,Other,,,,,Multiplatform,N/A,False
The Last Door,Square Enix,Unknown,Standalone,Misc,,Unknown,Linux,Other,Other,2014.0,PAL,,,,,Multiplatform,N/A,False
The Last Door,Square Enix,Unknown,Standalone,Misc,,Unknown,OSX,Other,Other,2014.0,JP,,,,,Multiplatform,N/A,False
The Last Door,Square Enix,Unknown,Standalone,Misc,,Unknown,OSX,Other,Other,2014.0,NA,,,,,Multiplatform,N/A,False
The Last Door,Square Enix,Unknown,Standalone,Misc,,Unknown,OSX,Other,Other,2014.0,Other,,,,,Multiplatform,N/A,False
The Last Door,Square Enix,Unknown,Standalone,Misc,,Unknown,OSX,Other,Other,2014.0,PAL,,,,,Multiplatform,N/A,False
The Last Door,Square Enix,Unknown,Standalone,Misc,,Unknown,PC,PC,PC,2014.0,JP,,,,,Multiplatform,N/A,False
The Last Door,Square Enix,Unknown,Standalone,Misc,,Unknown,PC,PC,PC,2014.0,NA,,,,,Multiplatform,N/A,False
The Last Door,Square Enix,Unknown,Standalone,Misc,,Unknown,PC,PC,PC,2014.0,Other,,,,,Multiplatform,N/A,False
The Last Door,Square Enix,Unknown,Standalone,Misc,,Unknown,PC,PC,PC,2014.0,PAL,,,,,Multiplatform,N/A,False
The Last Remnant,Square Enix,Square Enix,Standalone,Role-Playing,,Unknown,PC,PC,PC,2009.0,JP,,,73.0,,Timed Exclusive,N/A,False
The Last Remnant,Square Enix,Square Enix,Standalone,Role-Playing,,Unknown,PC,PC,PC,2009.0,NA,,,73.0,,Timed Exclusive,N/A,False
The Last Remnant,Square Enix,Square Enix,Standalone,Role-Playing,,Unknown,PC,PC,PC,2009.0,Other,0.0,,73.0,,Timed Exclusive,N/A,False
The Last Remnant,Square Enix,Square Enix,Standalone,Role-Playing,,Unknown,PC,PC,PC,2009.0,PAL,0.01,,73.0,,Timed Exclusive,N/A,False
The Last Remnant,Square Enix,Square Enix,Standalone,Role-Playing,,Unknown,PS3,PlayStation,Home Console,2009.0,JP,,,69.0,,Timed Exclusive,N/A,False
The Last Remnant,Square Enix,Square Enix,Standalone,Role-Playing,,Unknown,PS3,PlayStation,Home Console,2009.0,NA,,,69.0,,Timed Exclusive,N/A,False
The Last Remnant,Square Enix,Square Enix,Standalone,Role-Playing,,Unknown,PS3,PlayStation,Home Console,2009.0,Other,,,69.0,,Timed Exclusive,N/A,False
The Last Remnant,Square Enix,Square Enix,Standalone,Role-Playing,,Unknown,PS3,PlayStation,Home Console,2009.0,PAL,,,69.0,,Timed Exclusive,N/A,False
The Last Remnant,Square Enix,Square Enix,Standalone,Role-Playing,,Unknown,Xbox 360,Microsoft,Home Console,2008.0,JP,,,65.0,,Timed Exclusive,N/A,False
The Last Remnant,Square Enix,Square Enix,Standalone,Role-Playing,,Unknown,Xbox 360,Microsoft,Home Console,2008.0,NA,,,65.0,,Timed Exclusive,N/A,False
The Last Remnant,Square Enix,Square Enix,Standalone,Role-Playing,,Unknown,Xbox 360,Microsoft,Home Console,2008.0,Other,,,65.0,,Timed Exclusive,N/A,False
The Last Remnant,Square Enix,Square Enix,Standalone,Role-Playing,,Unknown,Xbox 360,Microsoft,Home Console,2008.0,PAL,,,65.0,,Timed Exclusive,N/A,False
The Last Remnant Remastered,Square Enix,Square Enix,Standalone,Role-Playing,,Unknown,Switch,Nintendo,Home Console,2019.0,JP,,,69.0,,Exclusive,Post-Merger,False
The Last Remnant Remastered,Square Enix,Square Enix,Standalone,Role-Playing,,Unknown,Switch,Nintendo,Home Console,2019.0,NA,,,69.0,,Exclusive,Post-Merger,False
The Last Remnant Remastered,Square Enix,Square Enix,Standalone,Role-Playing,,Unknown,Switch,Nintendo,Home Console,2019.0,Other,,,69.0,,Exclusive,Post-Merger,False
The Last Remnant Remastered,Square Enix,Square Enix,Standalone,Role-Playing,,Unknown,Switch,Nintendo,Home Console,2019.0,PAL,,,69.0,,Exclusive,Post-Merger,False
,Square Enix,Taito,Standalone,,,,Arcade,,,,,,,,,Multiplatform,,False
,Square Enix,"February 28, 2019",Standalone,,,,Chocobo’s Mystery Dungeon Every Buddy!,,,,,,,38.0,,Multiplatform,,False
,Square Enix,"February 28, 2019",Standalone,,,,Kingdom Hearts III,,,,,,,38.0,,Multiplatform,,False
Left Alive,Square Enix,Square Enix,Standalone,Shooter,,Unknown,PC,PC,PC,2019.0,JP,,,38.0,,Multiplatform,N/A,False
Left Alive,Square Enix,Square Enix,Standalone,Shooter,,Unknown,PC,PC,PC,2019.0,NA,,,38.0,,Multiplatform,N/A,False
Left Alive,Square Enix,Square Enix,Standalone,Shooter,,Unknown,PC,PC,PC,2019.0,Other,,,38.0,,Multiplatform,N/A,False
Left Alive,Square Enix,Square Enix,Standalone,Shooter,,Unknown,PC,PC,PC,2019.0,PAL,,,38.0,,Multiplatform,N/A,False
Left Alive,Square Enix,Square Enix,Standalone,Shooter,,Unknown,PS4,PlayStation,Home Console,2019.0,JP,,,38.0,,Multiplatform,N/A,False
Left Alive,Square Enix,Square Enix,Standalone,Shooter,,Unknown,PS4,PlayStation,Home Console,2019.0,NA,,,38.0,,Multiplatform,N/A,False
Left Alive,Square Enix,Square Enix,Standalone,Shooter,,Unknown,PS4,PlayStation,Home Console,2019.0,Other,,,38.0,,Multiplatform,N/A,False
Left Alive,Square Enix,Square Enix,Standalone,Shooter,,Unknown,PS4,PlayStation,Home Console,2019.0,PAL,,,38.0,,Multiplatform,N/A,False
,Square Enix,"July 27, 2021",Standalone,,,,Neo: The World Ends with You,,,,,,,74.0,,Timed Exclusive,,False
Legend of Mana,Squaresoft,SquareSoft,Mana,Role-Playing,Turn-Based RPG,2D,PS1,PlayStation,Home Console,2000.0,JP,,,78.0,,Timed Exclusive,N/A,False
Legend of Mana,Squaresoft,SquareSoft,Mana,Role-Playing,Turn-Based RPG,2D,PS1,PlayStation,Home Console,2000.0,NA,,,78.0,,Timed Exclusive,N/A,False
Legend of Mana,Squaresoft,SquareSoft,Mana,Role-Playing,Turn-Based RPG,2D,PS1,PlayStation,Home Console,2000.0,Other,,,78.0,,Timed Exclusive,N/A,False
Legend of Mana,Squaresoft,SquareSoft,Mana,Role-Playing,Turn-Based RPG,2D,PS1,PlayStation,Home Console,2000.0,PAL,,,78.0,,Timed Exclusive,N/A,False
,Square Enix,"June 24, 2021",Standalone,,,,PS4,,,,,,,74.0,,Timed Exclusive,,False
,Square Enix,"June 24, 2021",Standalone,,,,SaGa Frontier Remastered,,,,,,,74.0,,Timed Exclusive,,False
Legend of Mana,Square Enix,Square Enix,Mana,Role-Playing,Turn-Based RPG,2D,Switch,Nintendo,Home Console,2021.0,JP,,,74.0,,Timed Exclusive,Post-Merger,False
Legend of Mana,Square Enix,Square Enix,Mana,Role-Playing,Turn-Based RPG,2D,Switch,Nintendo,Home Console,2021.0,NA,,,74.0,,Timed Exclusive,Post-Merger,False
Legend of Mana,Square Enix,Square Enix,Mana,Role-Playing,Turn-Based RPG,2D,Switch,Nintendo,Home Console,2021.0,Other,,,74.0,,Timed Exclusive,Post-Merger,False
Legend of Mana,Square Enix,Square Enix,Mana,Role-Playing,Turn-Based RPG,2D,Switch,Nintendo,Home Console,2021.0,PAL,,,74.0,,Timed Exclusive,Post-Merger,False
,Square Enix,"June 24, 2021",Standalone,,,,Xbox Series X/S,,,,,,,74.0,,Timed Exclusive,,False
Legend of Mulan,Enix,Phoenix Games,Standalone,Action,,Unknown,PS1,PlayStation,Home Console,2003.0,JP,,,74.0,,Exclusive,N/A,False
Legend of Mulan,Enix,Phoenix Games,Standalone,Action,,Unknown,PS1,PlayStation,Home Console,2003.0,NA,,,74.0,,Exclusive,N/A,False
Legend of Mulan,Enix,Phoenix Games,Standalone,Action,,Unknown,PS1,PlayStation,Home Console,2003.0,Other,,,74.0,,Exclusive,N/A,False
Legend of Mulan,Enix,Phoenix Games,Standalone,Action,,Unknown,PS1,PlayStation,Home Console,2003.0,PAL,,,74.0,,Exclusive,N/A,False
Legend of the Holy Sword: Rise of Mana,Square Enix,Unknown,Standalone,Misc,,Unknown,And,Other,Other,2015.0,JP,,,,,Exclusive,N/A,False
Legend of the Holy Sword: Rise of Mana,Square Enix,Unknown,Standalone,Misc,,Unknown,And,Other,Other,2015.0,NA,,,,,Exclusive,N/A,False
Legend of the Holy Sword: Rise of Mana,Square Enix,Unknown,Standalone,Misc,,Unknown,And,Other,Other,2015.0,Other,,,,,Exclusive,N/A,False
Legend of the Holy Sword: Rise of Mana,Square Enix,Unknown,Standalone,Misc,,Unknown,And,Other,Other,2015.0,PAL,,,,,Exclusive,N/A,False
Life is Strange,Square Enix,DONTNOD Entertainment,Life Is Strange,Adventure,Graphic Adventure / Narrative Choice,Unknown,All,Other,Other,2015.0,JP,,,81.0,,Multiplatform,N/A,False
Life is Strange,Square Enix,DONTNOD Entertainment,Life Is Strange,Adventure,Graphic Adventure / Narrative Choice,Unknown,All,Other,Other,2015.0,NA,,,81.0,,Multiplatform,N/A,False
Life is Strange,Square Enix,DONTNOD Entertainment,Life Is Strange,Adventure,Graphic Adventure / Narrative Choice,Unknown,All,Other,Other,2015.0,Other,,,81.0,,Multiplatform,N/A,False
Life is Strange,Square Enix,DONTNOD Entertainment,Life Is Strange,Adventure,Graphic Adventure / Narrative Choice,Unknown,All,Other,Other,2015.0,PAL,,,81.0,,Multiplatform,N/A,False
Life Is Strange,Square Enix,Square Enix,Life Is Strange,Adventure,Graphic Adventure / Narrative Choice,Unknown,Mobile,Mobile,Mobile,2017.0,JP,,,81.0,,Multiplatform,N/A,False
Life Is Strange,Square Enix,Square Enix,Life Is Strange,Adventure,Graphic Adventure / Narrative Choice,Unknown,Mobile,Mobile,Mobile,2017.0,NA,,,81.0,,Multiplatform,N/A,False
Life Is Strange,Square Enix,Square Enix,Life Is Strange,Adventure,Graphic Adventure / Narrative Choice,Unknown,Mobile,Mobile,Mobile,2017.0,Other,,,81.0,,Multiplatform,N/A,False
Life Is Strange,Square Enix,Square Enix,Life Is Strange,Adventure,Graphic Adventure / Narrative Choice,Unknown,Mobile,Mobile,Mobile,2017.0,PAL,,,81.0,,Multiplatform,N/A,False
Life is Strange,Square Enix,DONTNOD Entertainment,Life Is Strange,Adventure,Graphic Adventure / Narrative Choice,Unknown,PC,PC,PC,2016.0,JP,,,81.0,,Multiplatform,N/A,False
Life is Strange,Square Enix,DONTNOD Entertainment,Life Is Strange,Adventure,Graphic Adventure / Narrative Choice,Unknown,PC,PC,PC,2016.0,NA,0.01,,81.0,,Multiplatform,N/A,False
Life is Strange,Square Enix,DONTNOD Entertainment,Life Is Strange,Adventure,Graphic Adventure / Narrative Choice,Unknown,PC,PC,PC,2016.0,Other,0.0,,81.0,,Multiplatform,N/A,False
Life is Strange,Square Enix,DONTNOD Entertainment,Life Is Strange,Adventure,Graphic Adventure / Narrative Choice,Unknown,PC,PC,PC,2016.0,PAL,0.04,,81.0,,Multiplatform,N/A,False
Life is Strange,Square Enix,DONTNOD Entertainment,Life Is Strange,Adventure,Graphic Adventure / Narrative Choice,Unknown,PS3,PlayStation,Home Console,2015.0,JP,,,81.0,,Multiplatform,N/A,False
Life is Strange,Square Enix,DONTNOD Entertainment,Life Is Strange,Adventure,Graphic Adventure / Narrative Choice,Unknown,PS3,PlayStation,Home Console,2015.0,NA,,,81.0,,Multiplatform,N/A,False
Life is Strange,Square Enix,DONTNOD Entertainment,Life Is Strange,Adventure,Graphic Adventure / Narrative Choice,Unknown,PS3,PlayStation,Home Console,2015.0,Other,,,81.0,,Multiplatform,N/A,False
Life is Strange,Square Enix,DONTNOD Entertainment,Life Is Strange,Adventure,Graphic Adventure / Narrative Choice,Unknown,PS3,PlayStation,Home Console,2015.0,PAL,,,81.0,,Multiplatform,N/A,False
Life is Strange,Square Enix,DONTNOD Entertainment,Life Is Strange,Adventure,Graphic Adventure / Narrative Choice,Unknown,PS4,PlayStation,Home Console,2016.0,JP,0.05,,81.0,,Multiplatform,N/A,False
Life is Strange,Square Enix,DONTNOD Entertainment,Life Is Strange,Adventure,Graphic Adventure / Narrative Choice,Unknown,PS4,PlayStation,Home Console,2016.0,NA,0.11,,81.0,,Multiplatform,N/A,False
Life is Strange,Square Enix,DONTNOD Entertainment,Life Is Strange,Adventure,Graphic Adventure / Narrative Choice,Unknown,PS4,PlayStation,Home Console,2016.0,Other,0.05,,81.0,,Multiplatform,N/A,False
Life is Strange,Square Enix,DONTNOD Entertainment,Life Is Strange,Adventure,Graphic Adventure / Narrative Choice,Unknown,PS4,PlayStation,Home Console,2016.0,PAL,0.16,,81.0,,Multiplatform,N/A,False
Life is Strange,Square Enix,DONTNOD Entertainment,Life Is Strange,Adventure,Graphic Adventure / Narrative Choice,Unknown,Xbox 360,Microsoft,Home Console,2015.0,JP,,,81.0,,Multiplatform,N/A,False
Life is Strange,Square Enix,DONTNOD Entertainment,Life Is Strange,Adventure,Graphic Adventure / Narrative Choice,Unknown,Xbox 360,Microsoft,Home Console,2015.0,NA,,,81.0,,Multiplatform,N/A,False
Life is Strange,Square Enix,DONTNOD Entertainment,Life Is Strange,Adventure,Graphic Adventure / Narrative Choice,Unknown,Xbox 360,Microsoft,Home Console,2015.0,Other,,,81.0,,Multiplatform,N/A,False
Life is Strange,Square Enix,DONTNOD Entertainment,Life Is Strange,Adventure,Graphic Adventure / Narrative Choice,Unknown,Xbox 360,Microsoft,Home Console,2015.0,PAL,,,81.0,,Multiplatform,N/A,False
Life is Strange,Square Enix,DONTNOD Entertainment,Life Is Strange,Adventure,Graphic Adventure / Narrative Choice,Unknown,Xbox One,Microsoft,Home Console,2016.0,JP,,,81.0,,Multiplatform,N/A,False
Life is Strange,Square Enix,DONTNOD Entertainment,Life Is Strange,Adventure,Graphic Adventure / Narrative Choice,Unknown,Xbox One,Microsoft,Home Console,2016.0,NA,0.08,,81.0,,Multiplatform,N/A,False
Life is Strange,Square Enix,DONTNOD Entertainment,Life Is Strange,Adventure,Graphic Adventure / Narrative Choice,Unknown,Xbox One,Microsoft,Home Console,2016.0,Other,0.01,,81.0,,Multiplatform,N/A,False
Life is Strange,Square Enix,DONTNOD Entertainment,Life Is Strange,Adventure,Graphic Adventure / Narrative Choice,Unknown,Xbox One,Microsoft,Home Console,2016.0,PAL,0.03,,81.0,,Multiplatform,N/A,False
Life is Strange 2,Square Enix,Dotnod Entertainment,Life Is Strange,Adventure,Graphic Adventure / Narrative Choice,Unknown,PC,PC,PC,2018.0,JP,,,79.0,,Multiplatform,N/A,False
Life is Strange 2,Square Enix,Dotnod Entertainment,Life Is Strange,Adventure,Graphic Adventure / Narrative Choice,Unknown,PC,PC,PC,2018.0,NA,,,79.0,,Multiplatform,N/A,False
Life is Strange 2,Square Enix,Dotnod Entertainment,Life Is Strange,Adventure,Graphic Adventure / Narrative Choice,Unknown,PC,PC,PC,2018.0,Other,,,79.0,,Multiplatform,N/A,False
Life is Strange 2,Square Enix,Dotnod Entertainment,Life Is Strange,Adventure,Graphic Adventure / Narrative Choice,Unknown,PC,PC,PC,2018.0,PAL,,,79.0,,Multiplatform,N/A,False
Life is Strange 2,Square Enix,Dotnod Entertainment,Life Is Strange,Adventure,Graphic Adventure / Narrative Choice,Unknown,PS4,PlayStation,Home Console,2018.0,JP,,,79.0,,Multiplatform,N/A,False
Life is Strange 2,Square Enix,Dotnod Entertainment,Life Is Strange,Adventure,Graphic Adventure / Narrative Choice,Unknown,PS4,PlayStation,Home Console,2018.0,NA,,,79.0,,Multiplatform,N/A,False
Life is Strange 2,Square Enix,Dotnod Entertainment,Life Is Strange,Adventure,Graphic Adventure / Narrative Choice,Unknown,PS4,PlayStation,Home Console,2018.0,Other,,,79.0,,Multiplatform,N/A,False
Life is Strange 2,Square Enix,Dotnod Entertainment,Life Is Strange,Adventure,Graphic Adventure / Narrative Choice,Unknown,PS4,PlayStation,Home Console,2018.0,PAL,,,79.0,,Multiplatform,N/A,False
Life is Strange 2,Square Enix,Dotnod Entertainment,Life Is Strange,Adventure,Graphic Adventure / Narrative Choice,Unknown,Xbox One,Microsoft,Home Console,2018.0,JP,,,79.0,,Multiplatform,N/A,False
Life is Strange 2,Square Enix,Dotnod Entertainment,Life Is Strange,Adventure,Graphic Adventure / Narrative Choice,Unknown,Xbox One,Microsoft,Home Console,2018.0,NA,,,79.0,,Multiplatform,N/A,False
Life is Strange 2,Square Enix,Dotnod Entertainment,Life Is Strange,Adventure,Graphic Adventure / Narrative Choice,Unknown,Xbox One,Microsoft,Home Console,2018.0,Other,,,79.0,,Multiplatform,N/A,False
Life is Strange 2,Square Enix,Dotnod Entertainment,Life Is Strange,Adventure,Graphic Adventure / Narrative Choice,Unknown,Xbox One,Microsoft,Home Console,2018.0,PAL,,,79.0,,Multiplatform,N/A,False
Life Is Strange: Before the Storm,Square Enix,Deck Nine,Life Is Strange,Adventure,Graphic Adventure / Narrative Choice,Unknown,PC,PC,PC,2017.0,JP,,,80.0,,Timed Exclusive,N/A,False
Life Is Strange: Before the Storm,Square Enix,Deck Nine,Life Is Strange,Adventure,Graphic Adventure / Narrative Choice,Unknown,PC,PC,PC,2017.0,NA,,,80.0,,Timed Exclusive,N/A,False
Life Is Strange: Before the Storm,Square Enix,Deck Nine,Life Is Strange,Adventure,Graphic Adventure / Narrative Choice,Unknown,PC,PC,PC,2017.0,Other,,,80.0,,Timed Exclusive,N/A,False
Life Is Strange: Before the Storm,Square Enix,Deck Nine,Life Is Strange,Adventure,Graphic Adventure / Narrative Choice,Unknown,PC,PC,PC,2017.0,PAL,,,80.0,,Timed Exclusive,N/A,False
Life Is Strange: Before the Storm,Square Enix,Deck Nine,Life Is Strange,Adventure,Graphic Adventure / Narrative Choice,Unknown,PS4,PlayStation,Home Console,2018.0,JP,0.02,,75.0,,Timed Exclusive,N/A,False
Life Is Strange: Before the Storm,Square Enix,Deck Nine,Life Is Strange,Adventure,Graphic Adventure / Narrative Choice,Unknown,PS4,PlayStation,Home Console,2018.0,NA,0.11,,75.0,,Timed Exclusive,N/A,False
Life Is Strange: Before the Storm,Square Enix,Deck Nine,Life Is Strange,Adventure,Graphic Adventure / Narrative Choice,Unknown,PS4,PlayStation,Home Console,2018.0,Other,0.03,,75.0,,Timed Exclusive,N/A,False
Life Is Strange: Before the Storm,Square Enix,Deck Nine,Life Is Strange,Adventure,Graphic Adventure / Narrative Choice,Unknown,PS4,PlayStation,Home Console,2018.0,PAL,0.06,,75.0,,Timed Exclusive,N/A,False
Life Is Strange: Before the Storm,Square Enix,Deck Nine,Life Is Strange,Adventure,Graphic Adventure / Narrative Choice,Unknown,Xbox One,Microsoft,Home Console,2018.0,JP,,,80.0,,Timed Exclusive,N/A,False
Life Is Strange: Before the Storm,Square Enix,Deck Nine,Life Is Strange,Adventure,Graphic Adventure / Narrative Choice,Unknown,Xbox One,Microsoft,Home Console,2018.0,NA,0.07,,80.0,,Timed Exclusive,N/A,False
Life Is Strange: Before the Storm,Square Enix,Deck Nine,Life Is Strange,Adventure,Graphic Adventure / Narrative Choice,Unknown,Xbox One,Microsoft,Home Console,2018.0,Other,0.01,,80.0,,Timed Exclusive,N/A,False
Life Is Strange: Before the Storm,Square Enix,Deck Nine,Life Is Strange,Adventure,Graphic Adventure / Narrative Choice,Unknown,Xbox One,Microsoft,Home Console,2018.0,PAL,0.0,,80.0,,Timed Exclusive,N/A,False
Lightning Returns: Final Fantasy XIII,Square Enix,Square Enix,Final Fantasy,Action RPG,Turn-Based RPG,Unknown,PC,PC,PC,2015.0,JP,,,60.0,,Multiplatform,N/A,False
Lightning Returns: Final Fantasy XIII,Square Enix,Square Enix,Final Fantasy,Action RPG,Turn-Based RPG,Unknown,PC,PC,PC,2015.0,NA,,,60.0,,Multiplatform,N/A,False
Lightning Returns: Final Fantasy XIII,Square Enix,Square Enix,Final Fantasy,Action RPG,Turn-Based RPG,Unknown,PC,PC,PC,2015.0,Other,,,60.0,,Multiplatform,N/A,False
Lightning Returns: Final Fantasy XIII,Square Enix,Square Enix,Final Fantasy,Action RPG,Turn-Based RPG,Unknown,PC,PC,PC,2015.0,PAL,,,60.0,,Multiplatform,N/A,False
Lightning Returns: Final Fantasy XIII,Square Enix,Unknown,Final Fantasy,Action RPG,Turn-Based RPG,Unknown,PS3,PlayStation,Home Console,2014.0,JP,0.45,,71.0,,Multiplatform,N/A,False
Lightning Returns: Final Fantasy XIII,Square Enix,Unknown,Final Fantasy,Action RPG,Turn-Based RPG,Unknown,PS3,PlayStation,Home Console,2014.0,NA,0.31,,71.0,,Multiplatform,N/A,False
Lightning Returns: Final Fantasy XIII,Square Enix,Unknown,Final Fantasy,Action RPG,Turn-Based RPG,Unknown,PS3,PlayStation,Home Console,2014.0,Other,0.11,,71.0,,Multiplatform,N/A,False
Lightning Returns: Final Fantasy XIII,Square Enix,Unknown,Final Fantasy,Action RPG,Turn-Based RPG,Unknown,PS3,PlayStation,Home Console,2014.0,PAL,0.22,,71.0,,Multiplatform,N/A,False
Lightning Returns: Final Fantasy XIII,Square Enix,Unknown,Final Fantasy,Action RPG,Turn-Based RPG,Unknown,Xbox 360,Microsoft,Home Console,2014.0,JP,0.01,,64.0,,Multiplatform,N/A,False
Lightning Returns: Final Fantasy XIII,Square Enix,Unknown,Final Fantasy,Action RPG,Turn-Based RPG,Unknown,Xbox 360,Microsoft,Home Console,2014.0,NA,0.15,,64.0,,Multiplatform,N/A,False
Lightning Returns: Final Fantasy XIII,Square Enix,Unknown,Final Fantasy,Action RPG,Turn-Based RPG,Unknown,Xbox 360,Microsoft,Home Console,2014.0,Other,0.02,,64.0,,Multiplatform,N/A,False
Lightning Returns: Final Fantasy XIII,Square Enix,Unknown,Final Fantasy,Action RPG,Turn-Based RPG,Unknown,Xbox 360,Microsoft,Home Console,2014.0,PAL,0.08,,64.0,,Multiplatform,N/A,False
Lion and the King 2,Enix,The Code Monkeys,Standalone,Misc,,Unknown,PS1,PlayStation,Home Console,2003.0,JP,,,,,Exclusive,N/A,False
Lion and the King 2,Enix,The Code Monkeys,Standalone,Misc,,Unknown,PS1,PlayStation,Home Console,2003.0,NA,,,,,Exclusive,N/A,False
Lion and the King 2,Enix,The Code Monkeys,Standalone,Misc,,Unknown,PS1,PlayStation,Home Console,2003.0,Other,,,,,Exclusive,N/A,False
Lion and the King 2,Enix,The Code Monkeys,Standalone,Misc,,Unknown,PS1,PlayStation,Home Console,2003.0,PAL,,,,,Exclusive,N/A,False
Live A Live,Squaresoft,SquareSoft,Standalone,Role-Playing,,2D,SNES,Nintendo,Home Console,1994.0,JP,0.32,,81.0,,Exclusive,Pre-Split,True
Live A Live,Squaresoft,SquareSoft,Standalone,Role-Playing,,2D,SNES,Nintendo,Home Console,1994.0,NA,,,81.0,,Exclusive,Pre-Split,True
Live A Live,Squaresoft,SquareSoft,Standalone,Role-Playing,,2D,SNES,Nintendo,Home Console,1994.0,Other,,,81.0,,Exclusive,Pre-Split,True
Live A Live,Squaresoft,SquareSoft,Standalone,Role-Playing,,2D,SNES,Nintendo,Home Console,1994.0,PAL,,,81.0,,Exclusive,Pre-Split,True
,Square Enix,Access Games,Standalone,,,,PS Vita,,,,,,,,,Multiplatform,,False
Lord of Apocalypse,Square Enix,Access Games,Standalone,Role-Playing,,Unknown,PSP,PlayStation,Handheld,2011.0,JP,0.1,,,,Multiplatform,N/A,True
Lord of Apocalypse,Square Enix,Access Games,Standalone,Role-Playing,,Unknown,PSP,PlayStation,Handheld,2011.0,NA,,,,,Multiplatform,N/A,True
Lord of Apocalypse,Square Enix,Access Games,Standalone,Role-Playing,,Unknown,PSP,PlayStation,Handheld,2011.0,Other,,,,,Multiplatform,N/A,True
Lord of Apocalypse,Square Enix,Access Games,Standalone,Role-Playing,,Unknown,PSP,PlayStation,Handheld,2011.0,PAL,,,,,Multiplatform,N/A,True
Lord of Apocalypse,Square Enix,Access Games,Standalone,Role-Playing,,Unknown,PSV,Other,Other,2011.0,JP,0.1,,,,Multiplatform,N/A,True
Lord of Apocalypse,Square Enix,Access Games,Standalone,Role-Playing,,Unknown,PSV,Other,Other,2011.0,NA,,,,,Multiplatform,N/A,True
Lord of Apocalypse,Square Enix,Access Games,Standalone,Role-Playing,,Unknown,PSV,Other,Other,2011.0,Other,,,,,Multiplatform,N/A,True
Lord of Apocalypse,Square Enix,Access Games,Standalone,Role-Playing,,Unknown,PSV,Other,Other,2011.0,PAL,,,,,Multiplatform,N/A,True
,Square Enix,Access Games,Standalone,,,,Scarygirl,,,,,,,,,Multiplatform,,False
Lord of Arcana,Square Enix,Square Enix,Standalone,Role-Playing,,Unknown,PSN,Other,Other,2011.0,JP,,,51.0,,Multiplatform,N/A,False
Lord of Arcana,Square Enix,Square Enix,Standalone,Role-Playing,,Unknown,PSN,Other,Other,2011.0,NA,,,51.0,,Multiplatform,N/A,False
Lord of Arcana,Square Enix,Square Enix,Standalone,Role-Playing,,Unknown,PSN,Other,Other,2011.0,Other,,,51.0,,Multiplatform,N/A,False
Lord of Arcana,Square Enix,Square Enix,Standalone,Role-Playing,,Unknown,PSN,Other,Other,2011.0,PAL,,,51.0,,Multiplatform,N/A,False
Lord of Arcana,Square Enix,Square Enix,Standalone,Role-Playing,,Unknown,PSP,PlayStation,Handheld,2011.0,JP,0.17,,47.0,,Multiplatform,N/A,False
Lord of Arcana,Square Enix,Square Enix,Standalone,Role-Playing,,Unknown,PSP,PlayStation,Handheld,2011.0,NA,0.08,,47.0,,Multiplatform,N/A,False
Lord of Arcana,Square Enix,Square Enix,Standalone,Role-Playing,,Unknown,PSP,PlayStation,Handheld,2011.0,Other,0.04,,47.0,,Multiplatform,N/A,False
Lord of Arcana,Square Enix,Square Enix,Standalone,Role-Playing,,Unknown,PSP,PlayStation,Handheld,2011.0,PAL,0.05,,47.0,,Multiplatform,N/A,False
,Square Enix,Think Garage,Standalone,,,,Arcade,,,,,,,,,Multiplatform,,False
,Square Enix,Square Enix,Standalone,,,,Arcade,,,,,,,,,Multiplatform,,False
,Square Enix,Think Garage,Standalone,,,,Arcade,,,,,,,,,Multiplatform,,False
Lost Civilization,Square Enix,Unknown,Standalone,Misc,,Unknown,PC,PC,PC,2014.0,JP,,,,,Exclusive,N/A,False
Lost Civilization,Square Enix,Unknown,Standalone,Misc,,Unknown,PC,PC,PC,2014.0,NA,,,,,Exclusive,N/A,False
Lost Civilization,Square Enix,Unknown,Standalone,Misc,,Unknown,PC,PC,PC,2014.0,Other,,,,,Exclusive,N/A,False
Lost Civilization,Square Enix,Unknown,Standalone,Misc,,Unknown,PC,PC,PC,2014.0,PAL,,,,,Exclusive,N/A,False
Lost Sphear,Square Enix,Tokyo RPG Factory,Standalone,Role-Playing,,Unknown,PC,PC,PC,2018.0,JP,,,70.0,,Multiplatform,N/A,False
Lost Sphear,Square Enix,Tokyo RPG Factory,Standalone,Role-Playing,,Unknown,PC,PC,PC,2018.0,NA,,,70.0,,Multiplatform,N/A,False
Lost Sphear,Square Enix,Tokyo RPG Factory,Standalone,Role-Playing,,Unknown,PC,PC,PC,2018.0,Other,,,70.0,,Multiplatform,N/A,False
Lost Sphear,Square Enix,Tokyo RPG Factory,Standalone,Role-Playing,,Unknown,PC,PC,PC,2018.0,PAL,,,70.0,,Multiplatform,N/A,False
Lost Sphear,Square Enix,Tokyo RPG Factory,Standalone,Role-Playing,,Unknown,PS4,PlayStation,Home Console,2018.0,JP,0.02,,60.0,,Multiplatform,N/A,False
Lost Sphear,Square Enix,Tokyo RPG Factory,Standalone,Role-Playing,,Unknown,PS4,PlayStation,Home Console,2018.0,NA,,,60.0,,Multiplatform,N/A,False
Lost Sphear,Square Enix,Tokyo RPG Factory,Standalone,Role-Playing,,Unknown,PS4,PlayStation,Home Console,2018.0,Other,,,60.0,,Multiplatform,N/A,False
Lost Sphear,Square Enix,Tokyo RPG Factory,Standalone,Role-Playing,,Unknown,PS4,PlayStation,Home Console,2018.0,PAL,,,60.0,,Multiplatform,N/A,False
Lost Sphear,Square Enix,Tokyo RPG Factory,Standalone,Role-Playing,,Unknown,Switch,Nintendo,Home Console,2018.0,JP,0.02,,65.0,,Multiplatform,Post-Merger,False
Lost Sphear,Square Enix,Tokyo RPG Factory,Standalone,Role-Playing,,Unknown,Switch,Nintendo,Home Console,2018.0,NA,,,65.0,,Multiplatform,Post-Merger,False
Lost Sphear,Square Enix,Tokyo RPG Factory,Standalone,Role-Playing,,Unknown,Switch,Nintendo,Home Console,2018.0,Other,0.0,,65.0,,Multiplatform,Post-Merger,False
Lost Sphear,Square Enix,Tokyo RPG Factory,Standalone,Role-Playing,,Unknown,Switch,Nintendo,Home Console,2018.0,PAL,0.02,,65.0,,Multiplatform,Post-Merger,False
,Square Enix,Frontier Developments,Standalone,,,,Wii,,,,,,,,,Multiplatform,,False
,Square Enix,Neverland,Standalone,,,,DS,,,,,,,,,Multiplatform,,False
Mahoujin GuruGuru,Enix,Enix Corporation,Standalone,Role-Playing,,Unknown,SNES,Nintendo,Home Console,1995.0,JP,,,,,Exclusive,Pre-Split,False
Mahoujin GuruGuru,Enix,Enix Corporation,Standalone,Role-Playing,,Unknown,SNES,Nintendo,Home Console,1995.0,NA,,,,,Exclusive,Pre-Split,False
Mahoujin GuruGuru,Enix,Enix Corporation,Standalone,Role-Playing,,Unknown,SNES,Nintendo,Home Console,1995.0,Other,,,,,Exclusive,Pre-Split,False
Mahoujin GuruGuru,Enix,Enix Corporation,Standalone,Role-Playing,,Unknown,SNES,Nintendo,Home Console,1995.0,PAL,,,,,Exclusive,Pre-Split,False
Mahoujin GuruGuru 2,Enix,Enix Corporation,Standalone,Role-Playing,,Unknown,SNES,Nintendo,Home Console,1996.0,JP,,,,,Exclusive,Pre-Split,False
Mahoujin GuruGuru 2,Enix,Enix Corporation,Standalone,Role-Playing,,Unknown,SNES,Nintendo,Home Console,1996.0,NA,,,,,Exclusive,Pre-Split,False
Mahoujin GuruGuru 2,Enix,Enix Corporation,Standalone,Role-Playing,,Unknown,SNES,Nintendo,Home Console,1996.0,Other,,,,,Exclusive,Pre-Split,False
Mahoujin GuruGuru 2,Enix,Enix Corporation,Standalone,Role-Playing,,Unknown,SNES,Nintendo,Home Console,1996.0,PAL,,,,,Exclusive,Pre-Split,False
Maji de Manabu: LEC de Ukaru - DS Hishou Boki 3-Kyuu,Square Enix,Square Enix,Standalone,Misc,,Unknown,DS,Nintendo,Handheld,2008.0,JP,0.02,,,,Exclusive,Post-Merger,True
Maji de Manabu: LEC de Ukaru - DS Hishou Boki 3-Kyuu,Square Enix,Square Enix,Standalone,Misc,,Unknown,DS,Nintendo,Handheld,2008.0,NA,,,,,Exclusive,Post-Merger,True
Maji de Manabu: LEC de Ukaru - DS Hishou Boki 3-Kyuu,Square Enix,Square Enix,Standalone,Misc,,Unknown,DS,Nintendo,Handheld,2008.0,Other,,,,,Exclusive,Post-Merger,True
Maji de Manabu: LEC de Ukaru - DS Hishou Boki 3-Kyuu,Square Enix,Square Enix,Standalone,Misc,,Unknown,DS,Nintendo,Handheld,2008.0,PAL,,,,,Exclusive,Post-Merger,True
,Square Enix,NanaOn-Sha,Standalone,,,,Wii,,,,,,,,,Multiplatform,,False
Makai Toushi SaGa,Squaresoft,Aspect,SaGa,Role-Playing,Turn-Based RPG,Unknown,WS,Other,Other,2002.0,JP,,,,,Exclusive,N/A,False
Makai Toushi SaGa,Squaresoft,Aspect,SaGa,Role-Playing,Turn-Based RPG,Unknown,WS,Other,Other,2002.0,NA,,,,,Exclusive,N/A,False
Makai Toushi SaGa,Squaresoft,Aspect,SaGa,Role-Playing,Turn-Based RPG,Unknown,WS,Other,Other,2002.0,Other,,,,,Exclusive,N/A,False
Makai Toushi SaGa,Squaresoft,Aspect,SaGa,Role-Playing,Turn-Based RPG,Unknown,WS,Other,Other,2002.0,PAL,,,,,Exclusive,N/A,False
Mana,Squaresoft,Square,Standalone,Role-Playing,,Unknown,Series,Other,Other,1991.0,JP,,,68.0,,Exclusive,N/A,False
Mana,Squaresoft,Square,Standalone,Role-Playing,,Unknown,Series,Other,Other,1991.0,NA,,,68.0,,Exclusive,N/A,False
Mana,Squaresoft,Square,Standalone,Role-Playing,,Unknown,Series,Other,Other,1991.0,Other,,,68.0,,Exclusive,N/A,False
Mana,Squaresoft,Square,Standalone,Role-Playing,,Unknown,Series,Other,Other,1991.0,PAL,,,68.0,,Exclusive,N/A,False
Marble Chaos,Square Enix,Phoenix Games,Standalone,Puzzle,,Unknown,PS2,PlayStation,Home Console,2007.0,JP,,,,,Exclusive,N/A,False
Marble Chaos,Square Enix,Phoenix Games,Standalone,Puzzle,,Unknown,PS2,PlayStation,Home Console,2007.0,NA,,,,,Exclusive,N/A,False
Marble Chaos,Square Enix,Phoenix Games,Standalone,Puzzle,,Unknown,PS2,PlayStation,Home Console,2007.0,Other,,,,,Exclusive,N/A,False
Marble Chaos,Square Enix,Phoenix Games,Standalone,Puzzle,,Unknown,PS2,PlayStation,Home Console,2007.0,PAL,,,,,Exclusive,N/A,False
,Square Enix,Square Enix,Standalone,,,,DS,,,,,,,,,Multiplatform,,False
,Square Enix,Square Enix,Standalone,,,,Wii,,,,,,,,,Multiplatform,,False
Marvel's Avengers,Square Enix,Crystal Dynamics,Marvel,Action,Brawler / Third-Person Action,3D,PC,PC,PC,2020.0,JP,,,68.0,,Multiplatform,N/A,False
Marvel's Avengers,Square Enix,Crystal Dynamics,Marvel,Action,Brawler / Third-Person Action,3D,PC,PC,PC,2020.0,NA,,,68.0,,Multiplatform,N/A,False
Marvel's Avengers,Square Enix,Crystal Dynamics,Marvel,Action,Brawler / Third-Person Action,3D,PC,PC,PC,2020.0,Other,,,68.0,,Multiplatform,N/A,False
Marvel's Avengers,Square Enix,Crystal Dynamics,Marvel,Action,Brawler / Third-Person Action,3D,PC,PC,PC,2020.0,PAL,,,68.0,,Multiplatform,N/A,False
Marvel's Avengers,Square Enix,Crystal Dynamics,Marvel,Action,Brawler / Third-Person Action,3D,PS4,PlayStation,Home Console,2020.0,JP,,,68.0,,Multiplatform,N/A,False
Marvel's Avengers,Square Enix,Crystal Dynamics,Marvel,Action,Brawler / Third-Person Action,3D,PS4,PlayStation,Home Console,2020.0,NA,,,68.0,,Multiplatform,N/A,False
Marvel's Avengers,Square Enix,Crystal Dynamics,Marvel,Action,Brawler / Third-Person Action,3D,PS4,PlayStation,Home Console,2020.0,Other,,,68.0,,Multiplatform,N/A,False
Marvel's Avengers,Square Enix,Crystal Dynamics,Marvel,Action,Brawler / Third-Person Action,3D,PS4,PlayStation,Home Console,2020.0,PAL,,,68.0,,Multiplatform,N/A,False
Marvel's Avengers,Square Enix,Crystal Dynamics,Marvel,Action,Brawler / Third-Person Action,3D,PS5,PlayStation,Home Console,2020.0,JP,,,68.0,,Multiplatform,N/A,False
Marvel's Avengers,Square Enix,Crystal Dynamics,Marvel,Action,Brawler / Third-Person Action,3D,PS5,PlayStation,Home Console,2020.0,NA,,,68.0,,Multiplatform,N/A,False
Marvel's Avengers,Square Enix,Crystal Dynamics,Marvel,Action,Brawler / Third-Person Action,3D,PS5,PlayStation,Home Console,2020.0,Other,,,68.0,,Multiplatform,N/A,False
Marvel's Avengers,Square Enix,Crystal Dynamics,Marvel,Action,Brawler / Third-Person Action,3D,PS5,PlayStation,Home Console,2020.0,PAL,,,68.0,,Multiplatform,N/A,False
Marvel's Avengers,Square Enix,Crystal Dynamics,Marvel,Action,Brawler / Third-Person Action,3D,XS,Other,Other,2020.0,JP,,,68.0,,Multiplatform,N/A,False
Marvel's Avengers,Square Enix,Crystal Dynamics,Marvel,Action,Brawler / Third-Person Action,3D,XS,Other,Other,2020.0,NA,,,68.0,,Multiplatform,N/A,False
Marvel's Avengers,Square Enix,Crystal Dynamics,Marvel,Action,Brawler / Third-Person Action,3D,XS,Other,Other,2020.0,Other,,,68.0,,Multiplatform,N/A,False
Marvel's Avengers,Square Enix,Crystal Dynamics,Marvel,Action,Brawler / Third-Person Action,3D,XS,Other,Other,2020.0,PAL,,,68.0,,Multiplatform,N/A,False
Marvel's Avengers,Square Enix,Crystal Dynamics,Marvel,Action,Brawler / Third-Person Action,3D,Xbox One,Microsoft,Home Console,2020.0,JP,,,68.0,,Multiplatform,N/A,False
Marvel's Avengers,Square Enix,Crystal Dynamics,Marvel,Action,Brawler / Third-Person Action,3D,Xbox One,Microsoft,Home Console,2020.0,NA,,,68.0,,Multiplatform,N/A,False
Marvel's Avengers,Square Enix,Crystal Dynamics,Marvel,Action,Brawler / Third-Person Action,3D,Xbox One,Microsoft,Home Console,2020.0,Other,,,68.0,,Multiplatform,N/A,False
Marvel's Avengers,Square Enix,Crystal Dynamics,Marvel,Action,Brawler / Third-Person Action,3D,Xbox One,Microsoft,Home Console,2020.0,PAL,,,68.0,,Multiplatform,N/A,False
Marvel's Guardians of the Galaxy,Square Enix,Eidos Montreal,Marvel,Action-Adventure,Brawler / Third-Person Action,Unknown,PC,PC,PC,2021.0,JP,,,71.0,,Multiplatform,N/A,False
Marvel's Guardians of the Galaxy,Square Enix,Eidos Montreal,Marvel,Action-Adventure,Brawler / Third-Person Action,Unknown,PC,PC,PC,2021.0,NA,,,71.0,,Multiplatform,N/A,False
Marvel's Guardians of the Galaxy,Square Enix,Eidos Montreal,Marvel,Action-Adventure,Brawler / Third-Person Action,Unknown,PC,PC,PC,2021.0,Other,,,71.0,,Multiplatform,N/A,False
Marvel's Guardians of the Galaxy,Square Enix,Eidos Montreal,Marvel,Action-Adventure,Brawler / Third-Person Action,Unknown,PC,PC,PC,2021.0,PAL,,,71.0,,Multiplatform,N/A,False
Marvel's Guardians of the Galaxy,Square Enix,Eidos Montreal,Marvel,Action-Adventure,Brawler / Third-Person Action,Unknown,PS4,PlayStation,Home Console,2021.0,JP,,,71.0,,Multiplatform,N/A,False
Marvel's Guardians of the Galaxy,Square Enix,Eidos Montreal,Marvel,Action-Adventure,Brawler / Third-Person Action,Unknown,PS4,PlayStation,Home Console,2021.0,NA,,,71.0,,Multiplatform,N/A,False
Marvel's Guardians of the Galaxy,Square Enix,Eidos Montreal,Marvel,Action-Adventure,Brawler / Third-Person Action,Unknown,PS4,PlayStation,Home Console,2021.0,Other,,,71.0,,Multiplatform,N/A,False
Marvel's Guardians of the Galaxy,Square Enix,Eidos Montreal,Marvel,Action-Adventure,Brawler / Third-Person Action,Unknown,PS4,PlayStation,Home Console,2021.0,PAL,,,71.0,,Multiplatform,N/A,False
Marvel's Guardians of the Galaxy,Square Enix,Eidos Montreal,Marvel,Action-Adventure,Brawler / Third-Person Action,Unknown,PS5,PlayStation,Home Console,2021.0,JP,,,71.0,,Multiplatform,N/A,False
Marvel's Guardians of the Galaxy,Square Enix,Eidos Montreal,Marvel,Action-Adventure,Brawler / Third-Person Action,Unknown,PS5,PlayStation,Home Console,2021.0,NA,,,71.0,,Multiplatform,N/A,False
Marvel's Guardians of the Galaxy,Square Enix,Eidos Montreal,Marvel,Action-Adventure,Brawler / Third-Person Action,Unknown,PS5,PlayStation,Home Console,2021.0,Other,,,71.0,,Multiplatform,N/A,False
Marvel's Guardians of the Galaxy,Square Enix,Eidos Montreal,Marvel,Action-Adventure,Brawler / Third-Person Action,Unknown,PS5,PlayStation,Home Console,2021.0,PAL,,,71.0,,Multiplatform,N/A,False
Marvel's Guardians of the Galaxy,Square Enix,Eidos Montreal,Marvel,Action-Adventure,Brawler / Third-Person Action,Unknown,Switch,Nintendo,Home Console,2021.0,JP,,,71.0,,Multiplatform,Post-Merger,False
Marvel's Guardians of the Galaxy,Square Enix,Eidos Montreal,Marvel,Action-Adventure,Brawler / Third-Person Action,Unknown,Switch,Nintendo,Home Console,2021.0,NA,,,71.0,,Multiplatform,Post-Merger,False
Marvel's Guardians of the Galaxy,Square Enix,Eidos Montreal,Marvel,Action-Adventure,Brawler / Third-Person Action,Unknown,Switch,Nintendo,Home Console,2021.0,Other,,,71.0,,Multiplatform,Post-Merger,False
Marvel's Guardians of the Galaxy,Square Enix,Eidos Montreal,Marvel,Action-Adventure,Brawler / Third-Person Action,Unknown,Switch,Nintendo,Home Console,2021.0,PAL,,,71.0,,Multiplatform,Post-Merger,False
Marvel's Guardians of the Galaxy,Square Enix,Eidos Montreal,Marvel,Action-Adventure,Brawler / Third-Person Action,Unknown,XS,Other,Other,2021.0,JP,,,71.0,,Multiplatform,N/A,False
Marvel's Guardians of the Galaxy,Square Enix,Eidos Montreal,Marvel,Action-Adventure,Brawler / Third-Person Action,Unknown,XS,Other,Other,2021.0,NA,,,71.0,,Multiplatform,N/A,False
Marvel's Guardians of the Galaxy,Square Enix,Eidos Montreal,Marvel,Action-Adventure,Brawler / Third-Person Action,Unknown,XS,Other,Other,2021.0,Other,,,71.0,,Multiplatform,N/A,False
Marvel's Guardians of the Galaxy,Square Enix,Eidos Montreal,Marvel,Action-Adventure,Brawler / Third-Person Action,Unknown,XS,Other,Other,2021.0,PAL,,,71.0,,Multiplatform,N/A,False
Marvel's Guardians of the Galaxy,Square Enix,Eidos Montreal,Marvel,Action-Adventure,Brawler / Third-Person Action,Unknown,Xbox One,Microsoft,Home Console,2021.0,JP,,,71.0,,Multiplatform,N/A,False
Marvel's Guardians of the Galaxy,Square Enix,Eidos Montreal,Marvel,Action-Adventure,Brawler / Third-Person Action,Unknown,Xbox One,Microsoft,Home Console,2021.0,NA,,,71.0,,Multiplatform,N/A,False
Marvel's Guardians of the Galaxy,Square Enix,Eidos Montreal,Marvel,Action-Adventure,Brawler / Third-Person Action,Unknown,Xbox One,Microsoft,Home Console,2021.0,Other,,,71.0,,Multiplatform,N/A,False
Marvel's Guardians of the Galaxy,Square Enix,Eidos Montreal,Marvel,Action-Adventure,Brawler / Third-Person Action,Unknown,Xbox One,Microsoft,Home Console,2021.0,PAL,,,71.0,,Multiplatform,N/A,False
Mevius Final Fantasy,Square Enix,Square Enix,Final Fantasy,Role-Playing,Turn-Based RPG,Unknown,And,Other,Other,2020.0,JP,,,,,Exclusive,N/A,False
Mevius Final Fantasy,Square Enix,Square Enix,Final Fantasy,Role-Playing,Turn-Based RPG,Unknown,And,Other,Other,2020.0,NA,,,,,Exclusive,N/A,False
Mevius Final Fantasy,Square Enix,Square Enix,Final Fantasy,Role-Playing,Turn-Based RPG,Unknown,And,Other,Other,2020.0,Other,,,,,Exclusive,N/A,False
Mevius Final Fantasy,Square Enix,Square Enix,Final Fantasy,Role-Playing,Turn-Based RPG,Unknown,And,Other,Other,2020.0,PAL,,,,,Exclusive,N/A,False
Mighty Mulan,Square Enix,The Code Monkeys,Standalone,Action,,Unknown,PS2,PlayStation,Home Console,2006.0,JP,,,,,Exclusive,N/A,False
Mighty Mulan,Square Enix,The Code Monkeys,Standalone,Action,,Unknown,PS2,PlayStation,Home Console,2006.0,NA,,,,,Exclusive,N/A,False
Mighty Mulan,Square Enix,The Code Monkeys,Standalone,Action,,Unknown,PS2,PlayStation,Home Console,2006.0,Other,,,,,Exclusive,N/A,False
Mighty Mulan,Square Enix,The Code Monkeys,Standalone,Action,,Unknown,PS2,PlayStation,Home Console,2006.0,PAL,,,,,Exclusive,N/A,False
Million Arthur: Arcana Blood,Square Enix,Square Enix,Standalone,Fighting,,Unknown,PS4,PlayStation,Home Console,2018.0,JP,0.01,,,,Exclusive,N/A,True
Million Arthur: Arcana Blood,Square Enix,Square Enix,Standalone,Fighting,,Unknown,PS4,PlayStation,Home Console,2018.0,NA,,,,,Exclusive,N/A,True
Million Arthur: Arcana Blood,Square Enix,Square Enix,Standalone,Fighting,,Unknown,PS4,PlayStation,Home Console,2018.0,Other,,,,,Exclusive,N/A,True
Million Arthur: Arcana Blood,Square Enix,Square Enix,Standalone,Fighting,,Unknown,PS4,PlayStation,Home Console,2018.0,PAL,,,,,Exclusive,N/A,True
,Square Enix,feelplus,Standalone,,,,Kingdom Hearts Birth by Sleep Final Mix,,,,,,,,,Multiplatform,,False
MindJack,Square Enix,FeelPlus,Standalone,Shooter,,Unknown,PS3,PlayStation,Home Console,2011.0,JP,,,46.0,,Multiplatform,N/A,False
MindJack,Square Enix,FeelPlus,Standalone,Shooter,,Unknown,PS3,PlayStation,Home Console,2011.0,NA,0.07,,46.0,,Multiplatform,N/A,False
MindJack,Square Enix,FeelPlus,Standalone,Shooter,,Unknown,PS3,PlayStation,Home Console,2011.0,Other,0.03,,46.0,,Multiplatform,N/A,False
MindJack,Square Enix,FeelPlus,Standalone,Shooter,,Unknown,PS3,PlayStation,Home Console,2011.0,PAL,0.08,,46.0,,Multiplatform,N/A,False
MindJack,Square Enix,FeelPlus,Standalone,Shooter,,Unknown,Xbox 360,Microsoft,Home Console,2011.0,JP,,,45.0,,Multiplatform,N/A,False
MindJack,Square Enix,FeelPlus,Standalone,Shooter,,Unknown,Xbox 360,Microsoft,Home Console,2011.0,NA,0.07,,45.0,,Multiplatform,N/A,False
MindJack,Square Enix,FeelPlus,Standalone,Shooter,,Unknown,Xbox 360,Microsoft,Home Console,2011.0,Other,0.01,,45.0,,Multiplatform,N/A,False
MindJack,Square Enix,FeelPlus,Standalone,Shooter,,Unknown,Xbox 360,Microsoft,Home Console,2011.0,PAL,0.02,,45.0,,Multiplatform,N/A,False
,Enix,Lindwurm,Standalone,,,,E-mail,,,,,,,,,Multiplatform,,False
Minna de Wai Wai! Spelunker,Square Enix,Square Enix,Standalone,Action,,Unknown,Switch,Nintendo,Home Console,2017.0,JP,0.04,,,,Exclusive,Post-Merger,True
Minna de Wai Wai! Spelunker,Square Enix,Square Enix,Standalone,Action,,Unknown,Switch,Nintendo,Home Console,2017.0,NA,,,,,Exclusive,Post-Merger,True
Minna de Wai Wai! Spelunker,Square Enix,Square Enix,Standalone,Action,,Unknown,Switch,Nintendo,Home Console,2017.0,Other,,,,,Exclusive,Post-Merger,True
Minna de Wai Wai! Spelunker,Square Enix,Square Enix,Standalone,Action,,Unknown,Switch,Nintendo,Home Console,2017.0,PAL,,,,,Exclusive,Post-Merger,True
,Enix,Treasure,Standalone,,,,N64,,,,,,,,,Multiplatform,,False
Mobius Final Fantasy,Square Enix,Square Enix,Final Fantasy,Role-Playing,Turn-Based RPG,Unknown,And,Other,Other,2016.0,JP,,,,,Timed Exclusive,N/A,False
Mobius Final Fantasy,Square Enix,Square Enix,Final Fantasy,Role-Playing,Turn-Based RPG,Unknown,And,Other,Other,2016.0,NA,,,,,Timed Exclusive,N/A,False
Mobius Final Fantasy,Square Enix,Square Enix,Final Fantasy,Role-Playing,Turn-Based RPG,Unknown,And,Other,Other,2016.0,Other,,,,,Timed Exclusive,N/A,False
Mobius Final Fantasy,Square Enix,Square Enix,Final Fantasy,Role-Playing,Turn-Based RPG,Unknown,And,Other,Other,2016.0,PAL,,,,,Timed Exclusive,N/A,False
Mobius Final Fantasy,Square Enix,Square Enix,Final Fantasy,Role-Playing,Turn-Based RPG,Unknown,PC,PC,PC,2017.0,JP,,,,,Timed Exclusive,N/A,False
Mobius Final Fantasy,Square Enix,Square Enix,Final Fantasy,Role-Playing,Turn-Based RPG,Unknown,PC,PC,PC,2017.0,NA,,,,,Timed Exclusive,N/A,False
Mobius Final Fantasy,Square Enix,Square Enix,Final Fantasy,Role-Playing,Turn-Based RPG,Unknown,PC,PC,PC,2017.0,Other,,,,,Timed Exclusive,N/A,False
Mobius Final Fantasy,Square Enix,Square Enix,Final Fantasy,Role-Playing,Turn-Based RPG,Unknown,PC,PC,PC,2017.0,PAL,,,,,Timed Exclusive,N/A,False
,Square Enix,Windows,Standalone,,,,World of Final Fantasy,,,,,,,,,Timed Exclusive,,False
Monster Eggs,Square Enix,Phoenix Games,Standalone,Puzzle,,Unknown,PS2,PlayStation,Home Console,2007.0,JP,,,,,Exclusive,N/A,False
Monster Eggs,Square Enix,Phoenix Games,Standalone,Puzzle,,Unknown,PS2,PlayStation,Home Console,2007.0,NA,,,,,Exclusive,N/A,False
Monster Eggs,Square Enix,Phoenix Games,Standalone,Puzzle,,Unknown,PS2,PlayStation,Home Console,2007.0,Other,,,,,Exclusive,N/A,False
Monster Eggs,Square Enix,Phoenix Games,Standalone,Puzzle,,Unknown,PS2,PlayStation,Home Console,2007.0,PAL,,,,,Exclusive,N/A,False
,Square Enix,"February 13, 2018",Standalone,,,,Dissidia Final Fantasy NT,,,,,,,73.0,,Multiplatform,,False
,Square Enix,"February 13, 2018",Standalone,,,,PS4,,,,,,,73.0,,Multiplatform,,False
,Square Enix,"February 13, 2018",Standalone,,,,Secret of Mana,,,,,,,73.0,,Multiplatform,,False
,Square Enix,"February 13, 2018",Standalone,,,,Switch,,,,,,,73.0,,Multiplatform,,False
,Square Enix,"February 13, 2018",Standalone,,,,Xbox One,,,,,,,73.0,,Multiplatform,,False
,Square Enix,"November 21, 2017",Standalone,,,,Million Arthur Arcana Blood,,,,,,,64.0,,Exclusive,,False
Monster of the Deep: Final Fantasy XV,Square Enix,Square Enix,Final Fantasy,Sports,Turn-Based RPG,Unknown,PS4,PlayStation,Home Console,2017.0,JP,,,64.0,,Exclusive,N/A,False
Monster of the Deep: Final Fantasy XV,Square Enix,Square Enix,Final Fantasy,Sports,Turn-Based RPG,Unknown,PS4,PlayStation,Home Console,2017.0,NA,,,64.0,,Exclusive,N/A,False
Monster of the Deep: Final Fantasy XV,Square Enix,Square Enix,Final Fantasy,Sports,Turn-Based RPG,Unknown,PS4,PlayStation,Home Console,2017.0,Other,,,64.0,,Exclusive,N/A,False
Monster of the Deep: Final Fantasy XV,Square Enix,Square Enix,Final Fantasy,Sports,Turn-Based RPG,Unknown,PS4,PlayStation,Home Console,2017.0,PAL,,,64.0,,Exclusive,N/A,False
Monster Trux Extreme: Arena Edition,Square Enix,Data Design Interactive,Standalone,Racing,,Unknown,PS2,PlayStation,Home Console,2006.0,JP,,,,,Exclusive,N/A,False
Monster Trux Extreme: Arena Edition,Square Enix,Data Design Interactive,Standalone,Racing,,Unknown,PS2,PlayStation,Home Console,2006.0,NA,,,,,Exclusive,N/A,False
Monster Trux Extreme: Arena Edition,Square Enix,Data Design Interactive,Standalone,Racing,,Unknown,PS2,PlayStation,Home Console,2006.0,Other,,,,,Exclusive,N/A,False
Monster Trux Extreme: Arena Edition,Square Enix,Data Design Interactive,Standalone,Racing,,Unknown,PS2,PlayStation,Home Console,2006.0,PAL,,,,,Exclusive,N/A,False
,Squaresoft,System Sacom,Standalone,,,,Family Computer Disk System,,,,,,,,,Multiplatform,,False
,Square Enix,feelplus,Standalone,,,,Dungeon Siege III,,,,,,,,,Exclusive,,False
,Square Enix,feelplus,Standalone,,,,PS3,,,,,,,,,Exclusive,,False
Moon Diver,Square Enix,FeelPlus,Standalone,Action,,Unknown,PSN,Other,Other,2011.0,JP,,,65.0,,Exclusive,N/A,False
Moon Diver,Square Enix,FeelPlus,Standalone,Action,,Unknown,PSN,Other,Other,2011.0,NA,,,65.0,,Exclusive,N/A,False
Moon Diver,Square Enix,FeelPlus,Standalone,Action,,Unknown,PSN,Other,Other,2011.0,Other,,,65.0,,Exclusive,N/A,False
Moon Diver,Square Enix,FeelPlus,Standalone,Action,,Unknown,PSN,Other,Other,2011.0,PAL,,,65.0,,Exclusive,N/A,False
Moon Diver,Square Enix,FeelPlus,Standalone,Action,,Unknown,XBL,Other,Other,2011.0,JP,,,71.0,,Exclusive,N/A,False
Moon Diver,Square Enix,FeelPlus,Standalone,Action,,Unknown,XBL,Other,Other,2011.0,NA,,,71.0,,Exclusive,N/A,False
Moon Diver,Square Enix,FeelPlus,Standalone,Action,,Unknown,XBL,Other,Other,2011.0,Other,,,71.0,,Exclusive,N/A,False
Moon Diver,Square Enix,FeelPlus,Standalone,Action,,Unknown,XBL,Other,Other,2011.0,PAL,,,71.0,,Exclusive,N/A,False
,Square Enix,feelplus,Standalone,,,,Xbox 360,,,,,,,,,Exclusive,,False
Moto X Maniac,Square Enix,Phoenix Games,Standalone,Racing,,Unknown,PS2,PlayStation,Home Console,2007.0,JP,,,,,Exclusive,N/A,False
Moto X Maniac,Square Enix,Phoenix Games,Standalone,Racing,,Unknown,PS2,PlayStation,Home Console,2007.0,NA,,,,,Exclusive,N/A,False
Moto X Maniac,Square Enix,Phoenix Games,Standalone,Racing,,Unknown,PS2,PlayStation,Home Console,2007.0,Other,,,,,Exclusive,N/A,False
Moto X Maniac,Square Enix,Phoenix Games,Standalone,Racing,,Unknown,PS2,PlayStation,Home Console,2007.0,PAL,,,,,Exclusive,N/A,False
Mr. Brain,Square Enix,Square-Enix,Standalone,Misc,,Unknown,DSiW,Other,Other,2009.0,JP,,,,,Exclusive,N/A,False
Mr. Brain,Square Enix,Square-Enix,Standalone,Misc,,Unknown,DSiW,Other,Other,2009.0,NA,,,,,Exclusive,N/A,False
Mr. Brain,Square Enix,Square-Enix,Standalone,Misc,,Unknown,DSiW,Other,Other,2009.0,Other,,,,,Exclusive,N/A,False
Mr. Brain,Square Enix,Square-Enix,Standalone,Misc,,Unknown,DSiW,Other,Other,2009.0,PAL,,,,,Exclusive,N/A,False
,Enix,System Sacom,Standalone,,,,PS1,,,,,,,,,Multiplatform,,False
Murdered: Soul Suspect,Square Enix,Airtight Games,Standalone,Action-Adventure,,Unknown,PC,PC,PC,2014.0,JP,,,61.0,,Multiplatform,N/A,False
Murdered: Soul Suspect,Square Enix,Airtight Games,Standalone,Action-Adventure,,Unknown,PC,PC,PC,2014.0,NA,,,61.0,,Multiplatform,N/A,False
Murdered: Soul Suspect,Square Enix,Airtight Games,Standalone,Action-Adventure,,Unknown,PC,PC,PC,2014.0,Other,,,61.0,,Multiplatform,N/A,False
Murdered: Soul Suspect,Square Enix,Airtight Games,Standalone,Action-Adventure,,Unknown,PC,PC,PC,2014.0,PAL,,,61.0,,Multiplatform,N/A,False
Murdered: Soul Suspect,Square Enix,Airtight Games,Standalone,Action-Adventure,,Unknown,PS3,PlayStation,Home Console,2014.0,JP,0.02,,61.0,,Multiplatform,N/A,False
Murdered: Soul Suspect,Square Enix,Airtight Games,Standalone,Action-Adventure,,Unknown,PS3,PlayStation,Home Console,2014.0,NA,0.05,,61.0,,Multiplatform,N/A,False
Murdered: Soul Suspect,Square Enix,Airtight Games,Standalone,Action-Adventure,,Unknown,PS3,PlayStation,Home Console,2014.0,Other,0.02,,61.0,,Multiplatform,N/A,False
Murdered: Soul Suspect,Square Enix,Airtight Games,Standalone,Action-Adventure,,Unknown,PS3,PlayStation,Home Console,2014.0,PAL,0.05,,61.0,,Multiplatform,N/A,False
Murdered: Soul Suspect,Square Enix,Airtight Games,Standalone,Action-Adventure,,Unknown,PS4,PlayStation,Home Console,2014.0,JP,0.02,,61.0,,Multiplatform,N/A,False
Murdered: Soul Suspect,Square Enix,Airtight Games,Standalone,Action-Adventure,,Unknown,PS4,PlayStation,Home Console,2014.0,NA,0.09,,61.0,,Multiplatform,N/A,False
Murdered: Soul Suspect,Square Enix,Airtight Games,Standalone,Action-Adventure,,Unknown,PS4,PlayStation,Home Console,2014.0,Other,0.05,,61.0,,Multiplatform,N/A,False
Murdered: Soul Suspect,Square Enix,Airtight Games,Standalone,Action-Adventure,,Unknown,PS4,PlayStation,Home Console,2014.0,PAL,0.17,,61.0,,Multiplatform,N/A,False
,Square Enix,Airtight Games,Standalone,,,,WRC 4: FIA World Rally Championship,,,,,,,61.0,,Multiplatform,,False
Murdered: Soul Suspect,Square Enix,Airtight Games,Standalone,Action-Adventure,,Unknown,Xbox 360,Microsoft,Home Console,2014.0,JP,,,61.0,,Multiplatform,N/A,False
Murdered: Soul Suspect,Square Enix,Airtight Games,Standalone,Action-Adventure,,Unknown,Xbox 360,Microsoft,Home Console,2014.0,NA,0.06,,61.0,,Multiplatform,N/A,False
Murdered: Soul Suspect,Square Enix,Airtight Games,Standalone,Action-Adventure,,Unknown,Xbox 360,Microsoft,Home Console,2014.0,Other,0.01,,61.0,,Multiplatform,N/A,False
Murdered: Soul Suspect,Square Enix,Airtight Games,Standalone,Action-Adventure,,Unknown,Xbox 360,Microsoft,Home Console,2014.0,PAL,0.03,,61.0,,Multiplatform,N/A,False
Murdered: Soul Suspect,Square Enix,Airtight Games,Standalone,Action-Adventure,,Unknown,Xbox One,Microsoft,Home Console,2014.0,JP,,,61.0,,Multiplatform,N/A,False
Murdered: Soul Suspect,Square Enix,Airtight Games,Standalone,Action-Adventure,,Unknown,Xbox One,Microsoft,Home Console,2014.0,NA,0.08,,61.0,,Multiplatform,N/A,False
Murdered: Soul Suspect,Square Enix,Airtight Games,Standalone,Action-Adventure,,Unknown,Xbox One,Microsoft,Home Console,2014.0,Other,0.01,,61.0,,Multiplatform,N/A,False
Murdered: Soul Suspect,Square Enix,Airtight Games,Standalone,Action-Adventure,,Unknown,Xbox One,Microsoft,Home Console,2014.0,PAL,0.07,,61.0,,Multiplatform,N/A,False
Musashi: Samurai Legend,Square Enix,Square Enix,Standalone,Role-Playing,,Unknown,PS2,PlayStation,Home Console,2005.0,JP,,,69.0,,Exclusive,N/A,False
Musashi: Samurai Legend,Square Enix,Square Enix,Standalone,Role-Playing,,Unknown,PS2,PlayStation,Home Console,2005.0,NA,,,69.0,,Exclusive,N/A,False
Musashi: Samurai Legend,Square Enix,Square Enix,Standalone,Role-Playing,,Unknown,PS2,PlayStation,Home Console,2005.0,Other,,,69.0,,Exclusive,N/A,False
Musashi: Samurai Legend,Square Enix,Square Enix,Standalone,Role-Playing,,Unknown,PS2,PlayStation,Home Console,2005.0,PAL,,,69.0,,Exclusive,N/A,False
,Squaresoft,Carry Lab,Standalone,,,,Family Computer Disk System,,,,,,,,,Multiplatform,,False
Mystic Ark,Enix,Produce!,Standalone,Role-Playing,,Unknown,SNES,Nintendo,Home Console,1995.0,JP,0.13,,,,Exclusive,Pre-Split,True
Mystic Ark,Enix,Produce!,Standalone,Role-Playing,,Unknown,SNES,Nintendo,Home Console,1995.0,NA,,,,,Exclusive,Pre-Split,True
Mystic Ark,Enix,Produce!,Standalone,Role-Playing,,Unknown,SNES,Nintendo,Home Console,1995.0,Other,,,,,Exclusive,Pre-Split,True
Mystic Ark,Enix,Produce!,Standalone,Role-Playing,,Unknown,SNES,Nintendo,Home Console,1995.0,PAL,,,,,Exclusive,Pre-Split,True
Mystic Ark: Maboroshi Gekijo,Enix,Produce!,Standalone,Adventure,,Unknown,PS1,PlayStation,Home Console,1999.0,JP,,,,,Exclusive,N/A,False
Mystic Ark: Maboroshi Gekijo,Enix,Produce!,Standalone,Adventure,,Unknown,PS1,PlayStation,Home Console,1999.0,NA,,,,,Exclusive,N/A,False
Mystic Ark: Maboroshi Gekijo,Enix,Produce!,Standalone,Adventure,,Unknown,PS1,PlayStation,Home Console,1999.0,Other,,,,,Exclusive,N/A,False
Mystic Ark: Maboroshi Gekijo,Enix,Produce!,Standalone,Adventure,,Unknown,PS1,PlayStation,Home Console,1999.0,PAL,,,,,Exclusive,N/A,False
,Enix,Produce,Standalone,,,,PS1,,,,,,,,,Multiplatform,,False
Myth Makers: Orbs of Doom,Square Enix,Data Design Interactive,Standalone,Puzzle,,Unknown,PS2,PlayStation,Home Console,2007.0,JP,,,,,Exclusive,N/A,False
Myth Makers: Orbs of Doom,Square Enix,Data Design Interactive,Standalone,Puzzle,,Unknown,PS2,PlayStation,Home Console,2007.0,NA,,,,,Exclusive,N/A,False
Myth Makers: Orbs of Doom,Square Enix,Data Design Interactive,Standalone,Puzzle,,Unknown,PS2,PlayStation,Home Console,2007.0,Other,,,,,Exclusive,N/A,False
Myth Makers: Orbs of Doom,Square Enix,Data Design Interactive,Standalone,Puzzle,,Unknown,PS2,PlayStation,Home Console,2007.0,PAL,,,,,Exclusive,N/A,False
Myth Makers: Super Kart GP,Square Enix,Data Design Interactive,Standalone,Racing,,Unknown,PS2,PlayStation,Home Console,2007.0,JP,,,,,Exclusive,N/A,False
Myth Makers: Super Kart GP,Square Enix,Data Design Interactive,Standalone,Racing,,Unknown,PS2,PlayStation,Home Console,2007.0,NA,,,,,Exclusive,N/A,False
Myth Makers: Super Kart GP,Square Enix,Data Design Interactive,Standalone,Racing,,Unknown,PS2,PlayStation,Home Console,2007.0,Other,,,,,Exclusive,N/A,False
Myth Makers: Super Kart GP,Square Enix,Data Design Interactive,Standalone,Racing,,Unknown,PS2,PlayStation,Home Console,2007.0,PAL,,,,,Exclusive,N/A,False
,Squaresoft,Square,Standalone,,,,Game Boy,,,,,,,,,Multiplatform,,False
,Squaresoft,Square,Standalone,,,,SNES,,,,,,,,,Multiplatform,,False
,Squaresoft,Square / Nintendo,Standalone,,,,Family Computer Disk System,,,,,,,,,Multiplatform,,False
Nanashi no Game,Square Enix,Square Enix,Standalone,Adventure,,Unknown,DS,Nintendo,Handheld,2008.0,JP,,,,,Exclusive,Post-Merger,False
Nanashi no Game,Square Enix,Square Enix,Standalone,Adventure,,Unknown,DS,Nintendo,Handheld,2008.0,NA,,,,,Exclusive,Post-Merger,False
Nanashi no Game,Square Enix,Square Enix,Standalone,Adventure,,Unknown,DS,Nintendo,Handheld,2008.0,Other,,,,,Exclusive,Post-Merger,False
Nanashi no Game,Square Enix,Square Enix,Standalone,Adventure,,Unknown,DS,Nintendo,Handheld,2008.0,PAL,,,,,Exclusive,Post-Merger,False
Nanashi no Game Me,Square Enix,Square Enix,Standalone,Action,,Unknown,DS,Nintendo,Handheld,2009.0,JP,0.03,,,,Exclusive,Post-Merger,True
Nanashi no Game Me,Square Enix,Square Enix,Standalone,Action,,Unknown,DS,Nintendo,Handheld,2009.0,NA,,,,,Exclusive,Post-Merger,True
Nanashi no Game Me,Square Enix,Square Enix,Standalone,Action,,Unknown,DS,Nintendo,Handheld,2009.0,Other,,,,,Exclusive,Post-Merger,True
Nanashi no Game Me,Square Enix,Square Enix,Standalone,Action,,Unknown,DS,Nintendo,Handheld,2009.0,PAL,,,,,Exclusive,Post-Merger,True
Nanatsu Kaze no Shima Monogatari,Enix,Enix Corporation,Standalone,Role-Playing,,Unknown,Saturn,Sega,Home Console,1997.0,JP,,,,,Exclusive,N/A,False
Nanatsu Kaze no Shima Monogatari,Enix,Enix Corporation,Standalone,Role-Playing,,Unknown,Saturn,Sega,Home Console,1997.0,NA,,,,,Exclusive,N/A,False
Nanatsu Kaze no Shima Monogatari,Enix,Enix Corporation,Standalone,Role-Playing,,Unknown,Saturn,Sega,Home Console,1997.0,Other,,,,,Exclusive,N/A,False
Nanatsu Kaze no Shima Monogatari,Enix,Enix Corporation,Standalone,Role-Playing,,Unknown,Saturn,Sega,Home Console,1997.0,PAL,,,,,Exclusive,N/A,False
,Enix,Daft,Standalone,,,,Game Boy,,,,,,,,,Multiplatform,,False
,Enix,"July 8, 1994",Standalone,,,,Robotrek,,,,,,,,,Multiplatform,,False
,Enix,Daft,Standalone,,,,SNES,,,,,,,,,Multiplatform,,False
,Squaresoft,Square,Standalone,,,,PS2,,,,,,,,,Multiplatform,,False
Nekketsu Tairiku: Burning Heroes,Enix,J-Force,Standalone,Role-Playing,,Unknown,SNES,Nintendo,Home Console,1995.0,JP,,,,,Exclusive,Pre-Split,False
Nekketsu Tairiku: Burning Heroes,Enix,J-Force,Standalone,Role-Playing,,Unknown,SNES,Nintendo,Home Console,1995.0,NA,,,,,Exclusive,Pre-Split,False
Nekketsu Tairiku: Burning Heroes,Enix,J-Force,Standalone,Role-Playing,,Unknown,SNES,Nintendo,Home Console,1995.0,Other,,,,,Exclusive,Pre-Split,False
Nekketsu Tairiku: Burning Heroes,Enix,J-Force,Standalone,Role-Playing,,Unknown,SNES,Nintendo,Home Console,1995.0,PAL,,,,,Exclusive,Pre-Split,False
Neo: The World Ends with You,Square Enix,h.a.n.d. Inc.,Standalone,Role-Playing,,Unknown,PS4,PlayStation,Home Console,2021.0,JP,,,82.0,,Multiplatform,N/A,False
Neo: The World Ends with You,Square Enix,h.a.n.d. Inc.,Standalone,Role-Playing,,Unknown,PS4,PlayStation,Home Console,2021.0,NA,,,82.0,,Multiplatform,N/A,False
Neo: The World Ends with You,Square Enix,h.a.n.d. Inc.,Standalone,Role-Playing,,Unknown,PS4,PlayStation,Home Console,2021.0,Other,,,82.0,,Multiplatform,N/A,False
Neo: The World Ends with You,Square Enix,h.a.n.d. Inc.,Standalone,Role-Playing,,Unknown,PS4,PlayStation,Home Console,2021.0,PAL,,,82.0,,Multiplatform,N/A,False
Neo: The World Ends with You,Square Enix,h.a.n.d. Inc.,Standalone,Role-Playing,,Unknown,Switch,Nintendo,Home Console,2021.0,JP,,,82.0,,Multiplatform,Post-Merger,False
Neo: The World Ends with You,Square Enix,h.a.n.d. Inc.,Standalone,Role-Playing,,Unknown,Switch,Nintendo,Home Console,2021.0,NA,,,82.0,,Multiplatform,Post-Merger,False
Neo: The World Ends with You,Square Enix,h.a.n.d. Inc.,Standalone,Role-Playing,,Unknown,Switch,Nintendo,Home Console,2021.0,Other,,,82.0,,Multiplatform,Post-Merger,False
Neo: The World Ends with You,Square Enix,h.a.n.d. Inc.,Standalone,Role-Playing,,Unknown,Switch,Nintendo,Home Console,2021.0,PAL,,,82.0,,Multiplatform,Post-Merger,False
Nichibeikan Pro Yakyuu: Final League,Squaresoft,SquareSoft,Standalone,Sports,,Unknown,PS2,PlayStation,Home Console,2002.0,JP,0.07,,,,Exclusive,N/A,True
Nichibeikan Pro Yakyuu: Final League,Squaresoft,SquareSoft,Standalone,Sports,,Unknown,PS2,PlayStation,Home Console,2002.0,NA,,,,,Exclusive,N/A,True
Nichibeikan Pro Yakyuu: Final League,Squaresoft,SquareSoft,Standalone,Sports,,Unknown,PS2,PlayStation,Home Console,2002.0,Other,,,,,Exclusive,N/A,True
Nichibeikan Pro Yakyuu: Final League,Squaresoft,SquareSoft,Standalone,Sports,,Unknown,PS2,PlayStation,Home Console,2002.0,PAL,,,,,Exclusive,N/A,True
Nier,Square Enix,Cavia,Drakengard / Nier,Role-Playing,Action RPG,3D,All,Other,Other,2010.0,JP,,,89.0,,Multiplatform,N/A,False
Nier,Square Enix,Cavia,Drakengard / Nier,Role-Playing,Action RPG,3D,All,Other,Other,2010.0,NA,,,89.0,,Multiplatform,N/A,False
Nier,Square Enix,Cavia,Drakengard / Nier,Role-Playing,Action RPG,3D,All,Other,Other,2010.0,Other,,,89.0,,Multiplatform,N/A,False
Nier,Square Enix,Cavia,Drakengard / Nier,Role-Playing,Action RPG,3D,All,Other,Other,2010.0,PAL,,,89.0,,Multiplatform,N/A,False
,Square Enix,"April 28, 2010",Standalone,,,,Dragon Quest Monsters: Joker 2,,,,,,,89.0,,Multiplatform,,False
,Square Enix,Cavia,Standalone,,,,PC,,,,,,,89.0,,Multiplatform,,False
NieR,Square Enix,Cavia Inc.,Drakengard / Nier,Role-Playing,Action RPG,Unknown,PS3,PlayStation,Home Console,2010.0,JP,0.2,,66.0,,Multiplatform,N/A,False
NieR,Square Enix,Cavia Inc.,Drakengard / Nier,Role-Playing,Action RPG,Unknown,PS3,PlayStation,Home Console,2010.0,NA,0.17,,66.0,,Multiplatform,N/A,False
NieR,Square Enix,Cavia Inc.,Drakengard / Nier,Role-Playing,Action RPG,Unknown,PS3,PlayStation,Home Console,2010.0,Other,0.07,,66.0,,Multiplatform,N/A,False
NieR,Square Enix,Cavia Inc.,Drakengard / Nier,Role-Playing,Action RPG,Unknown,PS3,PlayStation,Home Console,2010.0,PAL,0.19,,66.0,,Multiplatform,N/A,False
,Square Enix,,Standalone,,,,PS4,,,,,,,89.0,,Multiplatform,,False
NieR,Square Enix,Cavia,Drakengard / Nier,Action-Adventure,Action RPG,Unknown,Series,Other,Other,2010.0,JP,,,89.0,,Multiplatform,N/A,False
NieR,Square Enix,Cavia,Drakengard / Nier,Action-Adventure,Action RPG,Unknown,Series,Other,Other,2010.0,NA,,,89.0,,Multiplatform,N/A,False
NieR,Square Enix,Cavia,Drakengard / Nier,Action-Adventure,Action RPG,Unknown,Series,Other,Other,2010.0,Other,,,89.0,,Multiplatform,N/A,False
NieR,Square Enix,Cavia,Drakengard / Nier,Action-Adventure,Action RPG,Unknown,Series,Other,Other,2010.0,PAL,,,89.0,,Multiplatform,N/A,False
NieR,Square Enix,Cavia Inc.,Drakengard / Nier,Role-Playing,Action RPG,Unknown,Xbox 360,Microsoft,Home Console,2010.0,JP,0.04,,64.0,,Multiplatform,N/A,False
NieR,Square Enix,Cavia Inc.,Drakengard / Nier,Role-Playing,Action RPG,Unknown,Xbox 360,Microsoft,Home Console,2010.0,NA,0.13,,64.0,,Multiplatform,N/A,False
NieR,Square Enix,Cavia Inc.,Drakengard / Nier,Role-Playing,Action RPG,Unknown,Xbox 360,Microsoft,Home Console,2010.0,Other,0.02,,64.0,,Multiplatform,N/A,False
NieR,Square Enix,Cavia Inc.,Drakengard / Nier,Role-Playing,Action RPG,Unknown,Xbox 360,Microsoft,Home Console,2010.0,PAL,0.1,,64.0,,Multiplatform,N/A,False
,Square Enix,,Standalone,,,,Xbox One,,,,,,,89.0,,Multiplatform,,False
NieR: Automata,Square Enix,PlatinumGames,Drakengard / Nier,Action RPG,Action RPG,3D,All,Other,Other,2017.0,JP,10.0,,89.0,,Multiplatform,N/A,False
NieR: Automata,Square Enix,PlatinumGames,Drakengard / Nier,Action RPG,Action RPG,3D,All,Other,Other,2017.0,NA,10.0,,89.0,,Multiplatform,N/A,False
NieR: Automata,Square Enix,PlatinumGames,Drakengard / Nier,Action RPG,Action RPG,3D,All,Other,Other,2017.0,Other,10.0,,89.0,,Multiplatform,N/A,False
NieR: Automata,Square Enix,PlatinumGames,Drakengard / Nier,Action RPG,Action RPG,3D,All,Other,Other,2017.0,PAL,10.0,,89.0,,Multiplatform,N/A,False
NieR: Automata,Square Enix,PlatinumGames,Drakengard / Nier,Action RPG,Action RPG,3D,PC,PC,PC,2017.0,JP,10.0,,89.0,,Multiplatform,N/A,False
NieR: Automata,Square Enix,PlatinumGames,Drakengard / Nier,Action RPG,Action RPG,3D,PC,PC,PC,2017.0,NA,10.0,,89.0,,Multiplatform,N/A,False
NieR: Automata,Square Enix,PlatinumGames,Drakengard / Nier,Action RPG,Action RPG,3D,PC,PC,PC,2017.0,Other,10.0,,89.0,,Multiplatform,N/A,False
NieR: Automata,Square Enix,PlatinumGames,Drakengard / Nier,Action RPG,Action RPG,3D,PC,PC,PC,2017.0,PAL,10.0,,89.0,,Multiplatform,N/A,False
NieR: Automata,Square Enix,PlatinumGames,Drakengard / Nier,Action RPG,Action RPG,3D,PS4,PlayStation,Home Console,2017.0,JP,10.0,,89.0,,Multiplatform,N/A,False
NieR: Automata,Square Enix,PlatinumGames,Drakengard / Nier,Action RPG,Action RPG,3D,PS4,PlayStation,Home Console,2017.0,NA,10.0,,89.0,,Multiplatform,N/A,False
NieR: Automata,Square Enix,PlatinumGames,Drakengard / Nier,Action RPG,Action RPG,3D,PS4,PlayStation,Home Console,2017.0,Other,10.0,,89.0,,Multiplatform,N/A,False
NieR: Automata,Square Enix,PlatinumGames,Drakengard / Nier,Action RPG,Action RPG,3D,PS4,PlayStation,Home Console,2017.0,PAL,10.0,,89.0,,Multiplatform,N/A,False
NieR: Automata,Square Enix,PlatinumGames,Drakengard / Nier,Action RPG,Action RPG,3D,Xbox One,Microsoft,Home Console,2018.0,JP,10.0,,89.0,,Multiplatform,N/A,False
NieR: Automata,Square Enix,PlatinumGames,Drakengard / Nier,Action RPG,Action RPG,3D,Xbox One,Microsoft,Home Console,2018.0,NA,10.0,,89.0,,Multiplatform,N/A,False
NieR: Automata,Square Enix,PlatinumGames,Drakengard / Nier,Action RPG,Action RPG,3D,Xbox One,Microsoft,Home Console,2018.0,Other,10.0,,89.0,,Multiplatform,N/A,False
NieR: Automata,Square Enix,PlatinumGames,Drakengard / Nier,Action RPG,Action RPG,3D,Xbox One,Microsoft,Home Console,2018.0,PAL,10.0,,89.0,,Multiplatform,N/A,False
NieR: Automata The End of YoRHa Edition,Square Enix,PlatinumGames,Drakengard / Nier,Role-Playing,Action RPG,3D,Switch,Nintendo,Home Console,2022.0,JP,,,88.0,,Exclusive,Post-Merger,False
NieR: Automata The End of YoRHa Edition,Square Enix,PlatinumGames,Drakengard / Nier,Role-Playing,Action RPG,3D,Switch,Nintendo,Home Console,2022.0,NA,,,88.0,,Exclusive,Post-Merger,False
NieR: Automata The End of YoRHa Edition,Square Enix,PlatinumGames,Drakengard / Nier,Role-Playing,Action RPG,3D,Switch,Nintendo,Home Console,2022.0,Other,,,88.0,,Exclusive,Post-Merger,False
NieR: Automata The End of YoRHa Edition,Square Enix,PlatinumGames,Drakengard / Nier,Role-Playing,Action RPG,3D,Switch,Nintendo,Home Console,2022.0,PAL,,,88.0,,Exclusive,Post-Merger,False
NieR Replicant ver.1.22474487139...,Square Enix,Toylogic,Drakengard / Nier,Role-Playing,Action RPG,3D,PC,PC,PC,2021.0,JP,,,83.0,,Multiplatform,N/A,False
NieR Replicant ver.1.22474487139...,Square Enix,Toylogic,Drakengard / Nier,Role-Playing,Action RPG,3D,PC,PC,PC,2021.0,NA,,,83.0,,Multiplatform,N/A,False
NieR Replicant ver.1.22474487139...,Square Enix,Toylogic,Drakengard / Nier,Role-Playing,Action RPG,3D,PC,PC,PC,2021.0,Other,,,83.0,,Multiplatform,N/A,False
NieR Replicant ver.1.22474487139...,Square Enix,Toylogic,Drakengard / Nier,Role-Playing,Action RPG,3D,PC,PC,PC,2021.0,PAL,,,83.0,,Multiplatform,N/A,False
NieR Replicant ver.1.22474487139...,Square Enix,Toylogic,Drakengard / Nier,Role-Playing,Action RPG,3D,PS4,PlayStation,Home Console,2021.0,JP,,,83.0,,Multiplatform,N/A,False
NieR Replicant ver.1.22474487139...,Square Enix,Toylogic,Drakengard / Nier,Role-Playing,Action RPG,3D,PS4,PlayStation,Home Console,2021.0,NA,,,83.0,,Multiplatform,N/A,False
NieR Replicant ver.1.22474487139...,Square Enix,Toylogic,Drakengard / Nier,Role-Playing,Action RPG,3D,PS4,PlayStation,Home Console,2021.0,Other,,,83.0,,Multiplatform,N/A,False
NieR Replicant ver.1.22474487139...,Square Enix,Toylogic,Drakengard / Nier,Role-Playing,Action RPG,3D,PS4,PlayStation,Home Console,2021.0,PAL,,,83.0,,Multiplatform,N/A,False
NieR Replicant ver.1.22474487139...,Square Enix,Toylogic,Drakengard / Nier,Role-Playing,Action RPG,3D,Xbox One,Microsoft,Home Console,2021.0,JP,,,83.0,,Multiplatform,N/A,False
NieR Replicant ver.1.22474487139...,Square Enix,Toylogic,Drakengard / Nier,Role-Playing,Action RPG,3D,Xbox One,Microsoft,Home Console,2021.0,NA,,,83.0,,Multiplatform,N/A,False
NieR Replicant ver.1.22474487139...,Square Enix,Toylogic,Drakengard / Nier,Role-Playing,Action RPG,3D,Xbox One,Microsoft,Home Console,2021.0,Other,,,83.0,,Multiplatform,N/A,False
NieR Replicant ver.1.22474487139...,Square Enix,Toylogic,Drakengard / Nier,Role-Playing,Action RPG,3D,Xbox One,Microsoft,Home Console,2021.0,PAL,,,83.0,,Multiplatform,N/A,False
NieR: The World of Recycled Vessel,Square Enix,Cavia Inc.,Drakengard / Nier,Role-Playing,Action RPG,3D,PSN,Other,Other,2010.0,JP,,,,,Exclusive,N/A,False
NieR: The World of Recycled Vessel,Square Enix,Cavia Inc.,Drakengard / Nier,Role-Playing,Action RPG,3D,PSN,Other,Other,2010.0,NA,,,,,Exclusive,N/A,False
NieR: The World of Recycled Vessel,Square Enix,Cavia Inc.,Drakengard / Nier,Role-Playing,Action RPG,3D,PSN,Other,Other,2010.0,Other,,,,,Exclusive,N/A,False
NieR: The World of Recycled Vessel,Square Enix,Cavia Inc.,Drakengard / Nier,Role-Playing,Action RPG,3D,PSN,Other,Other,2010.0,PAL,,,,,Exclusive,N/A,False
NieR: The World of Recycled Vessel,Square Enix,Cavia Inc.,Drakengard / Nier,Role-Playing,Action RPG,3D,XBL,Other,Other,2010.0,JP,,,,,Exclusive,N/A,False
NieR: The World of Recycled Vessel,Square Enix,Cavia Inc.,Drakengard / Nier,Role-Playing,Action RPG,3D,XBL,Other,Other,2010.0,NA,,,,,Exclusive,N/A,False
NieR: The World of Recycled Vessel,Square Enix,Cavia Inc.,Drakengard / Nier,Role-Playing,Action RPG,3D,XBL,Other,Other,2010.0,Other,,,,,Exclusive,N/A,False
NieR: The World of Recycled Vessel,Square Enix,Cavia Inc.,Drakengard / Nier,Role-Playing,Action RPG,3D,XBL,Other,Other,2010.0,PAL,,,,,Exclusive,N/A,False
,Enix,Sega,Standalone,,,,Saturn,,,,,,,,,Multiplatform,,False
,Enix,Tam Tam,Standalone,,,,Saturn,,,,,,,,,Multiplatform,,False
,Square Enix,,Standalone,,,,Dragon Quest,,,,,,,,,Multiplatform,,False
,Square Enix,,Standalone,,,,Dragon Quest III,,,,,,,,,Multiplatform,,False
,Square Enix,,Standalone,,,,Chocobo’s Mystery Dungeon Every Buddy!,,,,,,,71.0,,Multiplatform,,False
,Square Enix,,Standalone,,,,Chrono Cross: The Radical Dreamers Edition,,,,,,,71.0,,Multiplatform,,False
,Square Enix,,Standalone,,,,Dragon Quest I & II HD-2D Remake,,,,,,,71.0,,Multiplatform,,False
,Square Enix,"November 14, 2024",Standalone,,,,Dragon Quest III HD-2D Remake,,,,,,,71.0,,Multiplatform,,False
,Square Enix,,Standalone,,,,Dragon Quest VII Reimagined,,,,,,,71.0,,Multiplatform,,False
,Square Enix,,Standalone,,,,Dungeon Encounters,,,,,,,71.0,,Multiplatform,,False
,Square Enix,Yes,Standalone,,,,Final Fantasy II Pixel Remaster,,,,,,,71.0,,Multiplatform,,False
,Square Enix,Yes,Standalone,,,,Final Fantasy IV Pixel Remaster,,,,,,,71.0,,Multiplatform,,False
,Square Enix,Yes,Standalone,,,,Final Fantasy V Pixel Remaster,,,,,,,71.0,,Multiplatform,,False
,Square Enix,Yes,Standalone,,,,Final Fantasy VI Pixel Remaster,,,,,,,71.0,,Multiplatform,,False
,Square Enix,[ 154 ],Standalone,,,,Final Fantasy VII,,,,,,,71.0,,Multiplatform,,False
,Square Enix,,Standalone,,,,Final Fantasy VIII Remastered,,,,,,,71.0,,Multiplatform,,False
,Square Enix,,Standalone,,,,Harvestella,,,,,,,71.0,,Multiplatform,,False
,Square Enix,[ 295 ],Standalone,,,,Nier: Automata,,,,,,,71.0,,Multiplatform,,False
,Square Enix,,Standalone,,,,Octopath Traveler II,,,,,,,71.0,,Multiplatform,,False
,Square Enix,,Standalone,,,,SaGa Frontier 2 Remastered,,,,,,,71.0,,Multiplatform,,False
,Square Enix,,Standalone,,,,SaGa Frontier Remastered,,,,,,,71.0,,Multiplatform,,False
,Square Enix,[ 290 ],Standalone,,,,SaGa: Scarlet Grace,,,,,,,71.0,,Multiplatform,,False
,Square Enix,,Standalone,,,,Star Ocean: The Second Story R,,,,,,,71.0,,Multiplatform,,False
,Square Enix,[ 118 ],Standalone,,,,The Last Remnant,,,,,,,71.0,,Multiplatform,,False
,Square Enix,"September 13, 2022",Standalone,,,,Various Daylife,,,,,,,71.0,,Multiplatform,,False
,Square Enix,[ 284 ],Standalone,,,,World of Final Fantasy,,,,,,,71.0,,Multiplatform,,False
,Square Enix,,Standalone,,,,Dragon Quest I & II HD-2D Remake,,,,,,,71.0,,Multiplatform,,False
,Square Enix,,Standalone,,,,Dragon Quest VII Reimagined,,,,,,,71.0,,Multiplatform,,False
,Square Enix,Coming,Standalone,,,,Final Fantasy VII Rebirth,,,,,,,71.0,,Multiplatform,,False
,Square Enix,Yes,Standalone,,,,Final Fantasy VII Remake,,,,,,,71.0,,Multiplatform,,False
,Square Enix,,Standalone,,,,The Adventures of Elliot: The Millennium Tales,,,,,,,71.0,,Multiplatform,,False
Nosgoth,Square Enix,Psyonix,Legacy of Kain,Action,Hack-and-Slash / Dark Fantasy,Unknown,PC,PC,PC,2020.0,JP,,,,,Exclusive,N/A,False
Nosgoth,Square Enix,Psyonix,Legacy of Kain,Action,Hack-and-Slash / Dark Fantasy,Unknown,PC,PC,PC,2020.0,NA,,,,,Exclusive,N/A,False
Nosgoth,Square Enix,Psyonix,Legacy of Kain,Action,Hack-and-Slash / Dark Fantasy,Unknown,PC,PC,PC,2020.0,Other,,,,,Exclusive,N/A,False
Nosgoth,Square Enix,Psyonix,Legacy of Kain,Action,Hack-and-Slash / Dark Fantasy,Unknown,PC,PC,PC,2020.0,PAL,,,,,Exclusive,N/A,False
Ocean Commander,Square Enix,Phoenix Games,Standalone,Simulation,,Unknown,PS2,PlayStation,Home Console,2007.0,JP,,,,,Exclusive,N/A,False
Ocean Commander,Square Enix,Phoenix Games,Standalone,Simulation,,Unknown,PS2,PlayStation,Home Console,2007.0,NA,,,,,Exclusive,N/A,False
Ocean Commander,Square Enix,Phoenix Games,Standalone,Simulation,,Unknown,PS2,PlayStation,Home Console,2007.0,Other,,,,,Exclusive,N/A,False
Ocean Commander,Square Enix,Phoenix Games,Standalone,Simulation,,Unknown,PS2,PlayStation,Home Console,2007.0,PAL,,,,,Exclusive,N/A,False
Octopath Traveler,Square Enix,Square Enix,Octopath Traveler,Role-Playing,Turn-Based RPG,Hybrid,All,Other,Other,2018.0,JP,,,84.0,,Timed Exclusive,N/A,False
Octopath Traveler,Square Enix,Square Enix,Octopath Traveler,Role-Playing,Turn-Based RPG,Hybrid,All,Other,Other,2018.0,NA,,,84.0,,Timed Exclusive,N/A,False
Octopath Traveler,Square Enix,Square Enix,Octopath Traveler,Role-Playing,Turn-Based RPG,Hybrid,All,Other,Other,2018.0,Other,,,84.0,,Timed Exclusive,N/A,False
Octopath Traveler,Square Enix,Square Enix,Octopath Traveler,Role-Playing,Turn-Based RPG,Hybrid,All,Other,Other,2018.0,PAL,,,84.0,,Timed Exclusive,N/A,False
Octopath Traveler,Square Enix,Square Enix,Octopath Traveler,Role-Playing,Turn-Based RPG,Hybrid,PC,PC,PC,2019.0,JP,,,84.0,,Timed Exclusive,N/A,False
Octopath Traveler,Square Enix,Square Enix,Octopath Traveler,Role-Playing,Turn-Based RPG,Hybrid,PC,PC,PC,2019.0,NA,,,84.0,,Timed Exclusive,N/A,False
Octopath Traveler,Square Enix,Square Enix,Octopath Traveler,Role-Playing,Turn-Based RPG,Hybrid,PC,PC,PC,2019.0,Other,,,84.0,,Timed Exclusive,N/A,False
Octopath Traveler,Square Enix,Square Enix,Octopath Traveler,Role-Playing,Turn-Based RPG,Hybrid,PC,PC,PC,2019.0,PAL,,,84.0,,Timed Exclusive,N/A,False
Octopath Traveler,Square Enix,Square Enix,Octopath Traveler,Role-Playing,Turn-Based RPG,Hybrid,Series,Other,Other,2018.0,JP,,,84.0,,Timed Exclusive,N/A,False
Octopath Traveler,Square Enix,Square Enix,Octopath Traveler,Role-Playing,Turn-Based RPG,Hybrid,Series,Other,Other,2018.0,NA,,,84.0,,Timed Exclusive,N/A,False
Octopath Traveler,Square Enix,Square Enix,Octopath Traveler,Role-Playing,Turn-Based RPG,Hybrid,Series,Other,Other,2018.0,Other,,,84.0,,Timed Exclusive,N/A,False
Octopath Traveler,Square Enix,Square Enix,Octopath Traveler,Role-Playing,Turn-Based RPG,Hybrid,Series,Other,Other,2018.0,PAL,,,84.0,,Timed Exclusive,N/A,False
,Square Enix,"December 4, 2025",Standalone,,,,Dragon Quest I & II HD-2D Remake,,,,,,,86.0,,Multiplatform,,False
,Square Enix,"December 4, 2025",Standalone,,,,Dragon Quest VII Reimagined,,,,,,,86.0,,Multiplatform,,False
,Square Enix,"December 4, 2025",Standalone,,,,Nintendo Switch 2,,,,,,,86.0,,Multiplatform,,False
,Square Enix,"December 4, 2025",Standalone,,,,PS4,,,,,,,86.0,,Multiplatform,,False
,Square Enix,"December 4, 2025",Standalone,,,,PS5,,,,,,,86.0,,Multiplatform,,False
,Square Enix,"December 4, 2025",Standalone,,,,Switch,,,,,,,86.0,,Multiplatform,,False
,Square Enix,"December 4, 2025",Standalone,,,,Xbox Series X/S,,,,,,,86.0,,Multiplatform,,False
Octopath Traveler II,Square Enix,Square Enix,Octopath Traveler,Role-Playing,Turn-Based RPG,Hybrid,All,Other,Other,2023.0,JP,,,86.0,,Multiplatform,N/A,False
Octopath Traveler II,Square Enix,Square Enix,Octopath Traveler,Role-Playing,Turn-Based RPG,Hybrid,All,Other,Other,2023.0,NA,,,86.0,,Multiplatform,N/A,False
Octopath Traveler II,Square Enix,Square Enix,Octopath Traveler,Role-Playing,Turn-Based RPG,Hybrid,All,Other,Other,2023.0,Other,,,86.0,,Multiplatform,N/A,False
Octopath Traveler II,Square Enix,Square Enix,Octopath Traveler,Role-Playing,Turn-Based RPG,Hybrid,All,Other,Other,2023.0,PAL,,,86.0,,Multiplatform,N/A,False
Octopath Traveler II,Square Enix,Square Enix,Octopath Traveler,Role-Playing,Turn-Based RPG,Hybrid,Switch,Nintendo,Home Console,2023.0,JP,,,86.0,,Multiplatform,Post-Merger,False
Octopath Traveler II,Square Enix,Square Enix,Octopath Traveler,Role-Playing,Turn-Based RPG,Hybrid,Switch,Nintendo,Home Console,2023.0,NA,,,86.0,,Multiplatform,Post-Merger,False
Octopath Traveler II,Square Enix,Square Enix,Octopath Traveler,Role-Playing,Turn-Based RPG,Hybrid,Switch,Nintendo,Home Console,2023.0,Other,,,86.0,,Multiplatform,Post-Merger,False
Octopath Traveler II,Square Enix,Square Enix,Octopath Traveler,Role-Playing,Turn-Based RPG,Hybrid,Switch,Nintendo,Home Console,2023.0,PAL,,,86.0,,Multiplatform,Post-Merger,False
Offroad Extreme!,Square Enix,Phoenix Games,Standalone,Racing,,Unknown,PS2,PlayStation,Home Console,2007.0,JP,,,,,Exclusive,N/A,False
Offroad Extreme!,Square Enix,Phoenix Games,Standalone,Racing,,Unknown,PS2,PlayStation,Home Console,2007.0,NA,,,,,Exclusive,N/A,False
Offroad Extreme!,Square Enix,Phoenix Games,Standalone,Racing,,Unknown,PS2,PlayStation,Home Console,2007.0,Other,,,,,Exclusive,N/A,False
Offroad Extreme!,Square Enix,Phoenix Games,Standalone,Racing,,Unknown,PS2,PlayStation,Home Console,2007.0,PAL,,,,,Exclusive,N/A,False
Ogre Battle 64: Person of Lordly Caliber,Square Enix,Quest Corporation,Ogre,Role-Playing,Tactical / Strategy RPG,Unknown,VC,Other,Other,2010.0,JP,,,90.0,,Exclusive,N/A,False
Ogre Battle 64: Person of Lordly Caliber,Square Enix,Quest Corporation,Ogre,Role-Playing,Tactical / Strategy RPG,Unknown,VC,Other,Other,2010.0,NA,,,90.0,,Exclusive,N/A,False
Ogre Battle 64: Person of Lordly Caliber,Square Enix,Quest Corporation,Ogre,Role-Playing,Tactical / Strategy RPG,Unknown,VC,Other,Other,2010.0,Other,,,90.0,,Exclusive,N/A,False
Ogre Battle 64: Person of Lordly Caliber,Square Enix,Quest Corporation,Ogre,Role-Playing,Tactical / Strategy RPG,Unknown,VC,Other,Other,2010.0,PAL,,,90.0,,Exclusive,N/A,False
Ogre Battle: The March of the Black Queen,Enix,Quest Corporation,Ogre,Role-Playing,Tactical / Strategy RPG,Unknown,SNES,Nintendo,Home Console,1993.0,JP,,,90.0,,Timed Exclusive,Pre-Split,False
Ogre Battle: The March of the Black Queen,Enix,Quest Corporation,Ogre,Role-Playing,Tactical / Strategy RPG,Unknown,SNES,Nintendo,Home Console,1993.0,NA,,,90.0,,Timed Exclusive,Pre-Split,False
Ogre Battle: The March of the Black Queen,Enix,Quest Corporation,Ogre,Role-Playing,Tactical / Strategy RPG,Unknown,SNES,Nintendo,Home Console,1993.0,Other,,,90.0,,Timed Exclusive,Pre-Split,False
Ogre Battle: The March of the Black Queen,Enix,Quest Corporation,Ogre,Role-Playing,Tactical / Strategy RPG,Unknown,SNES,Nintendo,Home Console,1993.0,PAL,,,90.0,,Timed Exclusive,Pre-Split,False
Ogre Battle: The March of the Black Queen,Square Enix,Quest Corporation,Ogre,Role-Playing,Tactical / Strategy RPG,Unknown,VC,Other,Other,2009.0,JP,,,90.0,,Timed Exclusive,N/A,False
Ogre Battle: The March of the Black Queen,Square Enix,Quest Corporation,Ogre,Role-Playing,Tactical / Strategy RPG,Unknown,VC,Other,Other,2009.0,NA,,,90.0,,Timed Exclusive,N/A,False
Ogre Battle: The March of the Black Queen,Square Enix,Quest Corporation,Ogre,Role-Playing,Tactical / Strategy RPG,Unknown,VC,Other,Other,2009.0,Other,,,90.0,,Timed Exclusive,N/A,False
Ogre Battle: The March of the Black Queen,Square Enix,Quest Corporation,Ogre,Role-Playing,Tactical / Strategy RPG,Unknown,VC,Other,Other,2009.0,PAL,,,90.0,,Timed Exclusive,N/A,False
Omega Assault,Square Enix,Unknown,Standalone,Shooter,,Unknown,PS1,PlayStation,Home Console,2004.0,JP,,,,,Exclusive,N/A,False
Omega Assault,Square Enix,Unknown,Standalone,Shooter,,Unknown,PS1,PlayStation,Home Console,2004.0,NA,,,,,Exclusive,N/A,False
Omega Assault,Square Enix,Unknown,Standalone,Shooter,,Unknown,PS1,PlayStation,Home Console,2004.0,Other,,,,,Exclusive,N/A,False
Omega Assault,Square Enix,Unknown,Standalone,Shooter,,Unknown,PS1,PlayStation,Home Console,2004.0,PAL,,,,,Exclusive,N/A,False
,Enix,Magical Company,Standalone,,,,PS1,,,,,,,,,Multiplatform,,False
,Square Enix,"August 22, 2019",Standalone,,,,Chocobo’s Mystery Dungeon Every Buddy!,,,,,,,70.0,,Multiplatform,,False
,Square Enix,"August 22, 2019",Standalone,,,,Final Fantasy VIII Remastered,,,,,,,70.0,,Multiplatform,,False
Oninaki,Square Enix,Tokyo RPG Factory,Standalone,Action-Adventure,,Unknown,PC,PC,PC,2019.0,JP,,,70.0,,Multiplatform,N/A,False
Oninaki,Square Enix,Tokyo RPG Factory,Standalone,Action-Adventure,,Unknown,PC,PC,PC,2019.0,NA,,,70.0,,Multiplatform,N/A,False
Oninaki,Square Enix,Tokyo RPG Factory,Standalone,Action-Adventure,,Unknown,PC,PC,PC,2019.0,Other,,,70.0,,Multiplatform,N/A,False
Oninaki,Square Enix,Tokyo RPG Factory,Standalone,Action-Adventure,,Unknown,PC,PC,PC,2019.0,PAL,,,70.0,,Multiplatform,N/A,False
Oninaki,Square Enix,Tokyo RPG Factory,Standalone,Action-Adventure,,Unknown,PS4,PlayStation,Home Console,2019.0,JP,,,70.0,,Multiplatform,N/A,False
Oninaki,Square Enix,Tokyo RPG Factory,Standalone,Action-Adventure,,Unknown,PS4,PlayStation,Home Console,2019.0,NA,,,70.0,,Multiplatform,N/A,False
Oninaki,Square Enix,Tokyo RPG Factory,Standalone,Action-Adventure,,Unknown,PS4,PlayStation,Home Console,2019.0,Other,,,70.0,,Multiplatform,N/A,False
Oninaki,Square Enix,Tokyo RPG Factory,Standalone,Action-Adventure,,Unknown,PS4,PlayStation,Home Console,2019.0,PAL,,,70.0,,Multiplatform,N/A,False
Oninaki,Square Enix,Tokyo RPG Factory,Standalone,Action-Adventure,,Unknown,Switch,Nintendo,Home Console,2019.0,JP,,,70.0,,Multiplatform,Post-Merger,False
Oninaki,Square Enix,Tokyo RPG Factory,Standalone,Action-Adventure,,Unknown,Switch,Nintendo,Home Console,2019.0,NA,,,70.0,,Multiplatform,Post-Merger,False
Oninaki,Square Enix,Tokyo RPG Factory,Standalone,Action-Adventure,,Unknown,Switch,Nintendo,Home Console,2019.0,Other,,,70.0,,Multiplatform,Post-Merger,False
Oninaki,Square Enix,Tokyo RPG Factory,Standalone,Action-Adventure,,Unknown,Switch,Nintendo,Home Console,2019.0,PAL,,,70.0,,Multiplatform,Post-Merger,False
Order of War,Square Enix,Wargaming.net,Standalone,Strategy,,Unknown,PC,PC,PC,2009.0,JP,,,,,Exclusive,N/A,False
Order of War,Square Enix,Wargaming.net,Standalone,Strategy,,Unknown,PC,PC,PC,2009.0,NA,0.0,,,,Exclusive,N/A,False
Order of War,Square Enix,Wargaming.net,Standalone,Strategy,,Unknown,PC,PC,PC,2009.0,Other,0.0,,,,Exclusive,N/A,False
Order of War,Square Enix,Wargaming.net,Standalone,Strategy,,Unknown,PC,PC,PC,2009.0,PAL,0.01,,,,Exclusive,N/A,False
Orega Kantoku Da! Gekitou Pennant Race,Enix,Enix Corporation,Standalone,Sports,,Unknown,PS2,PlayStation,Home Console,2000.0,JP,0.08,,,,Exclusive,N/A,True
Orega Kantoku Da! Gekitou Pennant Race,Enix,Enix Corporation,Standalone,Sports,,Unknown,PS2,PlayStation,Home Console,2000.0,NA,,,,,Exclusive,N/A,True
Orega Kantoku Da! Gekitou Pennant Race,Enix,Enix Corporation,Standalone,Sports,,Unknown,PS2,PlayStation,Home Console,2000.0,Other,,,,,Exclusive,N/A,True
Orega Kantoku Da! Gekitou Pennant Race,Enix,Enix Corporation,Standalone,Sports,,Unknown,PS2,PlayStation,Home Console,2000.0,PAL,,,,,Exclusive,N/A,True
Orega Kantoku Da! Gekitou Pennant Race Volume 2,Enix,Enix Corporation,Standalone,Sports,,Unknown,PS2,PlayStation,Home Console,2002.0,JP,,,,,Exclusive,N/A,False
Orega Kantoku Da! Gekitou Pennant Race Volume 2,Enix,Enix Corporation,Standalone,Sports,,Unknown,PS2,PlayStation,Home Console,2002.0,NA,,,,,Exclusive,N/A,False
Orega Kantoku Da! Gekitou Pennant Race Volume 2,Enix,Enix Corporation,Standalone,Sports,,Unknown,PS2,PlayStation,Home Console,2002.0,Other,,,,,Exclusive,N/A,False
Orega Kantoku Da! Gekitou Pennant Race Volume 2,Enix,Enix Corporation,Standalone,Sports,,Unknown,PS2,PlayStation,Home Console,2002.0,PAL,,,,,Exclusive,N/A,False
,Enix,Tamsoft,Standalone,,,,PS2,,,,,,,,,Multiplatform,,False
Outriders,Square Enix,People Can Fly,Outriders,Action,Third-Person Shooter / Action RPG,3D,PC,PC,PC,2021.0,JP,,,73.0,,Multiplatform,N/A,False
Outriders,Square Enix,People Can Fly,Outriders,Action,Third-Person Shooter / Action RPG,3D,PC,PC,PC,2021.0,NA,,,73.0,,Multiplatform,N/A,False
Outriders,Square Enix,People Can Fly,Outriders,Action,Third-Person Shooter / Action RPG,3D,PC,PC,PC,2021.0,Other,,,73.0,,Multiplatform,N/A,False
Outriders,Square Enix,People Can Fly,Outriders,Action,Third-Person Shooter / Action RPG,3D,PC,PC,PC,2021.0,PAL,,,73.0,,Multiplatform,N/A,False
Outriders,Square Enix,People Can Fly,Outriders,Action,Third-Person Shooter / Action RPG,3D,PS4,PlayStation,Home Console,2021.0,JP,,,73.0,,Multiplatform,N/A,False
Outriders,Square Enix,People Can Fly,Outriders,Action,Third-Person Shooter / Action RPG,3D,PS4,PlayStation,Home Console,2021.0,NA,,,73.0,,Multiplatform,N/A,False
Outriders,Square Enix,People Can Fly,Outriders,Action,Third-Person Shooter / Action RPG,3D,PS4,PlayStation,Home Console,2021.0,Other,,,73.0,,Multiplatform,N/A,False
Outriders,Square Enix,People Can Fly,Outriders,Action,Third-Person Shooter / Action RPG,3D,PS4,PlayStation,Home Console,2021.0,PAL,,,73.0,,Multiplatform,N/A,False
Outriders,Square Enix,People Can Fly,Outriders,Shooter,Third-Person Shooter / Action RPG,3D,PS5,PlayStation,Home Console,2021.0,JP,,,73.0,,Multiplatform,N/A,False
Outriders,Square Enix,People Can Fly,Outriders,Shooter,Third-Person Shooter / Action RPG,3D,PS5,PlayStation,Home Console,2021.0,NA,,,73.0,,Multiplatform,N/A,False
Outriders,Square Enix,People Can Fly,Outriders,Shooter,Third-Person Shooter / Action RPG,3D,PS5,PlayStation,Home Console,2021.0,Other,,,73.0,,Multiplatform,N/A,False
Outriders,Square Enix,People Can Fly,Outriders,Shooter,Third-Person Shooter / Action RPG,3D,PS5,PlayStation,Home Console,2021.0,PAL,,,73.0,,Multiplatform,N/A,False
Outriders,Square Enix,People Can Fly,Outriders,Shooter,Third-Person Shooter / Action RPG,3D,XS,Other,Other,2021.0,JP,,,73.0,,Multiplatform,N/A,False
Outriders,Square Enix,People Can Fly,Outriders,Shooter,Third-Person Shooter / Action RPG,3D,XS,Other,Other,2021.0,NA,,,73.0,,Multiplatform,N/A,False
Outriders,Square Enix,People Can Fly,Outriders,Shooter,Third-Person Shooter / Action RPG,3D,XS,Other,Other,2021.0,Other,,,73.0,,Multiplatform,N/A,False
Outriders,Square Enix,People Can Fly,Outriders,Shooter,Third-Person Shooter / Action RPG,3D,XS,Other,Other,2021.0,PAL,,,73.0,,Multiplatform,N/A,False
Outriders,Square Enix,People Can Fly,Outriders,Action,Third-Person Shooter / Action RPG,3D,Xbox One,Microsoft,Home Console,2021.0,JP,,,73.0,,Multiplatform,N/A,False
Outriders,Square Enix,People Can Fly,Outriders,Action,Third-Person Shooter / Action RPG,3D,Xbox One,Microsoft,Home Console,2021.0,NA,,,73.0,,Multiplatform,N/A,False
Outriders,Square Enix,People Can Fly,Outriders,Action,Third-Person Shooter / Action RPG,3D,Xbox One,Microsoft,Home Console,2021.0,Other,,,73.0,,Multiplatform,N/A,False
Outriders,Square Enix,People Can Fly,Outriders,Action,Third-Person Shooter / Action RPG,3D,Xbox One,Microsoft,Home Console,2021.0,PAL,,,73.0,,Multiplatform,N/A,False
Oyako de Asobo: Miffy no Omocha Bako,Square Enix,Square Enix,Standalone,Misc,,Unknown,Wii,Nintendo,Home Console,2010.0,JP,,,,,Exclusive,Post-Merger,False
Oyako de Asobo: Miffy no Omocha Bako,Square Enix,Square Enix,Standalone,Misc,,Unknown,Wii,Nintendo,Home Console,2010.0,NA,,,,,Exclusive,Post-Merger,False
Oyako de Asobo: Miffy no Omocha Bako,Square Enix,Square Enix,Standalone,Misc,,Unknown,Wii,Nintendo,Home Console,2010.0,Other,,,,,Exclusive,Post-Merger,False
Oyako de Asobo: Miffy no Omocha Bako,Square Enix,Square Enix,Standalone,Misc,,Unknown,Wii,Nintendo,Home Console,2010.0,PAL,,,,,Exclusive,Post-Merger,False
Paladin's Quest,Enix,Copya Systems,Standalone,Role-Playing,,Unknown,SNES,Nintendo,Home Console,1993.0,JP,,,,,Exclusive,Pre-Split,False
Paladin's Quest,Enix,Copya Systems,Standalone,Role-Playing,,Unknown,SNES,Nintendo,Home Console,1993.0,NA,,,,,Exclusive,Pre-Split,False
Paladin's Quest,Enix,Copya Systems,Standalone,Role-Playing,,Unknown,SNES,Nintendo,Home Console,1993.0,Other,,,,,Exclusive,Pre-Split,False
Paladin's Quest,Enix,Copya Systems,Standalone,Role-Playing,,Unknown,SNES,Nintendo,Home Console,1993.0,PAL,,,,,Exclusive,Pre-Split,False
,Square Enix,Xeen,Standalone,,,,PC,,,,,,,,,Multiplatform,,False
,Square Enix,Xeen,Standalone,,,,Switch,,,,,,,,,Multiplatform,,False
,Square Enix,Xeen,Standalone,,,,The Adventures of Elliot: The Millennium Tales,,,,,,,,,Multiplatform,,False
,Square Enix,Windows,Standalone,,,,Octopath Traveler II,,,,,,,,,Exclusive,,False
,Square Enix,"April 24, 2023",Standalone,,,,Square Enix AI Tech Preview: The Portopia Serial Murder Case,,,,,,,,,Exclusive,,False
PARANORMASIGHT: The Seven Mysteries of Honjo,Square Enix,Square Enix,Standalone,Adventure,,Unknown,Switch,Nintendo,Home Console,2023.0,JP,,,,,Exclusive,Post-Merger,False
PARANORMASIGHT: The Seven Mysteries of Honjo,Square Enix,Square Enix,Standalone,Adventure,,Unknown,Switch,Nintendo,Home Console,2023.0,NA,,,,,Exclusive,Post-Merger,False
PARANORMASIGHT: The Seven Mysteries of Honjo,Square Enix,Square Enix,Standalone,Adventure,,Unknown,Switch,Nintendo,Home Console,2023.0,Other,,,,,Exclusive,Post-Merger,False
PARANORMASIGHT: The Seven Mysteries of Honjo,Square Enix,Square Enix,Standalone,Adventure,,Unknown,Switch,Nintendo,Home Console,2023.0,PAL,,,,,Exclusive,Post-Merger,False
Parasite Eve,Squaresoft,SquareSoft,Parasite Eve,Role-Playing,Survival Horror,3D,PS1,PlayStation,Home Console,1998.0,JP,,,79.0,,Multiplatform,N/A,False
Parasite Eve,Squaresoft,SquareSoft,Parasite Eve,Role-Playing,Survival Horror,3D,PS1,PlayStation,Home Console,1998.0,NA,,,79.0,,Multiplatform,N/A,False
Parasite Eve,Squaresoft,SquareSoft,Parasite Eve,Role-Playing,Survival Horror,3D,PS1,PlayStation,Home Console,1998.0,Other,,,79.0,,Multiplatform,N/A,False
Parasite Eve,Squaresoft,SquareSoft,Parasite Eve,Role-Playing,Survival Horror,3D,PS1,PlayStation,Home Console,1998.0,PAL,,,79.0,,Multiplatform,N/A,False
Parasite Eve,Squaresoft,Square,Parasite Eve,Role-Playing,Survival Horror,3D,Series,Other,Other,1998.0,JP,,,,,Multiplatform,N/A,False
Parasite Eve,Squaresoft,Square,Parasite Eve,Role-Playing,Survival Horror,3D,Series,Other,Other,1998.0,NA,,,,,Multiplatform,N/A,False
Parasite Eve,Squaresoft,Square,Parasite Eve,Role-Playing,Survival Horror,3D,Series,Other,Other,1998.0,Other,,,,,Multiplatform,N/A,False
Parasite Eve,Squaresoft,Square,Parasite Eve,Role-Playing,Survival Horror,3D,Series,Other,Other,1998.0,PAL,,,,,Multiplatform,N/A,False
Parasite Eve II,Squaresoft,SquareSoft,Parasite Eve,Role-Playing,Survival Horror,3D,PS1,PlayStation,Home Console,2000.0,JP,,,74.0,,Timed Exclusive,N/A,True
Parasite Eve II,Squaresoft,SquareSoft,Parasite Eve,Role-Playing,Survival Horror,3D,PS1,PlayStation,Home Console,2000.0,NA,,,74.0,,Timed Exclusive,N/A,True
Parasite Eve II,Squaresoft,SquareSoft,Parasite Eve,Role-Playing,Survival Horror,3D,PS1,PlayStation,Home Console,2000.0,Other,,,74.0,,Timed Exclusive,N/A,True
Parasite Eve II,Squaresoft,SquareSoft,Parasite Eve,Role-Playing,Survival Horror,3D,PS1,PlayStation,Home Console,2000.0,PAL,,,74.0,,Timed Exclusive,N/A,True
Parasite Eve II,Square Enix,SquareSoft,Parasite Eve,Role-Playing,Survival Horror,3D,PSN,Other,Other,2011.0,JP,,,,,Timed Exclusive,N/A,True
Parasite Eve II,Square Enix,SquareSoft,Parasite Eve,Role-Playing,Survival Horror,3D,PSN,Other,Other,2011.0,NA,,,,,Timed Exclusive,N/A,True
Parasite Eve II,Square Enix,SquareSoft,Parasite Eve,Role-Playing,Survival Horror,3D,PSN,Other,Other,2011.0,Other,,,,,Timed Exclusive,N/A,True
Parasite Eve II,Square Enix,SquareSoft,Parasite Eve,Role-Playing,Survival Horror,3D,PSN,Other,Other,2011.0,PAL,,,,,Timed Exclusive,N/A,True
Peter Pan,Square Enix,Phoenix Games,Standalone,Misc,,Unknown,PS2,PlayStation,Home Console,2007.0,JP,,,,,Exclusive,N/A,False
Peter Pan,Square Enix,Phoenix Games,Standalone,Misc,,Unknown,PS2,PlayStation,Home Console,2007.0,NA,,,,,Exclusive,N/A,False
Peter Pan,Square Enix,Phoenix Games,Standalone,Misc,,Unknown,PS2,PlayStation,Home Console,2007.0,Other,,,,,Exclusive,N/A,False
Peter Pan,Square Enix,Phoenix Games,Standalone,Misc,,Unknown,PS2,PlayStation,Home Console,2007.0,PAL,,,,,Exclusive,N/A,False
Pingu no Waku Waku Carnival!,Square Enix,Square Enix,Standalone,Misc,,Unknown,DS,Nintendo,Handheld,2008.0,JP,0.0,,,,Exclusive,Post-Merger,False
Pingu no Waku Waku Carnival!,Square Enix,Square Enix,Standalone,Misc,,Unknown,DS,Nintendo,Handheld,2008.0,NA,,,,,Exclusive,Post-Merger,False
Pingu no Waku Waku Carnival!,Square Enix,Square Enix,Standalone,Misc,,Unknown,DS,Nintendo,Handheld,2008.0,Other,,,,,Exclusive,Post-Merger,False
Pingu no Waku Waku Carnival!,Square Enix,Square Enix,Standalone,Misc,,Unknown,DS,Nintendo,Handheld,2008.0,PAL,,,,,Exclusive,Post-Merger,False
,Square Enix,Square Enix,Standalone,,,,DS,,,,,,,,,Multiplatform,,False
Pinocchio,Square Enix,Phoenix Games,Standalone,Adventure,,Unknown,PS2,PlayStation,Home Console,2006.0,JP,,,,,Exclusive,N/A,False
Pinocchio,Square Enix,Phoenix Games,Standalone,Adventure,,Unknown,PS2,PlayStation,Home Console,2006.0,NA,,,,,Exclusive,N/A,False
Pinocchio,Square Enix,Phoenix Games,Standalone,Adventure,,Unknown,PS2,PlayStation,Home Console,2006.0,Other,,,,,Exclusive,N/A,False
Pinocchio,Square Enix,Phoenix Games,Standalone,Adventure,,Unknown,PS2,PlayStation,Home Console,2006.0,PAL,,,,,Exclusive,N/A,False
,Enix,Heartbeat,Standalone,,,,Dragon Quest IV,,,,,,,56.0,,Multiplatform,,False
,Square Enix,,Standalone,,,,Dungeon Siege III,,,,,,,,,Multiplatform,,False
,Square Enix,[ 202 ],Standalone,,,,Scarygirl,,,,,,,,,Multiplatform,,False
,Square Enix,,Standalone,,,,Star Ocean: Integrity and Faithlessness,,,,,,,,,Multiplatform,,False
,Square Enix,,Standalone,,,,Chrono Cross: The Radical Dreamers Edition,,,,,,,,,Multiplatform,,False
,Square Enix,,Standalone,,,,Dungeon Encounters,,,,,,,,,Multiplatform,,False
,Square Enix,Yes,Standalone,,,,Final Fantasy II Pixel Remaster,,,,,,,,,Multiplatform,,False
,Square Enix,Yes,Standalone,,,,Final Fantasy IV Pixel Remaster,,,,,,,,,Multiplatform,,False
,Square Enix,Yes,Standalone,,,,Final Fantasy V Pixel Remaster,,,,,,,,,Multiplatform,,False
,Square Enix,Yes,Standalone,,,,Final Fantasy VI Pixel Remaster,,,,,,,,,Multiplatform,,False
,Square Enix,,Standalone,,,,Final Fantasy VIII Remastered,,,,,,,,,Multiplatform,,False
,Square Enix,"February 27, 2018",Standalone,,,,Gravel,,,,,,,,,Multiplatform,,False
,Square Enix,"November 13, 2020",Standalone,,,,Kingdom Hearts: Melody of Memory,,,,,,,,,Multiplatform,,False
,Square Enix,Yes,Standalone,,,,Live A Live,,,,,,,,,Multiplatform,,False
,Square Enix,,Standalone,,,,Lost Sphear,,,,,,,,,Multiplatform,,False
,Square Enix,[ 310 ],Standalone,,,,Million Arthur Arcana Blood,,,,,,,,,Multiplatform,,False
,Square Enix,"July 27, 2021",Standalone,,,,Neo: The World Ends with You,,,,,,,,,Multiplatform,,False
,Square Enix,[ 327 ],Standalone,,,,Octopath Traveler,,,,,,,,,Multiplatform,,False
,Square Enix,,Standalone,,,,Octopath Traveler II,,,,,,,,,Multiplatform,,False
,Square Enix,,Standalone,,,,SaGa Frontier 2 Remastered,,,,,,,,,Multiplatform,,False
,Square Enix,,Standalone,,,,SaGa Frontier Remastered,,,,,,,,,Multiplatform,,False
,Square Enix,[ 290 ],Standalone,,,,SaGa: Scarlet Grace,,,,,,,,,Multiplatform,,False
,Square Enix,,Standalone,,,,Secret of Mana,,,,,,,,,Multiplatform,,False
,Square Enix,,Standalone,,,,Star Ocean: The Second Story R,,,,,,,,,Multiplatform,,False
,Square Enix,[ 117 ],Standalone,,,,The Last Remnant,,,,,,,,,Multiplatform,,False
,Square Enix,"September 13, 2022",Standalone,,,,Various Daylife,,,,,,,,,Multiplatform,,False
,Square Enix,"August 29, 2024",Standalone,,,,Visions of Mana,,,,,,,,,Multiplatform,,False
,Square Enix,,Standalone,,,,Dragon Quest I & II HD-2D Remake,,,,,,,,,Multiplatform,,False
,Square Enix,"November 14, 2024",Standalone,,,,Dragon Quest III HD-2D Remake,,,,,,,,,Multiplatform,,False
,Square Enix,,Standalone,,,,Dragon Quest VII Reimagined,,,,,,,,,Multiplatform,,False
,Square Enix,[ 344 ],Standalone,,,,Final Fantasy VII Remake,,,,,,,,,Multiplatform,,False
,Square Enix,,Standalone,,,,Forspoken,,,,,,,,,Multiplatform,,False
,Square Enix,Yes,Standalone,,,,Live A Live,,,,,,,,,Multiplatform,,False
,Square Enix,[ 327 ],Standalone,,,,Octopath Traveler,,,,,,,,,Multiplatform,,False
,Square Enix,,Standalone,,,,Octopath Traveler II,,,,,,,,,Multiplatform,,False
,Square Enix,,Standalone,,,,SaGa Frontier 2 Remastered,,,,,,,,,Multiplatform,,False
,Square Enix,,Standalone,,,,Star Ocean: The Second Story R,,,,,,,,,Multiplatform,,False
,Square Enix,,Standalone,,,,The Adventures of Elliot: The Millennium Tales,,,,,,,,,Multiplatform,,False
,Square Enix,[ 370 ],Standalone,,,,Triangle Strategy,,,,,,,,,Multiplatform,,False
,Square Enix,,Standalone,,,,Valkyrie Elysium,,,,,,,,,Multiplatform,,False
,Square Enix,"August 29, 2024",Standalone,,,,Visions of Mana,,,,,,,,,Multiplatform,,False
,Square Enix,,Standalone,,,,Secret of Mana,,,,,,,,,Multiplatform,,False
,Square Enix,,Standalone,,,,WRC 4: FIA World Rally Championship,,,,,,,,,Multiplatform,,False
,Square Enix,,Standalone,,,,World of Final Fantasy,,,,,,,,,Multiplatform,,False
Pony Friends 2,Square Enix,Tantalus Interactive,Standalone,Simulation,,Unknown,DS,Nintendo,Handheld,2010.0,JP,,,,,Multiplatform,Post-Merger,False
Pony Friends 2,Square Enix,Tantalus Interactive,Standalone,Simulation,,Unknown,DS,Nintendo,Handheld,2010.0,NA,0.21,,,,Multiplatform,Post-Merger,False
Pony Friends 2,Square Enix,Tantalus Interactive,Standalone,Simulation,,Unknown,DS,Nintendo,Handheld,2010.0,Other,0.02,,,,Multiplatform,Post-Merger,False
Pony Friends 2,Square Enix,Tantalus Interactive,Standalone,Simulation,,Unknown,DS,Nintendo,Handheld,2010.0,PAL,0.09,,,,Multiplatform,Post-Merger,False
Pony Friends 2,Square Enix,Tantalus Interactive,Standalone,Simulation,,Unknown,PC,PC,PC,2010.0,JP,,,,,Multiplatform,N/A,False
Pony Friends 2,Square Enix,Tantalus Interactive,Standalone,Simulation,,Unknown,PC,PC,PC,2010.0,NA,,,,,Multiplatform,N/A,False
Pony Friends 2,Square Enix,Tantalus Interactive,Standalone,Simulation,,Unknown,PC,PC,PC,2010.0,Other,0.0,,,,Multiplatform,N/A,False
Pony Friends 2,Square Enix,Tantalus Interactive,Standalone,Simulation,,Unknown,PC,PC,PC,2010.0,PAL,0.01,,,,Multiplatform,N/A,False
Pony Friends 2,Square Enix,Tantalus Interactive,Standalone,Simulation,,Unknown,Wii,Nintendo,Home Console,2010.0,JP,,,,,Multiplatform,Post-Merger,False
Pony Friends 2,Square Enix,Tantalus Interactive,Standalone,Simulation,,Unknown,Wii,Nintendo,Home Console,2010.0,NA,0.03,,,,Multiplatform,Post-Merger,False
Pony Friends 2,Square Enix,Tantalus Interactive,Standalone,Simulation,,Unknown,Wii,Nintendo,Home Console,2010.0,Other,0.01,,,,Multiplatform,Post-Merger,False
Pony Friends 2,Square Enix,Tantalus Interactive,Standalone,Simulation,,Unknown,Wii,Nintendo,Home Console,2010.0,PAL,0.04,,,,Multiplatform,Post-Merger,False
,Enix,Symbio Systems,Standalone,,,,PS1,,,,,,,,,Multiplatform,,False
Portopia Renzoku Satsujin Jiken,Enix,ChunSoft,Standalone,Adventure,,Unknown,NES,Nintendo,Home Console,1985.0,JP,,,,,Exclusive,Pre-Split,False
Portopia Renzoku Satsujin Jiken,Enix,ChunSoft,Standalone,Adventure,,Unknown,NES,Nintendo,Home Console,1985.0,NA,,,,,Exclusive,Pre-Split,False
Portopia Renzoku Satsujin Jiken,Enix,ChunSoft,Standalone,Adventure,,Unknown,NES,Nintendo,Home Console,1985.0,Other,,,,,Exclusive,Pre-Split,False
Portopia Renzoku Satsujin Jiken,Enix,ChunSoft,Standalone,Adventure,,Unknown,NES,Nintendo,Home Console,1985.0,PAL,,,,,Exclusive,Pre-Split,False
,Enix,Chunsoft,Standalone,,,,NES,,,,,,,,,Multiplatform,,False
Portpia Renzoku Satsujin Jiken,Enix,ChunSoft,Standalone,Adventure,,Unknown,NES,Nintendo,Home Console,1985.0,JP,,,,,Exclusive,Pre-Split,False
Portpia Renzoku Satsujin Jiken,Enix,ChunSoft,Standalone,Adventure,,Unknown,NES,Nintendo,Home Console,1985.0,NA,,,,,Exclusive,Pre-Split,False
Portpia Renzoku Satsujin Jiken,Enix,ChunSoft,Standalone,Adventure,,Unknown,NES,Nintendo,Home Console,1985.0,Other,,,,,Exclusive,Pre-Split,False
Portpia Renzoku Satsujin Jiken,Enix,ChunSoft,Standalone,Adventure,,Unknown,NES,Nintendo,Home Console,1985.0,PAL,,,,,Exclusive,Pre-Split,False
,Squaresoft,Aques,Standalone,,,,PS1,,,,,,,,,Multiplatform,,False
,Squaresoft,Aques,Standalone,,,,PS1,,,,,,,,,Multiplatform,,False
,Squaresoft,Aques,Standalone,,,,PS1,,,,,,,,,Multiplatform,,False
PowerWash Simulator,Square Enix,FuturLab,Standalone,Simulation,,Unknown,PS5,PlayStation,Home Console,2023.0,JP,,,75.0,,Exclusive,N/A,False
PowerWash Simulator,Square Enix,FuturLab,Standalone,Simulation,,Unknown,PS5,PlayStation,Home Console,2023.0,NA,,,75.0,,Exclusive,N/A,False
PowerWash Simulator,Square Enix,FuturLab,Standalone,Simulation,,Unknown,PS5,PlayStation,Home Console,2023.0,Other,,,75.0,,Exclusive,N/A,False
PowerWash Simulator,Square Enix,FuturLab,Standalone,Simulation,,Unknown,PS5,PlayStation,Home Console,2023.0,PAL,,,75.0,,Exclusive,N/A,False
Project Athia,Square Enix,Square Enix,Standalone,Action RPG,,Unknown,PC,PC,PC,2021.0,JP,,,,,Multiplatform,N/A,False
Project Athia,Square Enix,Square Enix,Standalone,Action RPG,,Unknown,PC,PC,PC,2021.0,NA,,,,,Multiplatform,N/A,False
Project Athia,Square Enix,Square Enix,Standalone,Action RPG,,Unknown,PC,PC,PC,2021.0,Other,,,,,Multiplatform,N/A,False
Project Athia,Square Enix,Square Enix,Standalone,Action RPG,,Unknown,PC,PC,PC,2021.0,PAL,,,,,Multiplatform,N/A,False
Project Athia,Square Enix,Square Enix,Standalone,Action RPG,,Unknown,PS5,PlayStation,Home Console,2021.0,JP,,,,,Multiplatform,N/A,False
Project Athia,Square Enix,Square Enix,Standalone,Action RPG,,Unknown,PS5,PlayStation,Home Console,2021.0,NA,,,,,Multiplatform,N/A,False
Project Athia,Square Enix,Square Enix,Standalone,Action RPG,,Unknown,PS5,PlayStation,Home Console,2021.0,Other,,,,,Multiplatform,N/A,False
Project Athia,Square Enix,Square Enix,Standalone,Action RPG,,Unknown,PS5,PlayStation,Home Console,2021.0,PAL,,,,,Multiplatform,N/A,False
,Squaresoft,Aques,Standalone,,,,PS1,,,,,,,,,Multiplatform,,False
The Puzzle 2,Enix,Axes Art Amuse,Standalone,Puzzle,,Unknown,PS1,PlayStation,Home Console,2003.0,JP,,,,,Exclusive,N/A,False
The Puzzle 2,Enix,Axes Art Amuse,Standalone,Puzzle,,Unknown,PS1,PlayStation,Home Console,2003.0,NA,,,,,Exclusive,N/A,False
The Puzzle 2,Enix,Axes Art Amuse,Standalone,Puzzle,,Unknown,PS1,PlayStation,Home Console,2003.0,Other,,,,,Exclusive,N/A,False
The Puzzle 2,Enix,Axes Art Amuse,Standalone,Puzzle,,Unknown,PS1,PlayStation,Home Console,2003.0,PAL,,,,,Exclusive,N/A,False
,Square Enix,Square Enix / GungHo Online Entertainment,Standalone,,,,Arcade,,,,,,,,,Multiplatform,,False
,Square Enix,Airtight Games,Standalone,,,,Chousoku Henkei Gyrozetter,,,,,,,,,Multiplatform,,False
Quantum Conundrum,Square Enix,Unknown,Standalone,Puzzle,,Unknown,PC,PC,PC,2012.0,JP,,,,,Multiplatform,N/A,False
Quantum Conundrum,Square Enix,Unknown,Standalone,Puzzle,,Unknown,PC,PC,PC,2012.0,NA,,,,,Multiplatform,N/A,False
Quantum Conundrum,Square Enix,Unknown,Standalone,Puzzle,,Unknown,PC,PC,PC,2012.0,Other,,,,,Multiplatform,N/A,False
Quantum Conundrum,Square Enix,Unknown,Standalone,Puzzle,,Unknown,PC,PC,PC,2012.0,PAL,,,,,Multiplatform,N/A,False
Quantum Conundrum,Square Enix,Unknown,Standalone,Puzzle,,Unknown,PS3,PlayStation,Home Console,2012.0,JP,,,,,Multiplatform,N/A,False
Quantum Conundrum,Square Enix,Unknown,Standalone,Puzzle,,Unknown,PS3,PlayStation,Home Console,2012.0,NA,,,,,Multiplatform,N/A,False
Quantum Conundrum,Square Enix,Unknown,Standalone,Puzzle,,Unknown,PS3,PlayStation,Home Console,2012.0,Other,0.0,,,,Multiplatform,N/A,False
Quantum Conundrum,Square Enix,Unknown,Standalone,Puzzle,,Unknown,PS3,PlayStation,Home Console,2012.0,PAL,0.01,,,,Multiplatform,N/A,False
Quantum Conundrum,Square Enix,Unknown,Standalone,Puzzle,,Unknown,Xbox 360,Microsoft,Home Console,2012.0,JP,,,,,Multiplatform,N/A,False
Quantum Conundrum,Square Enix,Unknown,Standalone,Puzzle,,Unknown,Xbox 360,Microsoft,Home Console,2012.0,NA,,,,,Multiplatform,N/A,False
Quantum Conundrum,Square Enix,Unknown,Standalone,Puzzle,,Unknown,Xbox 360,Microsoft,Home Console,2012.0,Other,,,,,Multiplatform,N/A,False
Quantum Conundrum,Square Enix,Unknown,Standalone,Puzzle,,Unknown,Xbox 360,Microsoft,Home Console,2012.0,PAL,,,,,Multiplatform,N/A,False
,Square Enix,Human Head Studios,Standalone,,,,PC,,,,,,,29.0,,Multiplatform,,False
,Square Enix,Human Head Studios,Standalone,,,,PS4,,,,,,,29.0,,Multiplatform,,False
,Square Enix,Human Head Studios,Standalone,,,,Starwing Paradox,,,,,,,29.0,,Multiplatform,,False
,Squaresoft,Square,Standalone,,,,PS1,,,,,,,,,Multiplatform,,False
Racing Lagoon - High Speed Driving RPG,Squaresoft,SquareSoft,Standalone,Racing,,Unknown,PS1,PlayStation,Home Console,1999.0,JP,0.15,,,,Exclusive,N/A,True
Racing Lagoon - High Speed Driving RPG,Squaresoft,SquareSoft,Standalone,Racing,,Unknown,PS1,PlayStation,Home Console,1999.0,NA,,,,,Exclusive,N/A,True
Racing Lagoon - High Speed Driving RPG,Squaresoft,SquareSoft,Standalone,Racing,,Unknown,PS1,PlayStation,Home Console,1999.0,Other,0.01,,,,Exclusive,N/A,True
Racing Lagoon - High Speed Driving RPG,Squaresoft,SquareSoft,Standalone,Racing,,Unknown,PS1,PlayStation,Home Console,1999.0,PAL,,,,,Exclusive,N/A,True
,Squaresoft,Square,Standalone,,,,NES,,,,,,,,,Multiplatform,,False
Rad Racer II,Squaresoft,Square,Standalone,Racing,,Unknown,NES,Nintendo,Home Console,1990.0,JP,,,,,Exclusive,Pre-Split,False
Rad Racer II,Squaresoft,Square,Standalone,Racing,,Unknown,NES,Nintendo,Home Console,1990.0,NA,,,,,Exclusive,Pre-Split,False
Rad Racer II,Squaresoft,Square,Standalone,Racing,,Unknown,NES,Nintendo,Home Console,1990.0,Other,,,,,Exclusive,Pre-Split,False
Rad Racer II,Squaresoft,Square,Standalone,Racing,,Unknown,NES,Nintendo,Home Console,1990.0,PAL,,,,,Exclusive,Pre-Split,False
Radiata Stories,Square Enix,tri-Ace,Standalone,Role-Playing,,Unknown,PS2,PlayStation,Home Console,2005.0,JP,,,77.0,,Exclusive,N/A,False
Radiata Stories,Square Enix,tri-Ace,Standalone,Role-Playing,,Unknown,PS2,PlayStation,Home Console,2005.0,NA,,,77.0,,Exclusive,N/A,False
Radiata Stories,Square Enix,tri-Ace,Standalone,Role-Playing,,Unknown,PS2,PlayStation,Home Console,2005.0,Other,,,77.0,,Exclusive,N/A,False
Radiata Stories,Square Enix,tri-Ace,Standalone,Role-Playing,,Unknown,PS2,PlayStation,Home Console,2005.0,PAL,,,77.0,,Exclusive,N/A,False
Radical Dreamers: Nusumenai Houseki,Squaresoft,SquareSoft,Chrono,Adventure,Turn-Based RPG,Unknown,SNES,Nintendo,Home Console,1996.0,JP,,,,,Exclusive,Pre-Split,False
Radical Dreamers: Nusumenai Houseki,Squaresoft,SquareSoft,Chrono,Adventure,Turn-Based RPG,Unknown,SNES,Nintendo,Home Console,1996.0,NA,,,,,Exclusive,Pre-Split,False
Radical Dreamers: Nusumenai Houseki,Squaresoft,SquareSoft,Chrono,Adventure,Turn-Based RPG,Unknown,SNES,Nintendo,Home Console,1996.0,Other,,,,,Exclusive,Pre-Split,False
Radical Dreamers: Nusumenai Houseki,Squaresoft,SquareSoft,Chrono,Adventure,Turn-Based RPG,Unknown,SNES,Nintendo,Home Console,1996.0,PAL,,,,,Exclusive,Pre-Split,False
,Squaresoft,Square,Standalone,,,,Satellaview,,,,,,,,,Multiplatform,,False
Rainbow Islands: Towering Adventure!,Square Enix,Taito Corporation,Standalone,Puzzle,,Unknown,WW,Other,Other,2009.0,JP,,,,,Exclusive,N/A,False
Rainbow Islands: Towering Adventure!,Square Enix,Taito Corporation,Standalone,Puzzle,,Unknown,WW,Other,Other,2009.0,NA,,,,,Exclusive,N/A,False
Rainbow Islands: Towering Adventure!,Square Enix,Taito Corporation,Standalone,Puzzle,,Unknown,WW,Other,Other,2009.0,Other,,,,,Exclusive,N/A,False
Rainbow Islands: Towering Adventure!,Square Enix,Taito Corporation,Standalone,Puzzle,,Unknown,WW,Other,Other,2009.0,PAL,,,,,Exclusive,N/A,False
Rakugaki Showtime,Enix,"Treasure Co., Ltd.",Standalone,Fighting,,Unknown,PS1,PlayStation,Home Console,1999.0,JP,,,,,Exclusive,N/A,False
Rakugaki Showtime,Enix,"Treasure Co., Ltd.",Standalone,Fighting,,Unknown,PS1,PlayStation,Home Console,1999.0,NA,,,,,Exclusive,N/A,False
Rakugaki Showtime,Enix,"Treasure Co., Ltd.",Standalone,Fighting,,Unknown,PS1,PlayStation,Home Console,1999.0,Other,,,,,Exclusive,N/A,False
Rakugaki Showtime,Enix,"Treasure Co., Ltd.",Standalone,Fighting,,Unknown,PS1,PlayStation,Home Console,1999.0,PAL,,,,,Exclusive,N/A,False
RC Toy Machines,Square Enix,Phoenix Games,Standalone,Racing,,Unknown,PS2,PlayStation,Home Console,2004.0,JP,,,,,Exclusive,N/A,False
RC Toy Machines,Square Enix,Phoenix Games,Standalone,Racing,,Unknown,PS2,PlayStation,Home Console,2004.0,NA,,,,,Exclusive,N/A,False
RC Toy Machines,Square Enix,Phoenix Games,Standalone,Racing,,Unknown,PS2,PlayStation,Home Console,2004.0,Other,,,,,Exclusive,N/A,False
RC Toy Machines,Square Enix,Phoenix Games,Standalone,Racing,,Unknown,PS2,PlayStation,Home Console,2004.0,PAL,,,,,Exclusive,N/A,False
,Squaresoft,Square,Standalone,,,,PocketStation,,,,,,,,,Multiplatform,,False
,Square Enix,Goshow,Standalone,,,,PS Vita,,,,,,,75.0,,Multiplatform,,False
Rise of the Tomb Raider,Square Enix,Crystal Dynamics,Tomb Raider,Action-Adventure,Third-Person Action / Platformer,3D,All,Other,Other,2015.0,JP,11.9,,86.0,,Multiplatform,N/A,False
Rise of the Tomb Raider,Square Enix,Crystal Dynamics,Tomb Raider,Action-Adventure,Third-Person Action / Platformer,3D,All,Other,Other,2015.0,NA,11.9,,86.0,,Multiplatform,N/A,False
Rise of the Tomb Raider,Square Enix,Crystal Dynamics,Tomb Raider,Action-Adventure,Third-Person Action / Platformer,3D,All,Other,Other,2015.0,Other,11.9,,86.0,,Multiplatform,N/A,False
Rise of the Tomb Raider,Square Enix,Crystal Dynamics,Tomb Raider,Action-Adventure,Third-Person Action / Platformer,3D,All,Other,Other,2015.0,PAL,11.9,,86.0,,Multiplatform,N/A,False
Rise of the Tomb Raider,Square Enix,Crystal Dynamics,Tomb Raider,Adventure,Third-Person Action / Platformer,3D,PC,PC,PC,2016.0,JP,11.9,,86.0,,Multiplatform,N/A,False
Rise of the Tomb Raider,Square Enix,Crystal Dynamics,Tomb Raider,Adventure,Third-Person Action / Platformer,3D,PC,PC,PC,2016.0,NA,11.9,,86.0,,Multiplatform,N/A,False
Rise of the Tomb Raider,Square Enix,Crystal Dynamics,Tomb Raider,Adventure,Third-Person Action / Platformer,3D,PC,PC,PC,2016.0,Other,11.9,,86.0,,Multiplatform,N/A,False
Rise of the Tomb Raider,Square Enix,Crystal Dynamics,Tomb Raider,Adventure,Third-Person Action / Platformer,3D,PC,PC,PC,2016.0,PAL,11.9,,86.0,,Multiplatform,N/A,False
Rise of the Tomb Raider,Square Enix,Crystal Dynamics,Tomb Raider,Adventure,Third-Person Action / Platformer,3D,PS4,PlayStation,Home Console,2016.0,JP,11.9,,86.0,,Multiplatform,N/A,False
Rise of the Tomb Raider,Square Enix,Crystal Dynamics,Tomb Raider,Adventure,Third-Person Action / Platformer,3D,PS4,PlayStation,Home Console,2016.0,NA,11.9,,86.0,,Multiplatform,N/A,False
Rise of the Tomb Raider,Square Enix,Crystal Dynamics,Tomb Raider,Adventure,Third-Person Action / Platformer,3D,PS4,PlayStation,Home Console,2016.0,Other,11.9,,86.0,,Multiplatform,N/A,False
Rise of the Tomb Raider,Square Enix,Crystal Dynamics,Tomb Raider,Adventure,Third-Person Action / Platformer,3D,PS4,PlayStation,Home Console,2016.0,PAL,11.9,,86.0,,Multiplatform,N/A,False
Rise of the Tomb Raider,Square Enix,Crystal Dynamics,Tomb Raider,Adventure,Third-Person Action / Platformer,3D,Xbox 360,Microsoft,Home Console,2015.0,JP,11.9,,86.0,,Multiplatform,N/A,False
Rise of the Tomb Raider,Square Enix,Crystal Dynamics,Tomb Raider,Adventure,Third-Person Action / Platformer,3D,Xbox 360,Microsoft,Home Console,2015.0,NA,11.9,,86.0,,Multiplatform,N/A,False
Rise of the Tomb Raider,Square Enix,Crystal Dynamics,Tomb Raider,Adventure,Third-Person Action / Platformer,3D,Xbox 360,Microsoft,Home Console,2015.0,Other,11.9,,86.0,,Multiplatform,N/A,False
Rise of the Tomb Raider,Square Enix,Crystal Dynamics,Tomb Raider,Adventure,Third-Person Action / Platformer,3D,Xbox 360,Microsoft,Home Console,2015.0,PAL,11.9,,86.0,,Multiplatform,N/A,False
Rise of the Tomb Raider,Square Enix,Crystal Dynamics,Tomb Raider,Adventure,Third-Person Action / Platformer,3D,Xbox One,Microsoft,Home Console,2015.0,JP,11.9,,86.0,,Multiplatform,N/A,False
Rise of the Tomb Raider,Square Enix,Crystal Dynamics,Tomb Raider,Adventure,Third-Person Action / Platformer,3D,Xbox One,Microsoft,Home Console,2015.0,NA,11.9,,86.0,,Multiplatform,N/A,False
Rise of the Tomb Raider,Square Enix,Crystal Dynamics,Tomb Raider,Adventure,Third-Person Action / Platformer,3D,Xbox One,Microsoft,Home Console,2015.0,Other,11.9,,86.0,,Multiplatform,N/A,False
Rise of the Tomb Raider,Square Enix,Crystal Dynamics,Tomb Raider,Adventure,Third-Person Action / Platformer,3D,Xbox One,Microsoft,Home Console,2015.0,PAL,11.9,,86.0,,Multiplatform,N/A,False
,Enix,"January 29, 1998",Standalone,,,,Bust a Groove,,,,,,,75.0,,Multiplatform,,False
,Enix,Cyan,Standalone,,,,PS1,,,,,,,75.0,,Multiplatform,,False
,Enix,Cyan,Standalone,,,,Saturn,,,,,,,75.0,,Multiplatform,,False
Robot Alchemic Drive,Enix,Sandlot,Standalone,Action,,Unknown,PS2,PlayStation,Home Console,2002.0,JP,,,,,Exclusive,N/A,False
Robot Alchemic Drive,Enix,Sandlot,Standalone,Action,,Unknown,PS2,PlayStation,Home Console,2002.0,NA,0.03,,,,Exclusive,N/A,False
Robot Alchemic Drive,Enix,Sandlot,Standalone,Action,,Unknown,PS2,PlayStation,Home Console,2002.0,Other,0.01,,,,Exclusive,N/A,False
Robot Alchemic Drive,Enix,Sandlot,Standalone,Action,,Unknown,PS2,PlayStation,Home Console,2002.0,PAL,0.03,,,,Exclusive,N/A,False
Robotrek,Enix,Quintet,Standalone,Role-Playing,,Unknown,SNES,Nintendo,Home Console,1995.0,JP,,,,,Exclusive,Pre-Split,False
Robotrek,Enix,Quintet,Standalone,Role-Playing,,Unknown,SNES,Nintendo,Home Console,1995.0,NA,,,,,Exclusive,Pre-Split,False
Robotrek,Enix,Quintet,Standalone,Role-Playing,,Unknown,SNES,Nintendo,Home Console,1995.0,Other,,,,,Exclusive,Pre-Split,False
Robotrek,Enix,Quintet,Standalone,Role-Playing,,Unknown,SNES,Nintendo,Home Console,1995.0,PAL,,,,,Exclusive,Pre-Split,False
Roller Coaster Funfare,Square Enix,Phoenix Games,Standalone,Strategy,,Unknown,PS2,PlayStation,Home Console,2007.0,JP,,,,,Exclusive,N/A,False
Roller Coaster Funfare,Square Enix,Phoenix Games,Standalone,Strategy,,Unknown,PS2,PlayStation,Home Console,2007.0,NA,,,,,Exclusive,N/A,False
Roller Coaster Funfare,Square Enix,Phoenix Games,Standalone,Strategy,,Unknown,PS2,PlayStation,Home Console,2007.0,Other,,,,,Exclusive,N/A,False
Roller Coaster Funfare,Square Enix,Phoenix Games,Standalone,Strategy,,Unknown,PS2,PlayStation,Home Console,2007.0,PAL,,,,,Exclusive,N/A,False
,Square Enix,Square Enix,Standalone,,,,Front Mission: Online,,,,,,,75.0,,Timed Exclusive,,True
,Square Enix,Square Enix,Standalone,,,,PC,,,,,,,75.0,,Timed Exclusive,,True
Romancing SaGa,Square Enix,Square Enix,SaGa,Role-Playing,Turn-Based RPG,Unknown,PS2,PlayStation,Home Console,2005.0,JP,,,60.0,,Timed Exclusive,N/A,True
Romancing SaGa,Square Enix,Square Enix,SaGa,Role-Playing,Turn-Based RPG,Unknown,PS2,PlayStation,Home Console,2005.0,NA,,,60.0,,Timed Exclusive,N/A,True
Romancing SaGa,Square Enix,Square Enix,SaGa,Role-Playing,Turn-Based RPG,Unknown,PS2,PlayStation,Home Console,2005.0,Other,,,60.0,,Timed Exclusive,N/A,True
Romancing SaGa,Square Enix,Square Enix,SaGa,Role-Playing,Turn-Based RPG,Unknown,PS2,PlayStation,Home Console,2005.0,PAL,,,60.0,,Timed Exclusive,N/A,True
,Square Enix,Square Enix,Standalone,,,,PS4,,,,,,,75.0,,Timed Exclusive,,True
,Square Enix,Square Enix,Standalone,,,,PS5,,,,,,,75.0,,Timed Exclusive,,True
Romancing SaGa,Squaresoft,SquareSoft,SaGa,Role-Playing,Turn-Based RPG,Unknown,SNES,Nintendo,Home Console,1992.0,JP,,,75.0,,Timed Exclusive,Pre-Split,True
Romancing SaGa,Squaresoft,SquareSoft,SaGa,Role-Playing,Turn-Based RPG,Unknown,SNES,Nintendo,Home Console,1992.0,NA,,,75.0,,Timed Exclusive,Pre-Split,True
Romancing SaGa,Squaresoft,SquareSoft,SaGa,Role-Playing,Turn-Based RPG,Unknown,SNES,Nintendo,Home Console,1992.0,Other,,,75.0,,Timed Exclusive,Pre-Split,True
Romancing SaGa,Squaresoft,SquareSoft,SaGa,Role-Playing,Turn-Based RPG,Unknown,SNES,Nintendo,Home Console,1992.0,PAL,,,75.0,,Timed Exclusive,Pre-Split,True
,Square Enix,Square Enix,Standalone,,,,Switch,,,,,,,75.0,,Timed Exclusive,,True
Romancing SaGa,Square Enix,Square,SaGa,Role-Playing,Turn-Based RPG,Unknown,VC,Other,Other,2009.0,JP,,,75.0,,Timed Exclusive,N/A,True
Romancing SaGa,Square Enix,Square,SaGa,Role-Playing,Turn-Based RPG,Unknown,VC,Other,Other,2009.0,NA,,,75.0,,Timed Exclusive,N/A,True
Romancing SaGa,Square Enix,Square,SaGa,Role-Playing,Turn-Based RPG,Unknown,VC,Other,Other,2009.0,Other,,,75.0,,Timed Exclusive,N/A,True
Romancing SaGa,Square Enix,Square,SaGa,Role-Playing,Turn-Based RPG,Unknown,VC,Other,Other,2009.0,PAL,,,75.0,,Timed Exclusive,N/A,True
Romancing SaGa,Squaresoft,SquareSoft,SaGa,Role-Playing,Turn-Based RPG,Unknown,WS,Other,Other,2001.0,JP,,,75.0,,Timed Exclusive,N/A,True
Romancing SaGa,Squaresoft,SquareSoft,SaGa,Role-Playing,Turn-Based RPG,Unknown,WS,Other,Other,2001.0,NA,,,75.0,,Timed Exclusive,N/A,True
Romancing SaGa,Squaresoft,SquareSoft,SaGa,Role-Playing,Turn-Based RPG,Unknown,WS,Other,Other,2001.0,Other,,,75.0,,Timed Exclusive,N/A,True
Romancing SaGa,Squaresoft,SquareSoft,SaGa,Role-Playing,Turn-Based RPG,Unknown,WS,Other,Other,2001.0,PAL,,,75.0,,Timed Exclusive,N/A,True
,Squaresoft,Square,Standalone,,,,WonderSwan,,,,,,,75.0,,Timed Exclusive,,True
Romancing SaGa 2,Squaresoft,Square,SaGa,Role-Playing,Turn-Based RPG,Unknown,All,Other,Other,1993.0,JP,,,70.0,,Multiplatform,N/A,True
Romancing SaGa 2,Squaresoft,Square,SaGa,Role-Playing,Turn-Based RPG,Unknown,All,Other,Other,1993.0,NA,,,70.0,,Multiplatform,N/A,True
Romancing SaGa 2,Squaresoft,Square,SaGa,Role-Playing,Turn-Based RPG,Unknown,All,Other,Other,1993.0,Other,,,70.0,,Multiplatform,N/A,True
Romancing SaGa 2,Squaresoft,Square,SaGa,Role-Playing,Turn-Based RPG,Unknown,All,Other,Other,1993.0,PAL,,,70.0,,Multiplatform,N/A,True
,Square Enix,Square Enix,Standalone,,,,PC,,,,,,,70.0,,Multiplatform,,True
,Square Enix,Square Enix,Standalone,,,,PS Vita,,,,,,,70.0,,Multiplatform,,True
,Square Enix,Square Enix,Standalone,,,,PS4,,,,,,,70.0,,Multiplatform,,True
Romancing SaGa 2,Squaresoft,SquareSoft,SaGa,Role-Playing,Turn-Based RPG,Unknown,SNES,Nintendo,Home Console,1993.0,JP,,,70.0,,Multiplatform,Pre-Split,True
Romancing SaGa 2,Squaresoft,SquareSoft,SaGa,Role-Playing,Turn-Based RPG,Unknown,SNES,Nintendo,Home Console,1993.0,NA,,,70.0,,Multiplatform,Pre-Split,True
Romancing SaGa 2,Squaresoft,SquareSoft,SaGa,Role-Playing,Turn-Based RPG,Unknown,SNES,Nintendo,Home Console,1993.0,Other,,,70.0,,Multiplatform,Pre-Split,True
Romancing SaGa 2,Squaresoft,SquareSoft,SaGa,Role-Playing,Turn-Based RPG,Unknown,SNES,Nintendo,Home Console,1993.0,PAL,,,70.0,,Multiplatform,Pre-Split,True
,Square Enix,Square Enix,Standalone,,,,Star Ocean: Integrity and Faithlessness,,,,,,,70.0,,Multiplatform,,True
Romancing SaGa 2,Square Enix,Square Enix,SaGa,Role-Playing,Turn-Based RPG,Unknown,Switch,Nintendo,Home Console,2017.0,JP,,,70.0,,Multiplatform,Post-Merger,True
Romancing SaGa 2,Square Enix,Square Enix,SaGa,Role-Playing,Turn-Based RPG,Unknown,Switch,Nintendo,Home Console,2017.0,NA,,,70.0,,Multiplatform,Post-Merger,True
Romancing SaGa 2,Square Enix,Square Enix,SaGa,Role-Playing,Turn-Based RPG,Unknown,Switch,Nintendo,Home Console,2017.0,Other,,,70.0,,Multiplatform,Post-Merger,True
Romancing SaGa 2,Square Enix,Square Enix,SaGa,Role-Playing,Turn-Based RPG,Unknown,Switch,Nintendo,Home Console,2017.0,PAL,,,70.0,,Multiplatform,Post-Merger,True
Romancing SaGa 2,Square Enix,SquareSoft,SaGa,Role-Playing,Turn-Based RPG,Unknown,VC,Other,Other,2010.0,JP,,,70.0,,Multiplatform,N/A,True
Romancing SaGa 2,Square Enix,SquareSoft,SaGa,Role-Playing,Turn-Based RPG,Unknown,VC,Other,Other,2010.0,NA,,,70.0,,Multiplatform,N/A,True
Romancing SaGa 2,Square Enix,SquareSoft,SaGa,Role-Playing,Turn-Based RPG,Unknown,VC,Other,Other,2010.0,Other,,,70.0,,Multiplatform,N/A,True
Romancing SaGa 2,Square Enix,SquareSoft,SaGa,Role-Playing,Turn-Based RPG,Unknown,VC,Other,Other,2010.0,PAL,,,70.0,,Multiplatform,N/A,True
,Square Enix,Square Enix,Standalone,,,,Xbox One,,,,,,,70.0,,Multiplatform,,True
,Square Enix,"November 14, 2024",Standalone,,,,Dragon Quest III HD-2D Remake,,,,,,,,,Multiplatform,,False
,Square Enix,[ 410 ],Standalone,,,,Nintendo Switch 2,,,,,,,,,Multiplatform,,False
,Square Enix,,Standalone,,,,PS4,,,,,,,,,Multiplatform,,False
,Square Enix,,Standalone,,,,PS5,,,,,,,,,Multiplatform,,False
,Square Enix,,Standalone,,,,Switch,,,,,,,,,Multiplatform,,False
,Square Enix,"August 29, 2024",Standalone,,,,Visions of Mana,,,,,,,,,Multiplatform,,False
Romancing SaGa 3,Square Enix,Square Enix,SaGa,Role-Playing,Turn-Based RPG,Unknown,And,Other,Other,2019.0,JP,,,75.0,,Timed Exclusive,N/A,True
Romancing SaGa 3,Square Enix,Square Enix,SaGa,Role-Playing,Turn-Based RPG,Unknown,And,Other,Other,2019.0,NA,,,75.0,,Timed Exclusive,N/A,True
Romancing SaGa 3,Square Enix,Square Enix,SaGa,Role-Playing,Turn-Based RPG,Unknown,And,Other,Other,2019.0,Other,,,75.0,,Timed Exclusive,N/A,True
Romancing SaGa 3,Square Enix,Square Enix,SaGa,Role-Playing,Turn-Based RPG,Unknown,And,Other,Other,2019.0,PAL,,,75.0,,Timed Exclusive,N/A,True
,Square Enix,Square Enix,Standalone,,,,Final Fantasy VII Remake,,,,,,,75.0,,Timed Exclusive,,True
Romancing SaGa 3,Square Enix,Square Enix,SaGa,Role-Playing,Turn-Based RPG,Unknown,Mobile,Mobile,Mobile,2019.0,JP,,,75.0,,Timed Exclusive,N/A,True
Romancing SaGa 3,Square Enix,Square Enix,SaGa,Role-Playing,Turn-Based RPG,Unknown,Mobile,Mobile,Mobile,2019.0,NA,,,75.0,,Timed Exclusive,N/A,True
Romancing SaGa 3,Square Enix,Square Enix,SaGa,Role-Playing,Turn-Based RPG,Unknown,Mobile,Mobile,Mobile,2019.0,Other,,,75.0,,Timed Exclusive,N/A,True
Romancing SaGa 3,Square Enix,Square Enix,SaGa,Role-Playing,Turn-Based RPG,Unknown,Mobile,Mobile,Mobile,2019.0,PAL,,,75.0,,Timed Exclusive,N/A,True
Romancing SaGa 3,Square Enix,Square Enix,SaGa,Role-Playing,Turn-Based RPG,Unknown,PC,PC,PC,2019.0,JP,,,75.0,,Timed Exclusive,N/A,True
Romancing SaGa 3,Square Enix,Square Enix,SaGa,Role-Playing,Turn-Based RPG,Unknown,PC,PC,PC,2019.0,NA,,,75.0,,Timed Exclusive,N/A,True
Romancing SaGa 3,Square Enix,Square Enix,SaGa,Role-Playing,Turn-Based RPG,Unknown,PC,PC,PC,2019.0,Other,,,75.0,,Timed Exclusive,N/A,True
Romancing SaGa 3,Square Enix,Square Enix,SaGa,Role-Playing,Turn-Based RPG,Unknown,PC,PC,PC,2019.0,PAL,,,75.0,,Timed Exclusive,N/A,True
,Square Enix,Square Enix,Standalone,,,,PS Vita,,,,,,,75.0,,Timed Exclusive,,True
Romancing SaGa 3,Square Enix,Square Enix,SaGa,Role-Playing,Turn-Based RPG,Unknown,PS4,PlayStation,Home Console,2019.0,JP,,,75.0,,Timed Exclusive,N/A,True
Romancing SaGa 3,Square Enix,Square Enix,SaGa,Role-Playing,Turn-Based RPG,Unknown,PS4,PlayStation,Home Console,2019.0,NA,,,75.0,,Timed Exclusive,N/A,True
Romancing SaGa 3,Square Enix,Square Enix,SaGa,Role-Playing,Turn-Based RPG,Unknown,PS4,PlayStation,Home Console,2019.0,Other,,,75.0,,Timed Exclusive,N/A,True
Romancing SaGa 3,Square Enix,Square Enix,SaGa,Role-Playing,Turn-Based RPG,Unknown,PS4,PlayStation,Home Console,2019.0,PAL,,,75.0,,Timed Exclusive,N/A,True
Romancing SaGa 3,Square Enix,Square Enix,SaGa,Role-Playing,Turn-Based RPG,Unknown,PSV,Other,Other,2019.0,JP,,,75.0,,Timed Exclusive,N/A,True
Romancing SaGa 3,Square Enix,Square Enix,SaGa,Role-Playing,Turn-Based RPG,Unknown,PSV,Other,Other,2019.0,NA,,,75.0,,Timed Exclusive,N/A,True
Romancing SaGa 3,Square Enix,Square Enix,SaGa,Role-Playing,Turn-Based RPG,Unknown,PSV,Other,Other,2019.0,Other,,,75.0,,Timed Exclusive,N/A,True
Romancing SaGa 3,Square Enix,Square Enix,SaGa,Role-Playing,Turn-Based RPG,Unknown,PSV,Other,Other,2019.0,PAL,,,75.0,,Timed Exclusive,N/A,True
Romancing SaGa 3,Squaresoft,SquareSoft,SaGa,Role-Playing,Turn-Based RPG,Unknown,SNES,Nintendo,Home Console,1995.0,JP,,,75.0,,Timed Exclusive,Pre-Split,True
Romancing SaGa 3,Squaresoft,SquareSoft,SaGa,Role-Playing,Turn-Based RPG,Unknown,SNES,Nintendo,Home Console,1995.0,NA,,,75.0,,Timed Exclusive,Pre-Split,True
Romancing SaGa 3,Squaresoft,SquareSoft,SaGa,Role-Playing,Turn-Based RPG,Unknown,SNES,Nintendo,Home Console,1995.0,Other,,,75.0,,Timed Exclusive,Pre-Split,True
Romancing SaGa 3,Squaresoft,SquareSoft,SaGa,Role-Playing,Turn-Based RPG,Unknown,SNES,Nintendo,Home Console,1995.0,PAL,,,75.0,,Timed Exclusive,Pre-Split,True
Romancing SaGa 3,Square Enix,Square Enix,SaGa,Role-Playing,Turn-Based RPG,Unknown,Switch,Nintendo,Home Console,2019.0,JP,,,75.0,,Timed Exclusive,Post-Merger,True
Romancing SaGa 3,Square Enix,Square Enix,SaGa,Role-Playing,Turn-Based RPG,Unknown,Switch,Nintendo,Home Console,2019.0,NA,,,75.0,,Timed Exclusive,Post-Merger,True
Romancing SaGa 3,Square Enix,Square Enix,SaGa,Role-Playing,Turn-Based RPG,Unknown,Switch,Nintendo,Home Console,2019.0,Other,,,75.0,,Timed Exclusive,Post-Merger,True
Romancing SaGa 3,Square Enix,Square Enix,SaGa,Role-Playing,Turn-Based RPG,Unknown,Switch,Nintendo,Home Console,2019.0,PAL,,,75.0,,Timed Exclusive,Post-Merger,True
Romancing SaGa 3,Square Enix,SquareSoft,SaGa,Role-Playing,Turn-Based RPG,Unknown,VC,Other,Other,2010.0,JP,,,75.0,,Timed Exclusive,N/A,True
Romancing SaGa 3,Square Enix,SquareSoft,SaGa,Role-Playing,Turn-Based RPG,Unknown,VC,Other,Other,2010.0,NA,,,75.0,,Timed Exclusive,N/A,True
Romancing SaGa 3,Square Enix,SquareSoft,SaGa,Role-Playing,Turn-Based RPG,Unknown,VC,Other,Other,2010.0,Other,,,75.0,,Timed Exclusive,N/A,True
Romancing SaGa 3,Square Enix,SquareSoft,SaGa,Role-Playing,Turn-Based RPG,Unknown,VC,Other,Other,2010.0,PAL,,,75.0,,Timed Exclusive,N/A,True
Romancing SaGa 3,Square Enix,Square Enix,SaGa,Role-Playing,Turn-Based RPG,Unknown,Xbox One,Microsoft,Home Console,2019.0,JP,,,75.0,,Timed Exclusive,N/A,True
Romancing SaGa 3,Square Enix,Square Enix,SaGa,Role-Playing,Turn-Based RPG,Unknown,Xbox One,Microsoft,Home Console,2019.0,NA,,,75.0,,Timed Exclusive,N/A,True
Romancing SaGa 3,Square Enix,Square Enix,SaGa,Role-Playing,Turn-Based RPG,Unknown,Xbox One,Microsoft,Home Console,2019.0,Other,,,75.0,,Timed Exclusive,N/A,True
Romancing SaGa 3,Square Enix,Square Enix,SaGa,Role-Playing,Turn-Based RPG,Unknown,Xbox One,Microsoft,Home Console,2019.0,PAL,,,75.0,,Timed Exclusive,N/A,True
Rudra no Hihou,Squaresoft,SquareSoft,Standalone,Role-Playing,,Unknown,SNES,Nintendo,Home Console,1996.0,JP,0.15,,,,Timed Exclusive,Pre-Split,True
Rudra no Hihou,Squaresoft,SquareSoft,Standalone,Role-Playing,,Unknown,SNES,Nintendo,Home Console,1996.0,NA,,,,,Timed Exclusive,Pre-Split,True
Rudra no Hihou,Squaresoft,SquareSoft,Standalone,Role-Playing,,Unknown,SNES,Nintendo,Home Console,1996.0,Other,,,,,Timed Exclusive,Pre-Split,True
Rudra no Hihou,Squaresoft,SquareSoft,Standalone,Role-Playing,,Unknown,SNES,Nintendo,Home Console,1996.0,PAL,,,,,Timed Exclusive,Pre-Split,True
Rudra no Hihou,Square Enix,SquareSoft,Standalone,Role-Playing,,Unknown,VC,Other,Other,2011.0,JP,,,,,Timed Exclusive,N/A,True
Rudra no Hihou,Square Enix,SquareSoft,Standalone,Role-Playing,,Unknown,VC,Other,Other,2011.0,NA,,,,,Timed Exclusive,N/A,True
Rudra no Hihou,Square Enix,SquareSoft,Standalone,Role-Playing,,Unknown,VC,Other,Other,2011.0,Other,,,,,Timed Exclusive,N/A,True
Rudra no Hihou,Square Enix,SquareSoft,Standalone,Role-Playing,,Unknown,VC,Other,Other,2011.0,PAL,,,,,Timed Exclusive,N/A,True
SaGa,Square Enix,Square,SaGa,Role-Playing,Turn-Based RPG,Unknown,Series,Other,Other,1990.0,JP,,,76.0,,Exclusive,N/A,False
SaGa,Square Enix,Square,SaGa,Role-Playing,Turn-Based RPG,Unknown,Series,Other,Other,1990.0,NA,,,76.0,,Exclusive,N/A,False
SaGa,Square Enix,Square,SaGa,Role-Playing,Turn-Based RPG,Unknown,Series,Other,Other,1990.0,Other,,,76.0,,Exclusive,N/A,False
SaGa,Square Enix,Square,SaGa,Role-Playing,Turn-Based RPG,Unknown,Series,Other,Other,1990.0,PAL,,,76.0,,Exclusive,N/A,False
,Square Enix,Racjin,Standalone,,,,DS,,,,,,,,,Multiplatform,,False
SaGa 2: Hihou Densetsu - Goddess of Destiny,Square Enix,Square Enix,SaGa,Role-Playing,Turn-Based RPG,Unknown,DS,Nintendo,Handheld,2009.0,JP,0.17,,,,Exclusive,Post-Merger,True
SaGa 2: Hihou Densetsu - Goddess of Destiny,Square Enix,Square Enix,SaGa,Role-Playing,Turn-Based RPG,Unknown,DS,Nintendo,Handheld,2009.0,NA,,,,,Exclusive,Post-Merger,True
SaGa 2: Hihou Densetsu - Goddess of Destiny,Square Enix,Square Enix,SaGa,Role-Playing,Turn-Based RPG,Unknown,DS,Nintendo,Handheld,2009.0,Other,,,,,Exclusive,Post-Merger,True
SaGa 2: Hihou Densetsu - Goddess of Destiny,Square Enix,Square Enix,SaGa,Role-Playing,Turn-Based RPG,Unknown,DS,Nintendo,Handheld,2009.0,PAL,,,,,Exclusive,Post-Merger,True
SaGa 2015,Square Enix,Square Enix,SaGa,Role-Playing,Turn-Based RPG,Unknown,PSV,Other,Other,2016.0,JP,,,,,Exclusive,N/A,False
SaGa 2015,Square Enix,Square Enix,SaGa,Role-Playing,Turn-Based RPG,Unknown,PSV,Other,Other,2016.0,NA,,,,,Exclusive,N/A,False
SaGa 2015,Square Enix,Square Enix,SaGa,Role-Playing,Turn-Based RPG,Unknown,PSV,Other,Other,2016.0,Other,,,,,Exclusive,N/A,False
SaGa 2015,Square Enix,Square Enix,SaGa,Role-Playing,Turn-Based RPG,Unknown,PSV,Other,Other,2016.0,PAL,,,,,Exclusive,N/A,False
,Square Enix,Racjin,Standalone,,,,DS,,,,,,,,,Multiplatform,,False
SaGa 3: Jikuu no Hasha - Shadow or Light,Square Enix,Square Enix,SaGa,Role-Playing,Turn-Based RPG,Unknown,DS,Nintendo,Handheld,2011.0,JP,0.08,,,,Exclusive,Post-Merger,True
SaGa 3: Jikuu no Hasha - Shadow or Light,Square Enix,Square Enix,SaGa,Role-Playing,Turn-Based RPG,Unknown,DS,Nintendo,Handheld,2011.0,NA,,,,,Exclusive,Post-Merger,True
SaGa 3: Jikuu no Hasha - Shadow or Light,Square Enix,Square Enix,SaGa,Role-Playing,Turn-Based RPG,Unknown,DS,Nintendo,Handheld,2011.0,Other,,,,,Exclusive,Post-Merger,True
SaGa 3: Jikuu no Hasha - Shadow or Light,Square Enix,Square Enix,SaGa,Role-Playing,Turn-Based RPG,Unknown,DS,Nintendo,Handheld,2011.0,PAL,,,,,Exclusive,Post-Merger,True
,Square Enix,Coming,Standalone,,,,Final Fantasy VII Rebirth,,,,,,,,,Multiplatform,,False
,Square Enix,,Standalone,,,,PS4,,,,,,,,,Multiplatform,,False
,Square Enix,,Standalone,,,,PS5,,,,,,,,,Multiplatform,,False
,Square Enix,,Standalone,,,,Switch,,,,,,,,,Multiplatform,,False
,Square Enix,"August 29, 2024",Standalone,,,,Visions of Mana,,,,,,,,,Multiplatform,,False
,Squaresoft,Square,Standalone,,,,PS1,,,,,,,76.0,,Exclusive,,False
SaGa Frontier,Square Enix,SquareSoft,SaGa,Role-Playing,Turn-Based RPG,Unknown,PSN,Other,Other,2008.0,JP,,,76.0,,Exclusive,N/A,False
SaGa Frontier,Square Enix,SquareSoft,SaGa,Role-Playing,Turn-Based RPG,Unknown,PSN,Other,Other,2008.0,NA,,,76.0,,Exclusive,N/A,False
SaGa Frontier,Square Enix,SquareSoft,SaGa,Role-Playing,Turn-Based RPG,Unknown,PSN,Other,Other,2008.0,Other,,,76.0,,Exclusive,N/A,False
SaGa Frontier,Square Enix,SquareSoft,SaGa,Role-Playing,Turn-Based RPG,Unknown,PSN,Other,Other,2008.0,PAL,,,76.0,,Exclusive,N/A,False
SaGa Frontier 2,Squaresoft,SquareSoft,SaGa,Role-Playing,Turn-Based RPG,Unknown,PS1,PlayStation,Home Console,2000.0,JP,0.71,,74.0,,Timed Exclusive,N/A,True
SaGa Frontier 2,Squaresoft,SquareSoft,SaGa,Role-Playing,Turn-Based RPG,Unknown,PS1,PlayStation,Home Console,2000.0,NA,0.1,,74.0,,Timed Exclusive,N/A,True
SaGa Frontier 2,Squaresoft,SquareSoft,SaGa,Role-Playing,Turn-Based RPG,Unknown,PS1,PlayStation,Home Console,2000.0,Other,0.06,,74.0,,Timed Exclusive,N/A,True
SaGa Frontier 2,Squaresoft,SquareSoft,SaGa,Role-Playing,Turn-Based RPG,Unknown,PS1,PlayStation,Home Console,2000.0,PAL,0.07,,74.0,,Timed Exclusive,N/A,True
SaGa Frontier 2,Square Enix,SquareSoft,SaGa,Role-Playing,Turn-Based RPG,Unknown,PSN,Other,Other,2008.0,JP,,,,,Timed Exclusive,N/A,True
SaGa Frontier 2,Square Enix,SquareSoft,SaGa,Role-Playing,Turn-Based RPG,Unknown,PSN,Other,Other,2008.0,NA,,,,,Timed Exclusive,N/A,True
SaGa Frontier 2,Square Enix,SquareSoft,SaGa,Role-Playing,Turn-Based RPG,Unknown,PSN,Other,Other,2008.0,Other,,,,,Timed Exclusive,N/A,True
SaGa Frontier 2,Square Enix,SquareSoft,SaGa,Role-Playing,Turn-Based RPG,Unknown,PSN,Other,Other,2008.0,PAL,,,,,Timed Exclusive,N/A,True
SaGa: Scarlet Grace,Square Enix,Square Enix,SaGa,Role-Playing,Turn-Based RPG,Unknown,And,Other,Other,2019.0,JP,,,80.0,,Timed Exclusive,N/A,True
SaGa: Scarlet Grace,Square Enix,Square Enix,SaGa,Role-Playing,Turn-Based RPG,Unknown,And,Other,Other,2019.0,NA,,,80.0,,Timed Exclusive,N/A,True
SaGa: Scarlet Grace,Square Enix,Square Enix,SaGa,Role-Playing,Turn-Based RPG,Unknown,And,Other,Other,2019.0,Other,,,80.0,,Timed Exclusive,N/A,True
SaGa: Scarlet Grace,Square Enix,Square Enix,SaGa,Role-Playing,Turn-Based RPG,Unknown,And,Other,Other,2019.0,PAL,,,80.0,,Timed Exclusive,N/A,True
SaGa: Scarlet Grace,Square Enix,Square Enix,SaGa,Role-Playing,Turn-Based RPG,Unknown,Mobile,Mobile,Mobile,2019.0,JP,,,80.0,,Timed Exclusive,N/A,True
SaGa: Scarlet Grace,Square Enix,Square Enix,SaGa,Role-Playing,Turn-Based RPG,Unknown,Mobile,Mobile,Mobile,2019.0,NA,,,80.0,,Timed Exclusive,N/A,True
SaGa: Scarlet Grace,Square Enix,Square Enix,SaGa,Role-Playing,Turn-Based RPG,Unknown,Mobile,Mobile,Mobile,2019.0,Other,,,80.0,,Timed Exclusive,N/A,True
SaGa: Scarlet Grace,Square Enix,Square Enix,SaGa,Role-Playing,Turn-Based RPG,Unknown,Mobile,Mobile,Mobile,2019.0,PAL,,,80.0,,Timed Exclusive,N/A,True
SaGa: Scarlet Grace,Square Enix,Square Enix,SaGa,Role-Playing,Turn-Based RPG,Unknown,PC,PC,PC,2019.0,JP,,,80.0,,Timed Exclusive,N/A,True
SaGa: Scarlet Grace,Square Enix,Square Enix,SaGa,Role-Playing,Turn-Based RPG,Unknown,PC,PC,PC,2019.0,NA,,,80.0,,Timed Exclusive,N/A,True
SaGa: Scarlet Grace,Square Enix,Square Enix,SaGa,Role-Playing,Turn-Based RPG,Unknown,PC,PC,PC,2019.0,Other,,,80.0,,Timed Exclusive,N/A,True
SaGa: Scarlet Grace,Square Enix,Square Enix,SaGa,Role-Playing,Turn-Based RPG,Unknown,PC,PC,PC,2019.0,PAL,,,80.0,,Timed Exclusive,N/A,True
SaGa: Scarlet Grace,Square Enix,Square Enix,SaGa,Role-Playing,Turn-Based RPG,Unknown,PS4,PlayStation,Home Console,2019.0,JP,0.03,,80.0,,Timed Exclusive,N/A,True
SaGa: Scarlet Grace,Square Enix,Square Enix,SaGa,Role-Playing,Turn-Based RPG,Unknown,PS4,PlayStation,Home Console,2019.0,NA,,,80.0,,Timed Exclusive,N/A,True
SaGa: Scarlet Grace,Square Enix,Square Enix,SaGa,Role-Playing,Turn-Based RPG,Unknown,PS4,PlayStation,Home Console,2019.0,Other,,,80.0,,Timed Exclusive,N/A,True
SaGa: Scarlet Grace,Square Enix,Square Enix,SaGa,Role-Playing,Turn-Based RPG,Unknown,PS4,PlayStation,Home Console,2019.0,PAL,,,80.0,,Timed Exclusive,N/A,True
SaGa: Scarlet Grace,Square Enix,Square Enix,SaGa,Role-Playing,Turn-Based RPG,Unknown,PSV,Other,Other,2016.0,JP,0.11,,80.0,,Timed Exclusive,N/A,True
SaGa: Scarlet Grace,Square Enix,Square Enix,SaGa,Role-Playing,Turn-Based RPG,Unknown,PSV,Other,Other,2016.0,NA,,,80.0,,Timed Exclusive,N/A,True
SaGa: Scarlet Grace,Square Enix,Square Enix,SaGa,Role-Playing,Turn-Based RPG,Unknown,PSV,Other,Other,2016.0,Other,,,80.0,,Timed Exclusive,N/A,True
SaGa: Scarlet Grace,Square Enix,Square Enix,SaGa,Role-Playing,Turn-Based RPG,Unknown,PSV,Other,Other,2016.0,PAL,,,80.0,,Timed Exclusive,N/A,True
SaGa: Scarlet Grace,Square Enix,Square Enix,SaGa,Role-Playing,Turn-Based RPG,Unknown,Switch,Nintendo,Home Console,2019.0,JP,0.02,,80.0,,Timed Exclusive,Post-Merger,True
SaGa: Scarlet Grace,Square Enix,Square Enix,SaGa,Role-Playing,Turn-Based RPG,Unknown,Switch,Nintendo,Home Console,2019.0,NA,,,80.0,,Timed Exclusive,Post-Merger,True
SaGa: Scarlet Grace,Square Enix,Square Enix,SaGa,Role-Playing,Turn-Based RPG,Unknown,Switch,Nintendo,Home Console,2019.0,Other,,,80.0,,Timed Exclusive,Post-Merger,True
SaGa: Scarlet Grace,Square Enix,Square Enix,SaGa,Role-Playing,Turn-Based RPG,Unknown,Switch,Nintendo,Home Console,2019.0,PAL,,,80.0,,Timed Exclusive,Post-Merger,True
Saikyoo Yokosuku Action Volume 1: Noroi no Geemu Ketsu,Square Enix,Square Enix,Standalone,Platform,,Unknown,DSiW,Other,Other,2009.0,JP,,,,,Exclusive,N/A,False
Saikyoo Yokosuku Action Volume 1: Noroi no Geemu Ketsu,Square Enix,Square Enix,Standalone,Platform,,Unknown,DSiW,Other,Other,2009.0,NA,,,,,Exclusive,N/A,False
Saikyoo Yokosuku Action Volume 1: Noroi no Geemu Ketsu,Square Enix,Square Enix,Standalone,Platform,,Unknown,DSiW,Other,Other,2009.0,Other,,,,,Exclusive,N/A,False
Saikyoo Yokosuku Action Volume 1: Noroi no Geemu Ketsu,Square Enix,Square Enix,Standalone,Platform,,Unknown,DSiW,Other,Other,2009.0,PAL,,,,,Exclusive,N/A,False
Saikyoo Yokosuku Action Volume 2: Noroi no Geemu Goku,Square Enix,Square Enix,Standalone,Platform,,Unknown,DSiW,Other,Other,2009.0,JP,,,,,Exclusive,N/A,False
Saikyoo Yokosuku Action Volume 2: Noroi no Geemu Goku,Square Enix,Square Enix,Standalone,Platform,,Unknown,DSiW,Other,Other,2009.0,NA,,,,,Exclusive,N/A,False
Saikyoo Yokosuku Action Volume 2: Noroi no Geemu Goku,Square Enix,Square Enix,Standalone,Platform,,Unknown,DSiW,Other,Other,2009.0,Other,,,,,Exclusive,N/A,False
Saikyoo Yokosuku Action Volume 2: Noroi no Geemu Goku,Square Enix,Square Enix,Standalone,Platform,,Unknown,DSiW,Other,Other,2009.0,PAL,,,,,Exclusive,N/A,False
Samurai Evolution: Oukoku Geist,Enix,TeaSet,Standalone,Role-Playing,,Unknown,GBA,Nintendo,Handheld,2002.0,JP,,,,,Exclusive,Reconciliation,False
Samurai Evolution: Oukoku Geist,Enix,TeaSet,Standalone,Role-Playing,,Unknown,GBA,Nintendo,Handheld,2002.0,NA,,,,,Exclusive,Reconciliation,False
Samurai Evolution: Oukoku Geist,Enix,TeaSet,Standalone,Role-Playing,,Unknown,GBA,Nintendo,Handheld,2002.0,Other,,,,,Exclusive,Reconciliation,False
Samurai Evolution: Oukoku Geist,Enix,TeaSet,Standalone,Role-Playing,,Unknown,GBA,Nintendo,Handheld,2002.0,PAL,,,,,Exclusive,Reconciliation,False
Scarygirl,Square Enix,TikGames,Standalone,Action,,Unknown,PS3,PlayStation,Home Console,2012.0,JP,,,,,Exclusive,N/A,False
Scarygirl,Square Enix,TikGames,Standalone,Action,,Unknown,PS3,PlayStation,Home Console,2012.0,NA,,,,,Exclusive,N/A,False
Scarygirl,Square Enix,TikGames,Standalone,Action,,Unknown,PS3,PlayStation,Home Console,2012.0,Other,,,,,Exclusive,N/A,False
Scarygirl,Square Enix,TikGames,Standalone,Action,,Unknown,PS3,PlayStation,Home Console,2012.0,PAL,,,,,Exclusive,N/A,False
Search & Destroy,Square Enix,Phoenix Games,Standalone,Action,,Unknown,PS2,PlayStation,Home Console,2006.0,JP,,,74.0,,Exclusive,N/A,False
Search & Destroy,Square Enix,Phoenix Games,Standalone,Action,,Unknown,PS2,PlayStation,Home Console,2006.0,NA,,,74.0,,Exclusive,N/A,False
Search & Destroy,Square Enix,Phoenix Games,Standalone,Action,,Unknown,PS2,PlayStation,Home Console,2006.0,Other,,,74.0,,Exclusive,N/A,False
Search & Destroy,Square Enix,Phoenix Games,Standalone,Action,,Unknown,PS2,PlayStation,Home Console,2006.0,PAL,,,74.0,,Exclusive,N/A,False
Season of Mystery: The Cherry Blossom Murders,Square Enix,Square Enix,Standalone,Adventure,,Unknown,PC,PC,PC,2009.0,JP,,,,,Exclusive,N/A,False
Season of Mystery: The Cherry Blossom Murders,Square Enix,Square Enix,Standalone,Adventure,,Unknown,PC,PC,PC,2009.0,NA,,,,,Exclusive,N/A,False
Season of Mystery: The Cherry Blossom Murders,Square Enix,Square Enix,Standalone,Adventure,,Unknown,PC,PC,PC,2009.0,Other,,,,,Exclusive,N/A,False
Season of Mystery: The Cherry Blossom Murders,Square Enix,Square Enix,Standalone,Adventure,,Unknown,PC,PC,PC,2009.0,PAL,,,,,Exclusive,N/A,False
Secret of Evermore,Squaresoft,Square USA,Standalone,Role-Playing,,Unknown,SNES,Nintendo,Home Console,1995.0,JP,,,,,Exclusive,Pre-Split,False
Secret of Evermore,Squaresoft,Square USA,Standalone,Role-Playing,,Unknown,SNES,Nintendo,Home Console,1995.0,NA,,,,,Exclusive,Pre-Split,False
Secret of Evermore,Squaresoft,Square USA,Standalone,Role-Playing,,Unknown,SNES,Nintendo,Home Console,1995.0,Other,,,,,Exclusive,Pre-Split,False
Secret of Evermore,Squaresoft,Square USA,Standalone,Role-Playing,,Unknown,SNES,Nintendo,Home Console,1995.0,PAL,,,,,Exclusive,Pre-Split,False
Secret of Mana,Square Enix,Square Enix,Mana,Role-Playing,Turn-Based RPG,2D,PC,PC,PC,2018.0,JP,,,63.0,,Timed Exclusive,N/A,False
Secret of Mana,Square Enix,Square Enix,Mana,Role-Playing,Turn-Based RPG,2D,PC,PC,PC,2018.0,NA,,,63.0,,Timed Exclusive,N/A,False
Secret of Mana,Square Enix,Square Enix,Mana,Role-Playing,Turn-Based RPG,2D,PC,PC,PC,2018.0,Other,,,63.0,,Timed Exclusive,N/A,False
Secret of Mana,Square Enix,Square Enix,Mana,Role-Playing,Turn-Based RPG,2D,PC,PC,PC,2018.0,PAL,,,63.0,,Timed Exclusive,N/A,False
Secret of Mana,Square Enix,Square,Mana,Role-Playing,Turn-Based RPG,2D,PS4,PlayStation,Home Console,2018.0,JP,0.05,,63.0,,Timed Exclusive,N/A,False
Secret of Mana,Square Enix,Square,Mana,Role-Playing,Turn-Based RPG,2D,PS4,PlayStation,Home Console,2018.0,NA,0.06,,63.0,,Timed Exclusive,N/A,False
Secret of Mana,Square Enix,Square,Mana,Role-Playing,Turn-Based RPG,2D,PS4,PlayStation,Home Console,2018.0,Other,0.04,,63.0,,Timed Exclusive,N/A,False
Secret of Mana,Square Enix,Square,Mana,Role-Playing,Turn-Based RPG,2D,PS4,PlayStation,Home Console,2018.0,PAL,0.12,,63.0,,Timed Exclusive,N/A,False
Secret of Mana,Square Enix,Square Enix,Mana,Role-Playing,Turn-Based RPG,2D,PSV,Other,Other,2018.0,JP,0.04,,63.0,,Timed Exclusive,N/A,False
Secret of Mana,Square Enix,Square Enix,Mana,Role-Playing,Turn-Based RPG,2D,PSV,Other,Other,2018.0,NA,,,63.0,,Timed Exclusive,N/A,False
Secret of Mana,Square Enix,Square Enix,Mana,Role-Playing,Turn-Based RPG,2D,PSV,Other,Other,2018.0,Other,,,63.0,,Timed Exclusive,N/A,False
Secret of Mana,Square Enix,Square Enix,Mana,Role-Playing,Turn-Based RPG,2D,PSV,Other,Other,2018.0,PAL,,,63.0,,Timed Exclusive,N/A,False
Secret of Mana,Squaresoft,SquareSoft,Mana,Role-Playing,Turn-Based RPG,2D,SNES,Nintendo,Home Console,1993.0,JP,,,91.0,,Timed Exclusive,Pre-Split,False
Secret of Mana,Squaresoft,SquareSoft,Mana,Role-Playing,Turn-Based RPG,2D,SNES,Nintendo,Home Console,1993.0,NA,,,91.0,,Timed Exclusive,Pre-Split,False
Secret of Mana,Squaresoft,SquareSoft,Mana,Role-Playing,Turn-Based RPG,2D,SNES,Nintendo,Home Console,1993.0,Other,,,91.0,,Timed Exclusive,Pre-Split,False
Secret of Mana,Squaresoft,SquareSoft,Mana,Role-Playing,Turn-Based RPG,2D,SNES,Nintendo,Home Console,1993.0,PAL,,,91.0,,Timed Exclusive,Pre-Split,False
Secret of Mana,Square Enix,SquareSoft,Mana,Role-Playing,Turn-Based RPG,2D,VC,Other,Other,2008.0,JP,,,90.0,,Timed Exclusive,N/A,False
Secret of Mana,Square Enix,SquareSoft,Mana,Role-Playing,Turn-Based RPG,2D,VC,Other,Other,2008.0,NA,,,90.0,,Timed Exclusive,N/A,False
Secret of Mana,Square Enix,SquareSoft,Mana,Role-Playing,Turn-Based RPG,2D,VC,Other,Other,2008.0,Other,,,90.0,,Timed Exclusive,N/A,False
Secret of Mana,Square Enix,SquareSoft,Mana,Role-Playing,Turn-Based RPG,2D,VC,Other,Other,2008.0,PAL,,,90.0,,Timed Exclusive,N/A,False
Segare Ijiri,Enix,Enix Corporation,Standalone,Misc,,Unknown,PS1,PlayStation,Home Console,1999.0,JP,,,,,Exclusive,N/A,False
Segare Ijiri,Enix,Enix Corporation,Standalone,Misc,,Unknown,PS1,PlayStation,Home Console,1999.0,NA,,,,,Exclusive,N/A,False
Segare Ijiri,Enix,Enix Corporation,Standalone,Misc,,Unknown,PS1,PlayStation,Home Console,1999.0,Other,,,,,Exclusive,N/A,False
Segare Ijiri,Enix,Enix Corporation,Standalone,Misc,,Unknown,PS1,PlayStation,Home Console,1999.0,PAL,,,,,Exclusive,N/A,False
Seiken Densetsu 3,Squaresoft,SquareSoft,Mana,Role-Playing,Turn-Based RPG,2D,SNES,Nintendo,Home Console,1995.0,JP,0.89,,,,Exclusive,Pre-Split,True
Seiken Densetsu 3,Squaresoft,SquareSoft,Mana,Role-Playing,Turn-Based RPG,2D,SNES,Nintendo,Home Console,1995.0,NA,,,,,Exclusive,Pre-Split,True
Seiken Densetsu 3,Squaresoft,SquareSoft,Mana,Role-Playing,Turn-Based RPG,2D,SNES,Nintendo,Home Console,1995.0,Other,0.0,,,,Exclusive,Pre-Split,True
Seiken Densetsu 3,Squaresoft,SquareSoft,Mana,Role-Playing,Turn-Based RPG,2D,SNES,Nintendo,Home Console,1995.0,PAL,,,,,Exclusive,Pre-Split,True
Seiken Densetsu Collection,Square Enix,Square Enix,Mana,Role-Playing,Turn-Based RPG,Unknown,Switch,Nintendo,Home Console,2017.0,JP,0.07,,,,Exclusive,Post-Merger,True
Seiken Densetsu Collection,Square Enix,Square Enix,Mana,Role-Playing,Turn-Based RPG,Unknown,Switch,Nintendo,Home Console,2017.0,NA,,,,,Exclusive,Post-Merger,True
Seiken Densetsu Collection,Square Enix,Square Enix,Mana,Role-Playing,Turn-Based RPG,Unknown,Switch,Nintendo,Home Console,2017.0,Other,,,,,Exclusive,Post-Merger,True
Seiken Densetsu Collection,Square Enix,Square Enix,Mana,Role-Playing,Turn-Based RPG,Unknown,Switch,Nintendo,Home Console,2017.0,PAL,,,,,Exclusive,Post-Merger,True
Shadow of Ganymede,Square Enix,Mere Mortals,Standalone,Shooter,,Unknown,PS2,PlayStation,Home Console,2005.0,JP,,,,,Exclusive,N/A,False
Shadow of Ganymede,Square Enix,Mere Mortals,Standalone,Shooter,,Unknown,PS2,PlayStation,Home Console,2005.0,NA,,,,,Exclusive,N/A,False
Shadow of Ganymede,Square Enix,Mere Mortals,Standalone,Shooter,,Unknown,PS2,PlayStation,Home Console,2005.0,Other,,,,,Exclusive,N/A,False
Shadow of Ganymede,Square Enix,Mere Mortals,Standalone,Shooter,,Unknown,PS2,PlayStation,Home Console,2005.0,PAL,,,,,Exclusive,N/A,False
Shadow of the Tomb Raider,Square Enix,Eidos Montreal,Tomb Raider,Action-Adventure,Third-Person Action / Platformer,3D,All,Other,Other,2018.0,JP,,,80.0,,Multiplatform,N/A,False
Shadow of the Tomb Raider,Square Enix,Eidos Montreal,Tomb Raider,Action-Adventure,Third-Person Action / Platformer,3D,All,Other,Other,2018.0,NA,,,80.0,,Multiplatform,N/A,False
Shadow of the Tomb Raider,Square Enix,Eidos Montreal,Tomb Raider,Action-Adventure,Third-Person Action / Platformer,3D,All,Other,Other,2018.0,Other,,,80.0,,Multiplatform,N/A,False
Shadow of the Tomb Raider,Square Enix,Eidos Montreal,Tomb Raider,Action-Adventure,Third-Person Action / Platformer,3D,All,Other,Other,2018.0,PAL,,,80.0,,Multiplatform,N/A,False
Shadow of the Tomb Raider,Square Enix,Eidos Montreal,Tomb Raider,Action-Adventure,Third-Person Action / Platformer,3D,PC,PC,PC,2018.0,JP,,,80.0,,Multiplatform,N/A,False
Shadow of the Tomb Raider,Square Enix,Eidos Montreal,Tomb Raider,Action-Adventure,Third-Person Action / Platformer,3D,PC,PC,PC,2018.0,NA,,,80.0,,Multiplatform,N/A,False
Shadow of the Tomb Raider,Square Enix,Eidos Montreal,Tomb Raider,Action-Adventure,Third-Person Action / Platformer,3D,PC,PC,PC,2018.0,Other,,,80.0,,Multiplatform,N/A,False
Shadow of the Tomb Raider,Square Enix,Eidos Montreal,Tomb Raider,Action-Adventure,Third-Person Action / Platformer,3D,PC,PC,PC,2018.0,PAL,,,80.0,,Multiplatform,N/A,False
Shadow of the Tomb Raider,Square Enix,Eidos Montreal,Tomb Raider,Action-Adventure,Third-Person Action / Platformer,3D,PS4,PlayStation,Home Console,2018.0,JP,0.06,,80.0,,Multiplatform,N/A,False
Shadow of the Tomb Raider,Square Enix,Eidos Montreal,Tomb Raider,Action-Adventure,Third-Person Action / Platformer,3D,PS4,PlayStation,Home Console,2018.0,NA,0.59,,80.0,,Multiplatform,N/A,False
Shadow of the Tomb Raider,Square Enix,Eidos Montreal,Tomb Raider,Action-Adventure,Third-Person Action / Platformer,3D,PS4,PlayStation,Home Console,2018.0,Other,0.27,,80.0,,Multiplatform,N/A,False
Shadow of the Tomb Raider,Square Enix,Eidos Montreal,Tomb Raider,Action-Adventure,Third-Person Action / Platformer,3D,PS4,PlayStation,Home Console,2018.0,PAL,0.82,,80.0,,Multiplatform,N/A,False
Shadow of the Tomb Raider,Square Enix,Eidos Montreal,Tomb Raider,Action-Adventure,Third-Person Action / Platformer,3D,Xbox One,Microsoft,Home Console,2018.0,JP,,,80.0,,Multiplatform,N/A,False
Shadow of the Tomb Raider,Square Enix,Eidos Montreal,Tomb Raider,Action-Adventure,Third-Person Action / Platformer,3D,Xbox One,Microsoft,Home Console,2018.0,NA,0.46,,80.0,,Multiplatform,N/A,False
Shadow of the Tomb Raider,Square Enix,Eidos Montreal,Tomb Raider,Action-Adventure,Third-Person Action / Platformer,3D,Xbox One,Microsoft,Home Console,2018.0,Other,0.07,,80.0,,Multiplatform,N/A,False
Shadow of the Tomb Raider,Square Enix,Eidos Montreal,Tomb Raider,Action-Adventure,Third-Person Action / Platformer,3D,Xbox One,Microsoft,Home Console,2018.0,PAL,0.25,,80.0,,Multiplatform,N/A,False
Shoot,Enix,Naps Team,Standalone,Misc,,Unknown,PS1,PlayStation,Home Console,2002.0,JP,,,83.0,,Exclusive,N/A,False
Shoot,Enix,Naps Team,Standalone,Misc,,Unknown,PS1,PlayStation,Home Console,2002.0,NA,,,83.0,,Exclusive,N/A,False
Shoot,Enix,Naps Team,Standalone,Misc,,Unknown,PS1,PlayStation,Home Console,2002.0,Other,,,83.0,,Exclusive,N/A,False
Shoot,Enix,Naps Team,Standalone,Misc,,Unknown,PS1,PlayStation,Home Console,2002.0,PAL,,,83.0,,Exclusive,N/A,False
Sigma Harmonics,Square Enix,Square Enix,Standalone,Role-Playing,,Unknown,DS,Nintendo,Handheld,2008.0,JP,,,,,Exclusive,Post-Merger,False
Sigma Harmonics,Square Enix,Square Enix,Standalone,Role-Playing,,Unknown,DS,Nintendo,Handheld,2008.0,NA,,,,,Exclusive,Post-Merger,False
Sigma Harmonics,Square Enix,Square Enix,Standalone,Role-Playing,,Unknown,DS,Nintendo,Handheld,2008.0,Other,,,,,Exclusive,Post-Merger,False
Sigma Harmonics,Square Enix,Square Enix,Standalone,Role-Playing,,Unknown,DS,Nintendo,Handheld,2008.0,PAL,,,,,Exclusive,Post-Merger,False
Skateboard Madness Xtreme Edition,Square Enix,Phoenix Games,Standalone,Sports,,Unknown,PS2,PlayStation,Home Console,2007.0,JP,,,,,Exclusive,N/A,False
Skateboard Madness Xtreme Edition,Square Enix,Phoenix Games,Standalone,Sports,,Unknown,PS2,PlayStation,Home Console,2007.0,NA,,,,,Exclusive,N/A,False
Skateboard Madness Xtreme Edition,Square Enix,Phoenix Games,Standalone,Sports,,Unknown,PS2,PlayStation,Home Console,2007.0,Other,,,,,Exclusive,N/A,False
Skateboard Madness Xtreme Edition,Square Enix,Phoenix Games,Standalone,Sports,,Unknown,PS2,PlayStation,Home Console,2007.0,PAL,,,,,Exclusive,N/A,False
,Square Enix,Toys for Bob [ E ],Standalone,,,,3DS,,,,,,,,,Multiplatform,,False
,Square Enix,Toys for Bob [ E ],Standalone,,,,Kingdom Hearts χ,,,,,,,,,Multiplatform,,False
,Square Enix,Toys for Bob [ E ],Standalone,,,,PS3,,,,,,,,,Multiplatform,,False
,Square Enix,Toys for Bob [ E ],Standalone,,,,Wii,,,,,,,,,Multiplatform,,False
,Square Enix,Toys for Bob [ E ],Standalone,,,,Wii U,,,,,,,,,Multiplatform,,False
Sleeping Dogs,Square Enix,United Front Games,Standalone,Action-Adventure,,3D,PC,PC,PC,2012.0,JP,4.55,,85.0,,Multiplatform,N/A,False
Sleeping Dogs,Square Enix,United Front Games,Standalone,Action-Adventure,,3D,PC,PC,PC,2012.0,NA,4.55,,85.0,,Multiplatform,N/A,False
Sleeping Dogs,Square Enix,United Front Games,Standalone,Action-Adventure,,3D,PC,PC,PC,2012.0,Other,4.55,,85.0,,Multiplatform,N/A,False
Sleeping Dogs,Square Enix,United Front Games,Standalone,Action-Adventure,,3D,PC,PC,PC,2012.0,PAL,4.55,,85.0,,Multiplatform,N/A,False
Sleeping Dogs,Square Enix,United Front Games,Standalone,Action-Adventure,,3D,PS3,PlayStation,Home Console,2012.0,JP,4.55,,81.0,,Multiplatform,N/A,False
Sleeping Dogs,Square Enix,United Front Games,Standalone,Action-Adventure,,3D,PS3,PlayStation,Home Console,2012.0,NA,4.55,,81.0,,Multiplatform,N/A,False
Sleeping Dogs,Square Enix,United Front Games,Standalone,Action-Adventure,,3D,PS3,PlayStation,Home Console,2012.0,Other,4.55,,81.0,,Multiplatform,N/A,False
Sleeping Dogs,Square Enix,United Front Games,Standalone,Action-Adventure,,3D,PS3,PlayStation,Home Console,2012.0,PAL,4.55,,81.0,,Multiplatform,N/A,False
Sleeping Dogs,Square Enix,United Front Games,Standalone,Action-Adventure,,3D,Xbox 360,Microsoft,Home Console,2012.0,JP,4.55,,79.0,,Multiplatform,N/A,False
Sleeping Dogs,Square Enix,United Front Games,Standalone,Action-Adventure,,3D,Xbox 360,Microsoft,Home Console,2012.0,NA,4.55,,79.0,,Multiplatform,N/A,False
Sleeping Dogs,Square Enix,United Front Games,Standalone,Action-Adventure,,3D,Xbox 360,Microsoft,Home Console,2012.0,Other,4.55,,79.0,,Multiplatform,N/A,False
Sleeping Dogs,Square Enix,United Front Games,Standalone,Action-Adventure,,3D,Xbox 360,Microsoft,Home Console,2012.0,PAL,4.55,,79.0,,Multiplatform,N/A,False
Sleeping Dogs: Definitive Edition,Square Enix,United Front Games,Standalone,Action,,3D,PS4,PlayStation,Home Console,2014.0,JP,,,77.0,,Multiplatform,N/A,False
Sleeping Dogs: Definitive Edition,Square Enix,United Front Games,Standalone,Action,,3D,PS4,PlayStation,Home Console,2014.0,NA,0.16,,77.0,,Multiplatform,N/A,False
Sleeping Dogs: Definitive Edition,Square Enix,United Front Games,Standalone,Action,,3D,PS4,PlayStation,Home Console,2014.0,Other,0.07,,77.0,,Multiplatform,N/A,False
Sleeping Dogs: Definitive Edition,Square Enix,United Front Games,Standalone,Action,,3D,PS4,PlayStation,Home Console,2014.0,PAL,0.21,,77.0,,Multiplatform,N/A,False
Sleeping Dogs: Definitive Edition,Square Enix,United Front Games,Standalone,Action-Adventure,,3D,Xbox One,Microsoft,Home Console,2014.0,JP,,,75.0,,Multiplatform,N/A,False
Sleeping Dogs: Definitive Edition,Square Enix,United Front Games,Standalone,Action-Adventure,,3D,Xbox One,Microsoft,Home Console,2014.0,NA,0.1,,75.0,,Multiplatform,N/A,False
Sleeping Dogs: Definitive Edition,Square Enix,United Front Games,Standalone,Action-Adventure,,3D,Xbox One,Microsoft,Home Console,2014.0,Other,0.02,,75.0,,Multiplatform,N/A,False
Sleeping Dogs: Definitive Edition,Square Enix,United Front Games,Standalone,Action-Adventure,,3D,Xbox One,Microsoft,Home Console,2014.0,PAL,0.09,,75.0,,Multiplatform,N/A,False
,Square Enix,Tose,Standalone,,,,3DS,,,,,,,,,Multiplatform,,False
Slime MoriMori Dragon Quest 3: Taikaizoku to Shippo Dan,Square Enix,Square Enix,Dragon Quest,Role-Playing,Turn-Based RPG,Unknown,3DS,Nintendo,Handheld,2011.0,JP,0.13,,,,Exclusive,Post-Merger,True
Slime MoriMori Dragon Quest 3: Taikaizoku to Shippo Dan,Square Enix,Square Enix,Dragon Quest,Role-Playing,Turn-Based RPG,Unknown,3DS,Nintendo,Handheld,2011.0,NA,,,,,Exclusive,Post-Merger,True
Slime MoriMori Dragon Quest 3: Taikaizoku to Shippo Dan,Square Enix,Square Enix,Dragon Quest,Role-Playing,Turn-Based RPG,Unknown,3DS,Nintendo,Handheld,2011.0,Other,,,,,Exclusive,Post-Merger,True
Slime MoriMori Dragon Quest 3: Taikaizoku to Shippo Dan,Square Enix,Square Enix,Dragon Quest,Role-Playing,Turn-Based RPG,Unknown,3DS,Nintendo,Handheld,2011.0,PAL,,,,,Exclusive,Post-Merger,True
Slime MoriMori Dragon Quest: Shougeki No Shippo Dan,Square Enix,TOSE Software,Dragon Quest,Adventure,Turn-Based RPG,Unknown,GBA,Nintendo,Handheld,2003.0,JP,0.36,,,,Exclusive,Post-Merger,True
Slime MoriMori Dragon Quest: Shougeki No Shippo Dan,Square Enix,TOSE Software,Dragon Quest,Adventure,Turn-Based RPG,Unknown,GBA,Nintendo,Handheld,2003.0,NA,,,,,Exclusive,Post-Merger,True
Slime MoriMori Dragon Quest: Shougeki No Shippo Dan,Square Enix,TOSE Software,Dragon Quest,Adventure,Turn-Based RPG,Unknown,GBA,Nintendo,Handheld,2003.0,Other,0.01,,,,Exclusive,Post-Merger,True
Slime MoriMori Dragon Quest: Shougeki No Shippo Dan,Square Enix,TOSE Software,Dragon Quest,Adventure,Turn-Based RPG,Unknown,GBA,Nintendo,Handheld,2003.0,PAL,,,,,Exclusive,Post-Merger,True
,Enix,GameKids,Standalone,,,,GBA,,,,,,,,,Multiplatform,,False
Snap Kids,Enix,Enix Corporation,Standalone,Role-Playing,,Unknown,GBA,Nintendo,Handheld,2002.0,JP,,,,,Exclusive,Reconciliation,False
Snap Kids,Enix,Enix Corporation,Standalone,Role-Playing,,Unknown,GBA,Nintendo,Handheld,2002.0,NA,,,,,Exclusive,Reconciliation,False
Snap Kids,Enix,Enix Corporation,Standalone,Role-Playing,,Unknown,GBA,Nintendo,Handheld,2002.0,Other,,,,,Exclusive,Reconciliation,False
Snap Kids,Enix,Enix Corporation,Standalone,Role-Playing,,Unknown,GBA,Nintendo,Handheld,2002.0,PAL,,,,,Exclusive,Reconciliation,False
Sniper Assault,Square Enix,Phoenix Games,Standalone,Action,,Unknown,PS2,PlayStation,Home Console,2007.0,JP,,,,,Exclusive,N/A,False
Sniper Assault,Square Enix,Phoenix Games,Standalone,Action,,Unknown,PS2,PlayStation,Home Console,2007.0,NA,,,,,Exclusive,N/A,False
Sniper Assault,Square Enix,Phoenix Games,Standalone,Action,,Unknown,PS2,PlayStation,Home Console,2007.0,Other,,,,,Exclusive,N/A,False
Sniper Assault,Square Enix,Phoenix Games,Standalone,Action,,Unknown,PS2,PlayStation,Home Console,2007.0,PAL,,,,,Exclusive,N/A,False
,Square Enix,Square Enix,Standalone,,,,DS,,,,,,,,,Multiplatform,,False
Snoopy DS: Snoopy to Nakama Tachi ni Ai ni Ikou!,Square Enix,Square Enix,Standalone,Action,,Unknown,DS,Nintendo,Handheld,2008.0,JP,0.0,,,,Exclusive,Post-Merger,False
Snoopy DS: Snoopy to Nakama Tachi ni Ai ni Ikou!,Square Enix,Square Enix,Standalone,Action,,Unknown,DS,Nintendo,Handheld,2008.0,NA,,,,,Exclusive,Post-Merger,False
Snoopy DS: Snoopy to Nakama Tachi ni Ai ni Ikou!,Square Enix,Square Enix,Standalone,Action,,Unknown,DS,Nintendo,Handheld,2008.0,Other,,,,,Exclusive,Post-Merger,False
Snoopy DS: Snoopy to Nakama Tachi ni Ai ni Ikou!,Square Enix,Square Enix,Standalone,Action,,Unknown,DS,Nintendo,Handheld,2008.0,PAL,,,,,Exclusive,Post-Merger,False
Snow Rider,Square Enix,Phoenix Games,Standalone,Sports,,Unknown,PS2,PlayStation,Home Console,2006.0,JP,,,,,Exclusive,N/A,False
Snow Rider,Square Enix,Phoenix Games,Standalone,Sports,,Unknown,PS2,PlayStation,Home Console,2006.0,NA,,,,,Exclusive,N/A,False
Snow Rider,Square Enix,Phoenix Games,Standalone,Sports,,Unknown,PS2,PlayStation,Home Console,2006.0,Other,,,,,Exclusive,N/A,False
Snow Rider,Square Enix,Phoenix Games,Standalone,Sports,,Unknown,PS2,PlayStation,Home Console,2006.0,PAL,,,,,Exclusive,N/A,False
Son of the Lion King,Square Enix,Phoenix Games,Standalone,Action,,Unknown,PS2,PlayStation,Home Console,2006.0,JP,,,,,Exclusive,N/A,False
Son of the Lion King,Square Enix,Phoenix Games,Standalone,Action,,Unknown,PS2,PlayStation,Home Console,2006.0,NA,,,,,Exclusive,N/A,False
Son of the Lion King,Square Enix,Phoenix Games,Standalone,Action,,Unknown,PS2,PlayStation,Home Console,2006.0,Other,,,,,Exclusive,N/A,False
Son of the Lion King,Square Enix,Phoenix Games,Standalone,Action,,Unknown,PS2,PlayStation,Home Console,2006.0,PAL,,,,,Exclusive,N/A,False
Sonic Wings Special,Square Enix,Video System,Standalone,Shooter,,Unknown,PS1,PlayStation,Home Console,2004.0,JP,,,,,Exclusive,N/A,False
Sonic Wings Special,Square Enix,Video System,Standalone,Shooter,,Unknown,PS1,PlayStation,Home Console,2004.0,NA,,,,,Exclusive,N/A,False
Sonic Wings Special,Square Enix,Video System,Standalone,Shooter,,Unknown,PS1,PlayStation,Home Console,2004.0,Other,,,,,Exclusive,N/A,False
Sonic Wings Special,Square Enix,Video System,Standalone,Shooter,,Unknown,PS1,PlayStation,Home Console,2004.0,PAL,,,,,Exclusive,N/A,False
Soukaigi,Squaresoft,Yuke's,Standalone,Role-Playing,,Unknown,PS1,PlayStation,Home Console,1998.0,JP,0.13,,,,Exclusive,N/A,True
Soukaigi,Squaresoft,Yuke's,Standalone,Role-Playing,,Unknown,PS1,PlayStation,Home Console,1998.0,NA,,,,,Exclusive,N/A,True
Soukaigi,Squaresoft,Yuke's,Standalone,Role-Playing,,Unknown,PS1,PlayStation,Home Console,1998.0,Other,0.01,,,,Exclusive,N/A,True
Soukaigi,Squaresoft,Yuke's,Standalone,Role-Playing,,Unknown,PS1,PlayStation,Home Console,1998.0,PAL,,,,,Exclusive,N/A,True
Soul Blazer,Enix,Quintet,Soul Blazer,Role-Playing,Top-Down / God Game Hybrid,Unknown,SNES,Nintendo,Home Console,1992.0,JP,,,,,Exclusive,Pre-Split,False
Soul Blazer,Enix,Quintet,Soul Blazer,Role-Playing,Top-Down / God Game Hybrid,Unknown,SNES,Nintendo,Home Console,1992.0,NA,,,,,Exclusive,Pre-Split,False
Soul Blazer,Enix,Quintet,Soul Blazer,Role-Playing,Top-Down / God Game Hybrid,Unknown,SNES,Nintendo,Home Console,1992.0,Other,,,,,Exclusive,Pre-Split,False
Soul Blazer,Enix,Quintet,Soul Blazer,Role-Playing,Top-Down / God Game Hybrid,Unknown,SNES,Nintendo,Home Console,1992.0,PAL,,,,,Exclusive,Pre-Split,False
Soul Eater: Monotone Princess,Square Enix,Square Enix / Bones,Standalone,Action,,Unknown,Wii,Nintendo,Home Console,2008.0,JP,0.02,,,,Exclusive,Post-Merger,True
Soul Eater: Monotone Princess,Square Enix,Square Enix / Bones,Standalone,Action,,Unknown,Wii,Nintendo,Home Console,2008.0,NA,,,,,Exclusive,Post-Merger,True
Soul Eater: Monotone Princess,Square Enix,Square Enix / Bones,Standalone,Action,,Unknown,Wii,Nintendo,Home Console,2008.0,Other,,,,,Exclusive,Post-Merger,True
Soul Eater: Monotone Princess,Square Enix,Square Enix / Bones,Standalone,Action,,Unknown,Wii,Nintendo,Home Console,2008.0,PAL,,,,,Exclusive,Post-Merger,True
Source,Square Enix,Unknown,Standalone,Misc,,Unknown,PC,PC,PC,2015.0,JP,,,65.0,,Multiplatform,N/A,False
Source,Square Enix,Unknown,Standalone,Misc,,Unknown,PC,PC,PC,2015.0,NA,,,65.0,,Multiplatform,N/A,False
Source,Square Enix,Unknown,Standalone,Misc,,Unknown,PC,PC,PC,2015.0,Other,,,65.0,,Multiplatform,N/A,False
Source,Square Enix,Unknown,Standalone,Misc,,Unknown,PC,PC,PC,2015.0,PAL,,,65.0,,Multiplatform,N/A,False
Source,Square Enix,Unknown,Standalone,Misc,,Unknown,PS4,PlayStation,Home Console,2015.0,JP,,,65.0,,Multiplatform,N/A,False
Source,Square Enix,Unknown,Standalone,Misc,,Unknown,PS4,PlayStation,Home Console,2015.0,NA,,,65.0,,Multiplatform,N/A,False
Source,Square Enix,Unknown,Standalone,Misc,,Unknown,PS4,PlayStation,Home Console,2015.0,Other,,,65.0,,Multiplatform,N/A,False
Source,Square Enix,Unknown,Standalone,Misc,,Unknown,PS4,PlayStation,Home Console,2015.0,PAL,,,65.0,,Multiplatform,N/A,False
Source,Square Enix,Unknown,Standalone,Misc,,Unknown,Xbox One,Microsoft,Home Console,2015.0,JP,,,65.0,,Multiplatform,N/A,False
Source,Square Enix,Unknown,Standalone,Misc,,Unknown,Xbox One,Microsoft,Home Console,2015.0,NA,,,65.0,,Multiplatform,N/A,False
Source,Square Enix,Unknown,Standalone,Misc,,Unknown,Xbox One,Microsoft,Home Console,2015.0,Other,,,65.0,,Multiplatform,N/A,False
Source,Square Enix,Unknown,Standalone,Misc,,Unknown,Xbox One,Microsoft,Home Console,2015.0,PAL,,,65.0,,Multiplatform,N/A,False
Space Bust-A-Move,Square Enix,Lancarse,Standalone,Puzzle,,Unknown,DS,Nintendo,Handheld,2009.0,JP,,,,,Exclusive,Post-Merger,False
Space Bust-A-Move,Square Enix,Lancarse,Standalone,Puzzle,,Unknown,DS,Nintendo,Handheld,2009.0,NA,0.1,,,,Exclusive,Post-Merger,False
Space Bust-A-Move,Square Enix,Lancarse,Standalone,Puzzle,,Unknown,DS,Nintendo,Handheld,2009.0,Other,0.01,,,,Exclusive,Post-Merger,False
Space Bust-A-Move,Square Enix,Lancarse,Standalone,Puzzle,,Unknown,DS,Nintendo,Handheld,2009.0,PAL,0.02,,,,Exclusive,Post-Merger,False
Space Bust-A-Move (JP sales),Square Enix,Taito Corporation,Standalone,Puzzle,,Unknown,DS,Nintendo,Handheld,2009.0,JP,0.0,,,,Exclusive,Post-Merger,False
Space Bust-A-Move (JP sales),Square Enix,Taito Corporation,Standalone,Puzzle,,Unknown,DS,Nintendo,Handheld,2009.0,NA,,,,,Exclusive,Post-Merger,False
Space Bust-A-Move (JP sales),Square Enix,Taito Corporation,Standalone,Puzzle,,Unknown,DS,Nintendo,Handheld,2009.0,Other,,,,,Exclusive,Post-Merger,False
Space Bust-A-Move (JP sales),Square Enix,Taito Corporation,Standalone,Puzzle,,Unknown,DS,Nintendo,Handheld,2009.0,PAL,,,,,Exclusive,Post-Merger,False
Space Invaders Extreme,Square Enix,Taito Corporation,Space Invaders,Shooter,Scrolling / Rail Shooter,Unknown,DS,Nintendo,Handheld,2008.0,JP,0.01,,83.0,,Multiplatform,Post-Merger,False
Space Invaders Extreme,Square Enix,Taito Corporation,Space Invaders,Shooter,Scrolling / Rail Shooter,Unknown,DS,Nintendo,Handheld,2008.0,NA,0.12,,83.0,,Multiplatform,Post-Merger,False
Space Invaders Extreme,Square Enix,Taito Corporation,Space Invaders,Shooter,Scrolling / Rail Shooter,Unknown,DS,Nintendo,Handheld,2008.0,Other,0.01,,83.0,,Multiplatform,Post-Merger,False
Space Invaders Extreme,Square Enix,Taito Corporation,Space Invaders,Shooter,Scrolling / Rail Shooter,Unknown,DS,Nintendo,Handheld,2008.0,PAL,0.01,,83.0,,Multiplatform,Post-Merger,False
Space Invaders Extreme,Square Enix,"GULTI co.,ltd.",Space Invaders,Shooter,Scrolling / Rail Shooter,Unknown,PSP,PlayStation,Handheld,2008.0,JP,0.01,,82.0,,Multiplatform,N/A,False
Space Invaders Extreme,Square Enix,"GULTI co.,ltd.",Space Invaders,Shooter,Scrolling / Rail Shooter,Unknown,PSP,PlayStation,Handheld,2008.0,NA,0.06,,82.0,,Multiplatform,N/A,False
Space Invaders Extreme,Square Enix,"GULTI co.,ltd.",Space Invaders,Shooter,Scrolling / Rail Shooter,Unknown,PSP,PlayStation,Handheld,2008.0,Other,0.01,,82.0,,Multiplatform,N/A,False
Space Invaders Extreme,Square Enix,"GULTI co.,ltd.",Space Invaders,Shooter,Scrolling / Rail Shooter,Unknown,PSP,PlayStation,Handheld,2008.0,PAL,0.02,,82.0,,Multiplatform,N/A,False
Space Invaders Get Even,Square Enix,Cattle Call,Space Invaders,Shooter,Scrolling / Rail Shooter,Unknown,WW,Other,Other,2008.0,JP,,,,,Exclusive,N/A,False
Space Invaders Get Even,Square Enix,Cattle Call,Space Invaders,Shooter,Scrolling / Rail Shooter,Unknown,WW,Other,Other,2008.0,NA,,,,,Exclusive,N/A,False
Space Invaders Get Even,Square Enix,Cattle Call,Space Invaders,Shooter,Scrolling / Rail Shooter,Unknown,WW,Other,Other,2008.0,Other,,,,,Exclusive,N/A,False
Space Invaders Get Even,Square Enix,Cattle Call,Space Invaders,Shooter,Scrolling / Rail Shooter,Unknown,WW,Other,Other,2008.0,PAL,,,,,Exclusive,N/A,False
Space Invaders Infinity Gene,Square Enix,Taito Corporation,Space Invaders,Shooter,Scrolling / Rail Shooter,Unknown,PSN,Other,Other,2010.0,JP,,,83.0,,Exclusive,N/A,False
Space Invaders Infinity Gene,Square Enix,Taito Corporation,Space Invaders,Shooter,Scrolling / Rail Shooter,Unknown,PSN,Other,Other,2010.0,NA,,,83.0,,Exclusive,N/A,False
Space Invaders Infinity Gene,Square Enix,Taito Corporation,Space Invaders,Shooter,Scrolling / Rail Shooter,Unknown,PSN,Other,Other,2010.0,Other,,,83.0,,Exclusive,N/A,False
Space Invaders Infinity Gene,Square Enix,Taito Corporation,Space Invaders,Shooter,Scrolling / Rail Shooter,Unknown,PSN,Other,Other,2010.0,PAL,,,83.0,,Exclusive,N/A,False
Space Invaders Infinity Gene,Square Enix,Taito Corporation,Space Invaders,Shooter,Scrolling / Rail Shooter,Unknown,XBL,Other,Other,2010.0,JP,,,82.0,,Exclusive,N/A,False
Space Invaders Infinity Gene,Square Enix,Taito Corporation,Space Invaders,Shooter,Scrolling / Rail Shooter,Unknown,XBL,Other,Other,2010.0,NA,,,82.0,,Exclusive,N/A,False
Space Invaders Infinity Gene,Square Enix,Taito Corporation,Space Invaders,Shooter,Scrolling / Rail Shooter,Unknown,XBL,Other,Other,2010.0,Other,,,82.0,,Exclusive,N/A,False
Space Invaders Infinity Gene,Square Enix,Taito Corporation,Space Invaders,Shooter,Scrolling / Rail Shooter,Unknown,XBL,Other,Other,2010.0,PAL,,,82.0,,Exclusive,N/A,False
Space Rebellion,Square Enix,Phoenix Games,Standalone,Action,,Unknown,PS2,PlayStation,Home Console,2006.0,JP,,,,,Exclusive,N/A,False
Space Rebellion,Square Enix,Phoenix Games,Standalone,Action,,Unknown,PS2,PlayStation,Home Console,2006.0,NA,,,,,Exclusive,N/A,False
Space Rebellion,Square Enix,Phoenix Games,Standalone,Action,,Unknown,PS2,PlayStation,Home Console,2006.0,Other,,,,,Exclusive,N/A,False
Space Rebellion,Square Enix,Phoenix Games,Standalone,Action,,Unknown,PS2,PlayStation,Home Console,2006.0,PAL,,,,,Exclusive,N/A,False
Speedboat GP,Square Enix,Phoenix Games,Standalone,Racing,,Unknown,PS2,PlayStation,Home Console,2006.0,JP,,,,,Exclusive,N/A,False
Speedboat GP,Square Enix,Phoenix Games,Standalone,Racing,,Unknown,PS2,PlayStation,Home Console,2006.0,NA,,,,,Exclusive,N/A,False
Speedboat GP,Square Enix,Phoenix Games,Standalone,Racing,,Unknown,PS2,PlayStation,Home Console,2006.0,Other,,,,,Exclusive,N/A,False
Speedboat GP,Square Enix,Phoenix Games,Standalone,Racing,,Unknown,PS2,PlayStation,Home Console,2006.0,PAL,,,,,Exclusive,N/A,False
,Square Enix,"April 20, 2017",Standalone,,,,Collection of Mana,,,,,,,64.0,,Exclusive,,False
,Square Enix,"April 20, 2017",Standalone,,,,Nier: Automata,,,,,,,64.0,,Exclusive,,False
,Square Enix,"April 20, 2017",Standalone,,,,PC,,,,,,,64.0,,Exclusive,,False
Spelunker Party!,Square Enix,Tozai Games,Standalone,Action,,Unknown,Switch,Nintendo,Home Console,2017.0,JP,,,64.0,,Exclusive,Post-Merger,False
Spelunker Party!,Square Enix,Tozai Games,Standalone,Action,,Unknown,Switch,Nintendo,Home Console,2017.0,NA,,,64.0,,Exclusive,Post-Merger,False
Spelunker Party!,Square Enix,Tozai Games,Standalone,Action,,Unknown,Switch,Nintendo,Home Console,2017.0,Other,,,64.0,,Exclusive,Post-Merger,False
Spelunker Party!,Square Enix,Tozai Games,Standalone,Action,,Unknown,Switch,Nintendo,Home Console,2017.0,PAL,,,64.0,,Exclusive,Post-Merger,False
"Sprint, Yankee Soul",Square Enix,Square Enix,Standalone,Action,,Unknown,And,Other,Other,2014.0,JP,,,,,Exclusive,N/A,False
"Sprint, Yankee Soul",Square Enix,Square Enix,Standalone,Action,,Unknown,And,Other,Other,2014.0,NA,,,,,Exclusive,N/A,False
"Sprint, Yankee Soul",Square Enix,Square Enix,Standalone,Action,,Unknown,And,Other,Other,2014.0,Other,,,,,Exclusive,N/A,False
"Sprint, Yankee Soul",Square Enix,Square Enix,Standalone,Action,,Unknown,And,Other,Other,2014.0,PAL,,,,,Exclusive,N/A,False
Square's Tom Sawyer,Squaresoft,Square,Standalone,Role-Playing,,Unknown,NES,Nintendo,Home Console,1989.0,JP,,,,,Exclusive,Pre-Split,False
Square's Tom Sawyer,Squaresoft,Square,Standalone,Role-Playing,,Unknown,NES,Nintendo,Home Console,1989.0,NA,,,,,Exclusive,Pre-Split,False
Square's Tom Sawyer,Squaresoft,Square,Standalone,Role-Playing,,Unknown,NES,Nintendo,Home Console,1989.0,Other,,,,,Exclusive,Pre-Split,False
Square's Tom Sawyer,Squaresoft,Square,Standalone,Role-Playing,,Unknown,NES,Nintendo,Home Console,1989.0,PAL,,,,,Exclusive,Pre-Split,False
,Square Enix,[ 325 ],Standalone,,,,Octopath Traveler,,,,,,,,,Multiplatform,,False
Star Ocean,Enix,tri-Ace,Star Ocean,Role-Playing,Action RPG,2D,SNES,Nintendo,Home Console,1996.0,JP,,,71.0,,Multiplatform,Pre-Split,False
Star Ocean,Enix,tri-Ace,Star Ocean,Role-Playing,Action RPG,2D,SNES,Nintendo,Home Console,1996.0,NA,,,71.0,,Multiplatform,Pre-Split,False
Star Ocean,Enix,tri-Ace,Star Ocean,Role-Playing,Action RPG,2D,SNES,Nintendo,Home Console,1996.0,Other,,,71.0,,Multiplatform,Pre-Split,False
Star Ocean,Enix,tri-Ace,Star Ocean,Role-Playing,Action RPG,2D,SNES,Nintendo,Home Console,1996.0,PAL,,,71.0,,Multiplatform,Pre-Split,False
Star Ocean,Enix,tri-Ace,Star Ocean,Role-Playing,Action RPG,2D,Series,Other,Other,1996.0,JP,,,71.0,,Multiplatform,N/A,False
Star Ocean,Enix,tri-Ace,Star Ocean,Role-Playing,Action RPG,2D,Series,Other,Other,1996.0,NA,,,71.0,,Multiplatform,N/A,False
Star Ocean,Enix,tri-Ace,Star Ocean,Role-Playing,Action RPG,2D,Series,Other,Other,1996.0,Other,,,71.0,,Multiplatform,N/A,False
Star Ocean,Enix,tri-Ace,Star Ocean,Role-Playing,Action RPG,2D,Series,Other,Other,1996.0,PAL,,,71.0,,Multiplatform,N/A,False
Star Ocean 5: Integrity and Faithlessness,Square Enix,tri-Ace,Star Ocean,Role-Playing,Action RPG,2D,PS3,PlayStation,Home Console,2016.0,JP,0.06,,60.0,,Exclusive,N/A,False
Star Ocean 5: Integrity and Faithlessness,Square Enix,tri-Ace,Star Ocean,Role-Playing,Action RPG,2D,PS3,PlayStation,Home Console,2016.0,NA,,,60.0,,Exclusive,N/A,False
Star Ocean 5: Integrity and Faithlessness,Square Enix,tri-Ace,Star Ocean,Role-Playing,Action RPG,2D,PS3,PlayStation,Home Console,2016.0,Other,,,60.0,,Exclusive,N/A,False
Star Ocean 5: Integrity and Faithlessness,Square Enix,tri-Ace,Star Ocean,Role-Playing,Action RPG,2D,PS3,PlayStation,Home Console,2016.0,PAL,,,60.0,,Exclusive,N/A,False
Star Ocean 5: Integrity and Faithlessness,Square Enix,tri-Ace,Star Ocean,Role-Playing,Action RPG,2D,PS4,PlayStation,Home Console,2016.0,JP,0.16,,60.0,,Exclusive,N/A,False
Star Ocean 5: Integrity and Faithlessness,Square Enix,tri-Ace,Star Ocean,Role-Playing,Action RPG,2D,PS4,PlayStation,Home Console,2016.0,NA,0.1,,60.0,,Exclusive,N/A,False
Star Ocean 5: Integrity and Faithlessness,Square Enix,tri-Ace,Star Ocean,Role-Playing,Action RPG,2D,PS4,PlayStation,Home Console,2016.0,Other,0.05,,60.0,,Exclusive,N/A,False
Star Ocean 5: Integrity and Faithlessness,Square Enix,tri-Ace,Star Ocean,Role-Playing,Action RPG,2D,PS4,PlayStation,Home Console,2016.0,PAL,0.13,,60.0,,Exclusive,N/A,False
,Enix,tri-Ace,Standalone,,,,GBC,,,,,,,,,Exclusive,,False
Star Ocean: Blue Sphere,Enix,tri-Ace,Star Ocean,Role-Playing,Action RPG,2D,Game Boy,Nintendo,Handheld,2001.0,JP,,,,,Exclusive,Cold War,False
Star Ocean: Blue Sphere,Enix,tri-Ace,Star Ocean,Role-Playing,Action RPG,2D,Game Boy,Nintendo,Handheld,2001.0,NA,,,,,Exclusive,Cold War,False
Star Ocean: Blue Sphere,Enix,tri-Ace,Star Ocean,Role-Playing,Action RPG,2D,Game Boy,Nintendo,Handheld,2001.0,Other,,,,,Exclusive,Cold War,False
Star Ocean: Blue Sphere,Enix,tri-Ace,Star Ocean,Role-Playing,Action RPG,2D,Game Boy,Nintendo,Handheld,2001.0,PAL,,,,,Exclusive,Cold War,False
,Square Enix,Tose,Standalone,,,,Final Fantasy Crystal Chronicles: My Life as a King,,,,,,,74.0,,Exclusive,,False
,Square Enix,Tose,Standalone,,,,PS4,,,,,,,74.0,,Exclusive,,False
Star Ocean: First Departure,Square Enix,TOSE Software,Star Ocean,Role-Playing,Action RPG,2D,PSP,PlayStation,Handheld,2008.0,JP,0.22,,75.0,,Exclusive,N/A,False
Star Ocean: First Departure,Square Enix,TOSE Software,Star Ocean,Role-Playing,Action RPG,2D,PSP,PlayStation,Handheld,2008.0,NA,0.2,,75.0,,Exclusive,N/A,False
Star Ocean: First Departure,Square Enix,TOSE Software,Star Ocean,Role-Playing,Action RPG,2D,PSP,PlayStation,Handheld,2008.0,Other,0.09,,75.0,,Exclusive,N/A,False
Star Ocean: First Departure,Square Enix,TOSE Software,Star Ocean,Role-Playing,Action RPG,2D,PSP,PlayStation,Handheld,2008.0,PAL,0.14,,75.0,,Exclusive,N/A,False
,Square Enix,Tose,Standalone,,,,Switch,,,,,,,74.0,,Exclusive,,False
Star Ocean: First Departure R,Square Enix,Square Enix,Star Ocean,Role-Playing,Action RPG,2D,PS4,PlayStation,Home Console,2019.0,JP,,,74.0,,Multiplatform,N/A,False
Star Ocean: First Departure R,Square Enix,Square Enix,Star Ocean,Role-Playing,Action RPG,2D,PS4,PlayStation,Home Console,2019.0,NA,,,74.0,,Multiplatform,N/A,False
Star Ocean: First Departure R,Square Enix,Square Enix,Star Ocean,Role-Playing,Action RPG,2D,PS4,PlayStation,Home Console,2019.0,Other,,,74.0,,Multiplatform,N/A,False
Star Ocean: First Departure R,Square Enix,Square Enix,Star Ocean,Role-Playing,Action RPG,2D,PS4,PlayStation,Home Console,2019.0,PAL,,,74.0,,Multiplatform,N/A,False
Star Ocean: First Departure R,Square Enix,Square Enix,Star Ocean,Role-Playing,Action RPG,2D,Switch,Nintendo,Home Console,2019.0,JP,,,74.0,,Multiplatform,Post-Merger,False
Star Ocean: First Departure R,Square Enix,Square Enix,Star Ocean,Role-Playing,Action RPG,2D,Switch,Nintendo,Home Console,2019.0,NA,,,74.0,,Multiplatform,Post-Merger,False
Star Ocean: First Departure R,Square Enix,Square Enix,Star Ocean,Role-Playing,Action RPG,2D,Switch,Nintendo,Home Console,2019.0,Other,,,74.0,,Multiplatform,Post-Merger,False
Star Ocean: First Departure R,Square Enix,Square Enix,Star Ocean,Role-Playing,Action RPG,2D,Switch,Nintendo,Home Console,2019.0,PAL,,,74.0,,Multiplatform,Post-Merger,False
,Square Enix,Tose,Standalone,,,,Front Mission 2089: Border of Madness,,,,,,,,,Exclusive,,False
,Square Enix,Tose,Standalone,,,,PS Vita,,,,,,,,,Exclusive,,False
,Square Enix,Tose,Standalone,,,,PS3,,,,,,,,,Exclusive,,False
,Square Enix,Tose,Standalone,,,,PS4,,,,,,,,,Exclusive,,False
Star Ocean: Second Evolution,Square Enix,TOSE Software,Star Ocean,Role-Playing,Action RPG,2D,PSP,PlayStation,Handheld,2009.0,JP,0.16,,80.0,,Exclusive,N/A,False
Star Ocean: Second Evolution,Square Enix,TOSE Software,Star Ocean,Role-Playing,Action RPG,2D,PSP,PlayStation,Handheld,2009.0,NA,0.14,,80.0,,Exclusive,N/A,False
Star Ocean: Second Evolution,Square Enix,TOSE Software,Star Ocean,Role-Playing,Action RPG,2D,PSP,PlayStation,Handheld,2009.0,Other,0.02,,80.0,,Exclusive,N/A,False
Star Ocean: Second Evolution,Square Enix,TOSE Software,Star Ocean,Role-Playing,Action RPG,2D,PSP,PlayStation,Handheld,2009.0,PAL,0.02,,80.0,,Exclusive,N/A,False
,Square Enix,"October 27, 2022",Standalone,,,,Harvestella,,,,,,,71.0,,Exclusive,,False
,Square Enix,"October 27, 2022",Standalone,,,,PS4,,,,,,,71.0,,Exclusive,,False
Star Ocean: The Divine Force,Square Enix,tri-Ace,Star Ocean,Role-Playing,Action RPG,3D,PS5,PlayStation,Home Console,2022.0,JP,,,71.0,,Exclusive,N/A,False
Star Ocean: The Divine Force,Square Enix,tri-Ace,Star Ocean,Role-Playing,Action RPG,3D,PS5,PlayStation,Home Console,2022.0,NA,,,71.0,,Exclusive,N/A,False
Star Ocean: The Divine Force,Square Enix,tri-Ace,Star Ocean,Role-Playing,Action RPG,3D,PS5,PlayStation,Home Console,2022.0,Other,,,71.0,,Exclusive,N/A,False
Star Ocean: The Divine Force,Square Enix,tri-Ace,Star Ocean,Role-Playing,Action RPG,3D,PS5,PlayStation,Home Console,2022.0,PAL,,,71.0,,Exclusive,N/A,False
,Square Enix,"October 27, 2022",Standalone,,,,Valkyrie Elysium,,,,,,,71.0,,Exclusive,,False
,Square Enix,"October 27, 2022",Standalone,,,,Xbox One,,,,,,,71.0,,Exclusive,,False
,Square Enix,"October 27, 2022",Standalone,,,,Xbox Series X/S,,,,,,,71.0,,Exclusive,,False
,Square Enix,"February 19, 2009",Standalone,,,,Final Fantasy Crystal Chronicles: Echoes of Time,,,,,,,72.0,,Timed Exclusive,,False
Star Ocean: The Last Hope,Square Enix,Unknown,Star Ocean,Role-Playing,Action RPG,3D,PS3,PlayStation,Home Console,2010.0,JP,,,72.0,,Timed Exclusive,N/A,False
Star Ocean: The Last Hope,Square Enix,Unknown,Star Ocean,Role-Playing,Action RPG,3D,PS3,PlayStation,Home Console,2010.0,NA,,,72.0,,Timed Exclusive,N/A,False
Star Ocean: The Last Hope,Square Enix,Unknown,Star Ocean,Role-Playing,Action RPG,3D,PS3,PlayStation,Home Console,2010.0,Other,,,72.0,,Timed Exclusive,N/A,False
Star Ocean: The Last Hope,Square Enix,Unknown,Star Ocean,Role-Playing,Action RPG,3D,PS3,PlayStation,Home Console,2010.0,PAL,,,72.0,,Timed Exclusive,N/A,False
Star Ocean: The Last Hope,Square Enix,tri-Ace,Star Ocean,Role-Playing,Action RPG,3D,Xbox 360,Microsoft,Home Console,2009.0,JP,,,73.0,,Timed Exclusive,N/A,False
Star Ocean: The Last Hope,Square Enix,tri-Ace,Star Ocean,Role-Playing,Action RPG,3D,Xbox 360,Microsoft,Home Console,2009.0,NA,,,73.0,,Timed Exclusive,N/A,False
Star Ocean: The Last Hope,Square Enix,tri-Ace,Star Ocean,Role-Playing,Action RPG,3D,Xbox 360,Microsoft,Home Console,2009.0,Other,,,73.0,,Timed Exclusive,N/A,False
Star Ocean: The Last Hope,Square Enix,tri-Ace,Star Ocean,Role-Playing,Action RPG,3D,Xbox 360,Microsoft,Home Console,2009.0,PAL,,,73.0,,Timed Exclusive,N/A,False
,Square Enix,tri-Ace,Standalone,,,,Dissidia Final Fantasy NT,,,,,,,72.0,,Multiplatform,,False
,Square Enix,tri-Ace,Standalone,,,,PC,,,,,,,72.0,,Multiplatform,,False
,Square Enix,tri-Ace,Standalone,,,,PS4,,,,,,,72.0,,Multiplatform,,False
Star Ocean: The Last Hope International,Square Enix,tri-Ace,Star Ocean,Role-Playing,Action RPG,2D,PS3,PlayStation,Home Console,2010.0,JP,0.22,,81.0,,Exclusive,N/A,False
Star Ocean: The Last Hope International,Square Enix,tri-Ace,Star Ocean,Role-Playing,Action RPG,2D,PS3,PlayStation,Home Console,2010.0,NA,0.28,,81.0,,Exclusive,N/A,False
Star Ocean: The Last Hope International,Square Enix,tri-Ace,Star Ocean,Role-Playing,Action RPG,2D,PS3,PlayStation,Home Console,2010.0,Other,0.07,,81.0,,Exclusive,N/A,False
Star Ocean: The Last Hope International,Square Enix,tri-Ace,Star Ocean,Role-Playing,Action RPG,2D,PS3,PlayStation,Home Console,2010.0,PAL,0.15,,81.0,,Exclusive,N/A,False
,Enix,tri-Ace,Standalone,,,,PS1,,,,,,,,,Multiplatform,,False
Star Ocean: Till The End of Time,Square Enix,tri-Ace,Star Ocean,Role-Playing,Action RPG,2D,PS2,PlayStation,Home Console,2004.0,JP,,,78.0,,Exclusive,N/A,False
Star Ocean: Till The End of Time,Square Enix,tri-Ace,Star Ocean,Role-Playing,Action RPG,2D,PS2,PlayStation,Home Console,2004.0,NA,,,78.0,,Exclusive,N/A,False
Star Ocean: Till The End of Time,Square Enix,tri-Ace,Star Ocean,Role-Playing,Action RPG,2D,PS2,PlayStation,Home Console,2004.0,Other,,,78.0,,Exclusive,N/A,False
Star Ocean: Till The End of Time,Square Enix,tri-Ace,Star Ocean,Role-Playing,Action RPG,2D,PS2,PlayStation,Home Console,2004.0,PAL,,,78.0,,Exclusive,N/A,False
Star Ocean: Till The End of Time,Square Enix,tri-Ace,Star Ocean,Role-Playing,Action RPG,2D,PS4,PlayStation,Home Console,2017.0,JP,,,70.0,,Exclusive,N/A,False
Star Ocean: Till The End of Time,Square Enix,tri-Ace,Star Ocean,Role-Playing,Action RPG,2D,PS4,PlayStation,Home Console,2017.0,NA,,,70.0,,Exclusive,N/A,False
Star Ocean: Till The End of Time,Square Enix,tri-Ace,Star Ocean,Role-Playing,Action RPG,2D,PS4,PlayStation,Home Console,2017.0,Other,,,70.0,,Exclusive,N/A,False
Star Ocean: Till The End of Time,Square Enix,tri-Ace,Star Ocean,Role-Playing,Action RPG,2D,PS4,PlayStation,Home Console,2017.0,PAL,,,70.0,,Exclusive,N/A,False
Star Ocean: Till the End of Time Director's Cut,Square Enix,tri-Ace,Star Ocean,Role-Playing,Action RPG,2D,PS2,PlayStation,Home Console,2004.0,JP,,,70.0,,Exclusive,N/A,False
Star Ocean: Till the End of Time Director's Cut,Square Enix,tri-Ace,Star Ocean,Role-Playing,Action RPG,2D,PS2,PlayStation,Home Console,2004.0,NA,,,70.0,,Exclusive,N/A,False
Star Ocean: Till the End of Time Director's Cut,Square Enix,tri-Ace,Star Ocean,Role-Playing,Action RPG,2D,PS2,PlayStation,Home Console,2004.0,Other,,,70.0,,Exclusive,N/A,False
Star Ocean: Till the End of Time Director's Cut,Square Enix,tri-Ace,Star Ocean,Role-Playing,Action RPG,2D,PS2,PlayStation,Home Console,2004.0,PAL,,,70.0,,Exclusive,N/A,False
,Square Enix,Team Ninja,Standalone,,,,Chrono Cross: The Radical Dreamers Edition,,,,,,,72.0,,Exclusive,,False
,Square Enix,Team Ninja,Standalone,,,,PC,,,,,,,72.0,,Exclusive,,False
,Square Enix,Team Ninja,Standalone,,,,PS4,,,,,,,72.0,,Exclusive,,False
Stranger of Paradise: Final Fantasy Origin,Square Enix,Square Enix,Final Fantasy,Action,Turn-Based RPG,3D,PS5,PlayStation,Home Console,2022.0,JP,,,72.0,,Exclusive,N/A,False
Stranger of Paradise: Final Fantasy Origin,Square Enix,Square Enix,Final Fantasy,Action,Turn-Based RPG,3D,PS5,PlayStation,Home Console,2022.0,NA,,,72.0,,Exclusive,N/A,False
Stranger of Paradise: Final Fantasy Origin,Square Enix,Square Enix,Final Fantasy,Action,Turn-Based RPG,3D,PS5,PlayStation,Home Console,2022.0,Other,,,72.0,,Exclusive,N/A,False
Stranger of Paradise: Final Fantasy Origin,Square Enix,Square Enix,Final Fantasy,Action,Turn-Based RPG,3D,PS5,PlayStation,Home Console,2022.0,PAL,,,72.0,,Exclusive,N/A,False
,Square Enix,Team Ninja,Standalone,,,,Xbox One,,,,,,,72.0,,Exclusive,,False
,Square Enix,Team Ninja,Standalone,,,,Xbox Series X/S,,,,,,,72.0,,Exclusive,,False
Street Warrior,Square Enix,Phoenix Games,Standalone,Action,,Unknown,PS2,PlayStation,Home Console,2007.0,JP,,,,,Exclusive,N/A,False
Street Warrior,Square Enix,Phoenix Games,Standalone,Action,,Unknown,PS2,PlayStation,Home Console,2007.0,NA,,,,,Exclusive,N/A,False
Street Warrior,Square Enix,Phoenix Games,Standalone,Action,,Unknown,PS2,PlayStation,Home Console,2007.0,Other,,,,,Exclusive,N/A,False
Street Warrior,Square Enix,Phoenix Games,Standalone,Action,,Unknown,PS2,PlayStation,Home Console,2007.0,PAL,,,,,Exclusive,N/A,False
,Squaresoft,Square,Standalone,,,,Family Computer Disk System,,,,,,,,,Multiplatform,,False
,Enix,Exrays,Standalone,,,,PS2,,,,,,,,,Multiplatform,,False
,Squaresoft,Aques,Standalone,,,,PS1,,,,,,,,,Multiplatform,,False
,Squaresoft,Square / Nintendo,Standalone,,,,SNES,,,,,,,,,Multiplatform,,False
Superbike GP,Square Enix,Phoenix Games,Standalone,Racing,,Unknown,PS2,PlayStation,Home Console,2006.0,JP,,,,,Exclusive,N/A,False
Superbike GP,Square Enix,Phoenix Games,Standalone,Racing,,Unknown,PS2,PlayStation,Home Console,2006.0,NA,,,,,Exclusive,N/A,False
Superbike GP,Square Enix,Phoenix Games,Standalone,Racing,,Unknown,PS2,PlayStation,Home Console,2006.0,Other,,,,,Exclusive,N/A,False
Superbike GP,Square Enix,Phoenix Games,Standalone,Racing,,Unknown,PS2,PlayStation,Home Console,2006.0,PAL,,,,,Exclusive,N/A,False
Supreme Commander 2,Square Enix,Gas Powered Games,Standalone,Strategy,,Unknown,PC,PC,PC,2010.0,JP,,,75.0,,Multiplatform,N/A,False
Supreme Commander 2,Square Enix,Gas Powered Games,Standalone,Strategy,,Unknown,PC,PC,PC,2010.0,NA,,,75.0,,Multiplatform,N/A,False
Supreme Commander 2,Square Enix,Gas Powered Games,Standalone,Strategy,,Unknown,PC,PC,PC,2010.0,Other,,,75.0,,Multiplatform,N/A,False
Supreme Commander 2,Square Enix,Gas Powered Games,Standalone,Strategy,,Unknown,PC,PC,PC,2010.0,PAL,,,75.0,,Multiplatform,N/A,False
Supreme Commander 2,Square Enix,Gas Powered Games,Standalone,Strategy,,Unknown,Xbox 360,Microsoft,Home Console,2010.0,JP,,,82.0,,Multiplatform,N/A,False
Supreme Commander 2,Square Enix,Gas Powered Games,Standalone,Strategy,,Unknown,Xbox 360,Microsoft,Home Console,2010.0,NA,0.23,,82.0,,Multiplatform,N/A,False
Supreme Commander 2,Square Enix,Gas Powered Games,Standalone,Strategy,,Unknown,Xbox 360,Microsoft,Home Console,2010.0,Other,0.03,,82.0,,Multiplatform,N/A,False
Supreme Commander 2,Square Enix,Gas Powered Games,Standalone,Strategy,,Unknown,Xbox 360,Microsoft,Home Console,2010.0,PAL,0.09,,82.0,,Multiplatform,N/A,False
Suzuki Bakuhatsu,Enix,Enix Corporation,Standalone,Misc,,Unknown,PS1,PlayStation,Home Console,2000.0,JP,,,,,Exclusive,N/A,False
Suzuki Bakuhatsu,Enix,Enix Corporation,Standalone,Misc,,Unknown,PS1,PlayStation,Home Console,2000.0,NA,,,,,Exclusive,N/A,False
Suzuki Bakuhatsu,Enix,Enix Corporation,Standalone,Misc,,Unknown,PS1,PlayStation,Home Console,2000.0,Other,,,,,Exclusive,N/A,False
Suzuki Bakuhatsu,Enix,Enix Corporation,Standalone,Misc,,Unknown,PS1,PlayStation,Home Console,2000.0,PAL,,,,,Exclusive,N/A,False
Swat Siege,Square Enix,Phoenix Games,Standalone,Action,,Unknown,PS2,PlayStation,Home Console,2006.0,JP,,,,,Exclusive,N/A,False
Swat Siege,Square Enix,Phoenix Games,Standalone,Action,,Unknown,PS2,PlayStation,Home Console,2006.0,NA,,,,,Exclusive,N/A,False
Swat Siege,Square Enix,Phoenix Games,Standalone,Action,,Unknown,PS2,PlayStation,Home Console,2006.0,Other,,,,,Exclusive,N/A,False
Swat Siege,Square Enix,Phoenix Games,Standalone,Action,,Unknown,PS2,PlayStation,Home Console,2006.0,PAL,,,,,Exclusive,N/A,False
Sword of Kalin (FDS),Squaresoft,Xtalsoft,Standalone,Role-Playing,,Unknown,NES,Nintendo,Home Console,1987.0,JP,,,,,Exclusive,Pre-Split,False
Sword of Kalin (FDS),Squaresoft,Xtalsoft,Standalone,Role-Playing,,Unknown,NES,Nintendo,Home Console,1987.0,NA,,,,,Exclusive,Pre-Split,False
Sword of Kalin (FDS),Squaresoft,Xtalsoft,Standalone,Role-Playing,,Unknown,NES,Nintendo,Home Console,1987.0,Other,,,,,Exclusive,Pre-Split,False
Sword of Kalin (FDS),Squaresoft,Xtalsoft,Standalone,Role-Playing,,Unknown,NES,Nintendo,Home Console,1987.0,PAL,,,,,Exclusive,Pre-Split,False
Sébastien Loeb Rally EVO,Square Enix,Milestone S.r.l,Standalone,Racing,,Unknown,PS4,PlayStation,Home Console,2016.0,JP,,,70.0,,Multiplatform,N/A,False
Sébastien Loeb Rally EVO,Square Enix,Milestone S.r.l,Standalone,Racing,,Unknown,PS4,PlayStation,Home Console,2016.0,NA,,,70.0,,Multiplatform,N/A,False
Sébastien Loeb Rally EVO,Square Enix,Milestone S.r.l,Standalone,Racing,,Unknown,PS4,PlayStation,Home Console,2016.0,Other,0.01,,70.0,,Multiplatform,N/A,False
Sébastien Loeb Rally EVO,Square Enix,Milestone S.r.l,Standalone,Racing,,Unknown,PS4,PlayStation,Home Console,2016.0,PAL,0.04,,70.0,,Multiplatform,N/A,False
Sébastien Loeb Rally EVO,Square Enix,Milestone S.r.l,Standalone,Racing,,Unknown,Xbox One,Microsoft,Home Console,2016.0,JP,,,70.0,,Multiplatform,N/A,False
Sébastien Loeb Rally EVO,Square Enix,Milestone S.r.l,Standalone,Racing,,Unknown,Xbox One,Microsoft,Home Console,2016.0,NA,,,70.0,,Multiplatform,N/A,False
Sébastien Loeb Rally EVO,Square Enix,Milestone S.r.l,Standalone,Racing,,Unknown,Xbox One,Microsoft,Home Console,2016.0,Other,0.0,,70.0,,Multiplatform,N/A,False
Sébastien Loeb Rally EVO,Square Enix,Milestone S.r.l,Standalone,Racing,,Unknown,Xbox One,Microsoft,Home Console,2016.0,PAL,0.01,,70.0,,Multiplatform,N/A,False
,Squaresoft,Yuke's,Standalone,,,,PS1,,,,,,,,,Multiplatform,,False
Tactics Ogre: Let Us Cling Together,Square Enix,Square Enix,Ogre,Role-Playing,Tactical / Strategy RPG,2D,PSN,Other,Other,2011.0,JP,,,,,Timed Exclusive,N/A,False
Tactics Ogre: Let Us Cling Together,Square Enix,Square Enix,Ogre,Role-Playing,Tactical / Strategy RPG,2D,PSN,Other,Other,2011.0,NA,,,,,Timed Exclusive,N/A,False
Tactics Ogre: Let Us Cling Together,Square Enix,Square Enix,Ogre,Role-Playing,Tactical / Strategy RPG,2D,PSN,Other,Other,2011.0,Other,,,,,Timed Exclusive,N/A,False
Tactics Ogre: Let Us Cling Together,Square Enix,Square Enix,Ogre,Role-Playing,Tactical / Strategy RPG,2D,PSN,Other,Other,2011.0,PAL,,,,,Timed Exclusive,N/A,False
Tactics Ogre: Let Us Cling Together,Square Enix,Square Enix,Ogre,Role-Playing,Tactical / Strategy RPG,2D,PSP,PlayStation,Handheld,2011.0,JP,0.27,,90.0,,Timed Exclusive,N/A,False
Tactics Ogre: Let Us Cling Together,Square Enix,Square Enix,Ogre,Role-Playing,Tactical / Strategy RPG,2D,PSP,PlayStation,Handheld,2011.0,NA,0.15,,90.0,,Timed Exclusive,N/A,False
Tactics Ogre: Let Us Cling Together,Square Enix,Square Enix,Ogre,Role-Playing,Tactical / Strategy RPG,2D,PSP,PlayStation,Handheld,2011.0,Other,0.05,,90.0,,Timed Exclusive,N/A,False
Tactics Ogre: Let Us Cling Together,Square Enix,Square Enix,Ogre,Role-Playing,Tactical / Strategy RPG,2D,PSP,PlayStation,Handheld,2011.0,PAL,0.07,,90.0,,Timed Exclusive,N/A,False
Tactics Ogre: Let Us Cling Together,Square Enix,Quest Corporation,Ogre,Role-Playing,Tactical / Strategy RPG,2D,VC,Other,Other,2009.0,JP,,,,,Timed Exclusive,N/A,False
Tactics Ogre: Let Us Cling Together,Square Enix,Quest Corporation,Ogre,Role-Playing,Tactical / Strategy RPG,2D,VC,Other,Other,2009.0,NA,,,,,Timed Exclusive,N/A,False
Tactics Ogre: Let Us Cling Together,Square Enix,Quest Corporation,Ogre,Role-Playing,Tactical / Strategy RPG,2D,VC,Other,Other,2009.0,Other,,,,,Timed Exclusive,N/A,False
Tactics Ogre: Let Us Cling Together,Square Enix,Quest Corporation,Ogre,Role-Playing,Tactical / Strategy RPG,2D,VC,Other,Other,2009.0,PAL,,,,,Timed Exclusive,N/A,False
,Square Enix,"November 11, 2022",Standalone,,,,Dragon Quest Treasures,,,,,,,84.0,,Exclusive,,False
,Square Enix,"November 11, 2022",Standalone,,,,Harvestella,,,,,,,84.0,,Exclusive,,False
,Square Enix,"November 11, 2022",Standalone,,,,PS4,,,,,,,84.0,,Exclusive,,False
,Square Enix,"November 11, 2022",Standalone,,,,PS5,,,,,,,84.0,,Exclusive,,False
Tactics Ogre: Reborn,Square Enix,Square Enix,Ogre,Role-Playing,Tactical / Strategy RPG,2D,Switch,Nintendo,Home Console,2022.0,JP,,,84.0,,Exclusive,Post-Merger,False
Tactics Ogre: Reborn,Square Enix,Square Enix,Ogre,Role-Playing,Tactical / Strategy RPG,2D,Switch,Nintendo,Home Console,2022.0,NA,,,84.0,,Exclusive,Post-Merger,False
Tactics Ogre: Reborn,Square Enix,Square Enix,Ogre,Role-Playing,Tactical / Strategy RPG,2D,Switch,Nintendo,Home Console,2022.0,Other,,,84.0,,Exclusive,Post-Merger,False
Tactics Ogre: Reborn,Square Enix,Square Enix,Ogre,Role-Playing,Tactical / Strategy RPG,2D,Switch,Nintendo,Home Console,2022.0,PAL,,,84.0,,Exclusive,Post-Merger,False
,Square Enix,Square Enix,Standalone,,,,Wii,,,,,,,,,Multiplatform,,False
The Tales of Bearsworth Manor: Chaotic Conflicts,Square Enix,Square Enix,Standalone,Puzzle,,Unknown,WW,Other,Other,2010.0,JP,,,,,Exclusive,N/A,False
The Tales of Bearsworth Manor: Chaotic Conflicts,Square Enix,Square Enix,Standalone,Puzzle,,Unknown,WW,Other,Other,2010.0,NA,,,,,Exclusive,N/A,False
The Tales of Bearsworth Manor: Chaotic Conflicts,Square Enix,Square Enix,Standalone,Puzzle,,Unknown,WW,Other,Other,2010.0,Other,,,,,Exclusive,N/A,False
The Tales of Bearsworth Manor: Chaotic Conflicts,Square Enix,Square Enix,Standalone,Puzzle,,Unknown,WW,Other,Other,2010.0,PAL,,,,,Exclusive,N/A,False
The Tales of Bearsworth Manor: Puzzling Pages,Square Enix,Square Enix,Standalone,Puzzle,,Unknown,WW,Other,Other,2010.0,JP,,,,,Exclusive,N/A,False
The Tales of Bearsworth Manor: Puzzling Pages,Square Enix,Square Enix,Standalone,Puzzle,,Unknown,WW,Other,Other,2010.0,NA,,,,,Exclusive,N/A,False
The Tales of Bearsworth Manor: Puzzling Pages,Square Enix,Square Enix,Standalone,Puzzle,,Unknown,WW,Other,Other,2010.0,Other,,,,,Exclusive,N/A,False
The Tales of Bearsworth Manor: Puzzling Pages,Square Enix,Square Enix,Standalone,Puzzle,,Unknown,WW,Other,Other,2010.0,PAL,,,,,Exclusive,N/A,False
Ten Made Jack: Odorokimamenoki Dai Tou Bou!!,Enix,Exrays,Standalone,Platform,,Unknown,PS1,PlayStation,Home Console,2000.0,JP,,,,,Exclusive,N/A,False
Ten Made Jack: Odorokimamenoki Dai Tou Bou!!,Enix,Exrays,Standalone,Platform,,Unknown,PS1,PlayStation,Home Console,2000.0,NA,,,,,Exclusive,N/A,False
Ten Made Jack: Odorokimamenoki Dai Tou Bou!!,Enix,Exrays,Standalone,Platform,,Unknown,PS1,PlayStation,Home Console,2000.0,Other,,,,,Exclusive,N/A,False
Ten Made Jack: Odorokimamenoki Dai Tou Bou!!,Enix,Exrays,Standalone,Platform,,Unknown,PS1,PlayStation,Home Console,2000.0,PAL,,,,,Exclusive,N/A,False
,Enix,Quintet,Standalone,,,,SNES,,,,,,,,,Multiplatform,,False
Theatrhythm Dragon Quest,Square Enix,Square Enix,Dragon Quest,Music,Turn-Based RPG,Unknown,3DS,Nintendo,Handheld,2015.0,JP,0.16,,,,Exclusive,Post-Merger,True
Theatrhythm Dragon Quest,Square Enix,Square Enix,Dragon Quest,Music,Turn-Based RPG,Unknown,3DS,Nintendo,Handheld,2015.0,NA,,,,,Exclusive,Post-Merger,True
Theatrhythm Dragon Quest,Square Enix,Square Enix,Dragon Quest,Music,Turn-Based RPG,Unknown,3DS,Nintendo,Handheld,2015.0,Other,,,,,Exclusive,Post-Merger,True
Theatrhythm Dragon Quest,Square Enix,Square Enix,Dragon Quest,Music,Turn-Based RPG,Unknown,3DS,Nintendo,Handheld,2015.0,PAL,,,,,Exclusive,Post-Merger,True
,Square Enix,"March 26, 2015",Standalone,,,,Final Fantasy Type-0 HD,,,,,,,,,Exclusive,,False
,Square Enix,"February 16, 2023",Standalone,,,,Forspoken,,,,,,,87.0,,Multiplatform,,False
,Square Enix,"February 16, 2023",Standalone,,,,Octopath Traveler II,,,,,,,87.0,,Multiplatform,,False
,Square Enix,"February 16, 2023",Standalone,,,,PS4,,,,,,,87.0,,Multiplatform,,False
Theatrhythm: Final Fantasy,Square Enix,Jupiter Multimedia,Final Fantasy,Rhythm,Turn-Based RPG,Unknown,3DS,Nintendo,Handheld,2012.0,JP,,,78.0,,Exclusive,Post-Merger,False
Theatrhythm: Final Fantasy,Square Enix,Jupiter Multimedia,Final Fantasy,Rhythm,Turn-Based RPG,Unknown,3DS,Nintendo,Handheld,2012.0,NA,,,78.0,,Exclusive,Post-Merger,False
Theatrhythm: Final Fantasy,Square Enix,Jupiter Multimedia,Final Fantasy,Rhythm,Turn-Based RPG,Unknown,3DS,Nintendo,Handheld,2012.0,Other,,,78.0,,Exclusive,Post-Merger,False
Theatrhythm: Final Fantasy,Square Enix,Jupiter Multimedia,Final Fantasy,Rhythm,Turn-Based RPG,Unknown,3DS,Nintendo,Handheld,2012.0,PAL,,,78.0,,Exclusive,Post-Merger,False
,Square Enix,"February 16, 2012",Standalone,,,,Scarygirl,,,,,,,84.0,,Exclusive,,False
Theatrhythm Final Fantasy: All-Star Festival,Square Enix,Square Enix,Final Fantasy,Rhythm,Turn-Based RPG,Unknown,Arc,Other,Other,2020.0,JP,,,,,Exclusive,N/A,False
Theatrhythm Final Fantasy: All-Star Festival,Square Enix,Square Enix,Final Fantasy,Rhythm,Turn-Based RPG,Unknown,Arc,Other,Other,2020.0,NA,,,,,Exclusive,N/A,False
Theatrhythm Final Fantasy: All-Star Festival,Square Enix,Square Enix,Final Fantasy,Rhythm,Turn-Based RPG,Unknown,Arc,Other,Other,2020.0,Other,,,,,Exclusive,N/A,False
Theatrhythm Final Fantasy: All-Star Festival,Square Enix,Square Enix,Final Fantasy,Rhythm,Turn-Based RPG,Unknown,Arc,Other,Other,2020.0,PAL,,,,,Exclusive,N/A,False
Theatrhythm Final Fantasy: Curtain Call,Square Enix,Square Enix,Final Fantasy,Music,Turn-Based RPG,Unknown,3DS,Nintendo,Handheld,2014.0,JP,0.15,,84.0,,Exclusive,Post-Merger,False
Theatrhythm Final Fantasy: Curtain Call,Square Enix,Square Enix,Final Fantasy,Music,Turn-Based RPG,Unknown,3DS,Nintendo,Handheld,2014.0,NA,0.16,,84.0,,Exclusive,Post-Merger,False
Theatrhythm Final Fantasy: Curtain Call,Square Enix,Square Enix,Final Fantasy,Music,Turn-Based RPG,Unknown,3DS,Nintendo,Handheld,2014.0,Other,0.02,,84.0,,Exclusive,Post-Merger,False
Theatrhythm Final Fantasy: Curtain Call,Square Enix,Square Enix,Final Fantasy,Music,Turn-Based RPG,Unknown,3DS,Nintendo,Handheld,2014.0,PAL,0.08,,84.0,,Exclusive,Post-Merger,False
,Squaresoft,Game Arts,Standalone,,,,X1; Nintendo Entertainment System,,,,,,,,,Multiplatform,,False
,Square Enix,Zereo,Standalone,,,,Final Fantasy: The 4 Heroes of Light,,,,,,,,,Exclusive,,False
,Square Enix,Zereo,Standalone,,,,PS3,,,,,,,,,Exclusive,,False
Thexder NEO,Square Enix,Square Enix,Standalone,Shooter,,Unknown,PSN,Other,Other,2010.0,JP,,,,,Exclusive,N/A,False
Thexder NEO,Square Enix,Square Enix,Standalone,Shooter,,Unknown,PSN,Other,Other,2010.0,NA,,,,,Exclusive,N/A,False
Thexder NEO,Square Enix,Square Enix,Standalone,Shooter,,Unknown,PSN,Other,Other,2010.0,Other,,,,,Exclusive,N/A,False
Thexder NEO,Square Enix,Square Enix,Standalone,Shooter,,Unknown,PSN,Other,Other,2010.0,PAL,,,,,Exclusive,N/A,False
,Square Enix,Zereo,Standalone,,,,PSP,,,,,,,,,Exclusive,,False
Thexder NEO (PSP),Square Enix,Square Enix,Standalone,Shooter,,Unknown,PSN,Other,Other,2009.0,JP,,,,,Exclusive,N/A,False
Thexder NEO (PSP),Square Enix,Square Enix,Standalone,Shooter,,Unknown,PSN,Other,Other,2009.0,NA,,,,,Exclusive,N/A,False
Thexder NEO (PSP),Square Enix,Square Enix,Standalone,Shooter,,Unknown,PSN,Other,Other,2009.0,Other,,,,,Exclusive,N/A,False
Thexder NEO (PSP),Square Enix,Square Enix,Standalone,Shooter,,Unknown,PSN,Other,Other,2009.0,PAL,,,,,Exclusive,N/A,False
Thief,Square Enix,Eidos Montreal,Thief,Action,Stealth / First-Person,3D,PC,PC,PC,2014.0,JP,,,65.0,,Multiplatform,N/A,False
Thief,Square Enix,Eidos Montreal,Thief,Action,Stealth / First-Person,3D,PC,PC,PC,2014.0,NA,,,65.0,,Multiplatform,N/A,False
Thief,Square Enix,Eidos Montreal,Thief,Action,Stealth / First-Person,3D,PC,PC,PC,2014.0,Other,,,65.0,,Multiplatform,N/A,False
Thief,Square Enix,Eidos Montreal,Thief,Action,Stealth / First-Person,3D,PC,PC,PC,2014.0,PAL,,,65.0,,Multiplatform,N/A,False
Thief,Square Enix,Eidos Montreal,Thief,Action,Stealth / First-Person,3D,PS3,PlayStation,Home Console,2014.0,JP,0.03,,65.0,,Multiplatform,N/A,False
Thief,Square Enix,Eidos Montreal,Thief,Action,Stealth / First-Person,3D,PS3,PlayStation,Home Console,2014.0,NA,0.1,,65.0,,Multiplatform,N/A,False
Thief,Square Enix,Eidos Montreal,Thief,Action,Stealth / First-Person,3D,PS3,PlayStation,Home Console,2014.0,Other,0.06,,65.0,,Multiplatform,N/A,False
Thief,Square Enix,Eidos Montreal,Thief,Action,Stealth / First-Person,3D,PS3,PlayStation,Home Console,2014.0,PAL,0.19,,65.0,,Multiplatform,N/A,False
Thief,Square Enix,Eidos Montreal,Thief,Action,Stealth / First-Person,3D,PS4,PlayStation,Home Console,2014.0,JP,0.03,,65.0,,Multiplatform,N/A,False
Thief,Square Enix,Eidos Montreal,Thief,Action,Stealth / First-Person,3D,PS4,PlayStation,Home Console,2014.0,NA,0.28,,65.0,,Multiplatform,N/A,False
Thief,Square Enix,Eidos Montreal,Thief,Action,Stealth / First-Person,3D,PS4,PlayStation,Home Console,2014.0,Other,0.13,,65.0,,Multiplatform,N/A,False
Thief,Square Enix,Eidos Montreal,Thief,Action,Stealth / First-Person,3D,PS4,PlayStation,Home Console,2014.0,PAL,0.41,,65.0,,Multiplatform,N/A,False
Thief,Square Enix,Eidos Montreal,Thief,Action,Stealth / First-Person,3D,Xbox 360,Microsoft,Home Console,2014.0,JP,,,65.0,,Multiplatform,N/A,False
Thief,Square Enix,Eidos Montreal,Thief,Action,Stealth / First-Person,3D,Xbox 360,Microsoft,Home Console,2014.0,NA,0.14,,65.0,,Multiplatform,N/A,False
Thief,Square Enix,Eidos Montreal,Thief,Action,Stealth / First-Person,3D,Xbox 360,Microsoft,Home Console,2014.0,Other,0.02,,65.0,,Multiplatform,N/A,False
Thief,Square Enix,Eidos Montreal,Thief,Action,Stealth / First-Person,3D,Xbox 360,Microsoft,Home Console,2014.0,PAL,0.12,,65.0,,Multiplatform,N/A,False
Thief,Square Enix,Eidos Montreal,Thief,Action,Stealth / First-Person,3D,Xbox One,Microsoft,Home Console,2014.0,JP,,,65.0,,Multiplatform,N/A,False
Thief,Square Enix,Eidos Montreal,Thief,Action,Stealth / First-Person,3D,Xbox One,Microsoft,Home Console,2014.0,NA,0.26,,65.0,,Multiplatform,N/A,False
Thief,Square Enix,Eidos Montreal,Thief,Action,Stealth / First-Person,3D,Xbox One,Microsoft,Home Console,2014.0,Other,0.04,,65.0,,Multiplatform,N/A,False
Thief,Square Enix,Eidos Montreal,Thief,Action,Stealth / First-Person,3D,Xbox One,Microsoft,Home Console,2014.0,PAL,0.17,,65.0,,Multiplatform,N/A,False
Threads of Fate,Squaresoft,SquareSoft,Standalone,Role-Playing,,Unknown,PS1,PlayStation,Home Console,2000.0,JP,,,78.0,,Exclusive,N/A,False
Threads of Fate,Squaresoft,SquareSoft,Standalone,Role-Playing,,Unknown,PS1,PlayStation,Home Console,2000.0,NA,0.12,,78.0,,Exclusive,N/A,False
Threads of Fate,Squaresoft,SquareSoft,Standalone,Role-Playing,,Unknown,PS1,PlayStation,Home Console,2000.0,Other,0.01,,78.0,,Exclusive,N/A,False
Threads of Fate,Squaresoft,SquareSoft,Standalone,Role-Playing,,Unknown,PS1,PlayStation,Home Console,2000.0,PAL,0.08,,78.0,,Exclusive,N/A,False
Tobal 2,Squaresoft,DreamFactory,Standalone,Fighting,,3D,PS1,PlayStation,Home Console,1997.0,JP,0.35,,,,Exclusive,N/A,True
Tobal 2,Squaresoft,DreamFactory,Standalone,Fighting,,3D,PS1,PlayStation,Home Console,1997.0,NA,,,,,Exclusive,N/A,True
Tobal 2,Squaresoft,DreamFactory,Standalone,Fighting,,3D,PS1,PlayStation,Home Console,1997.0,Other,0.02,,,,Exclusive,N/A,True
Tobal 2,Squaresoft,DreamFactory,Standalone,Fighting,,3D,PS1,PlayStation,Home Console,1997.0,PAL,,,,,Exclusive,N/A,True
,Squaresoft,DreamFactory,Standalone,,,,PS1,,,,,,,,,Multiplatform,,False
Tobidase Daisakusen (FDS),Squaresoft,Square,Standalone,Shooter,,Unknown,NES,Nintendo,Home Console,1987.0,JP,,,,,Exclusive,Pre-Split,False
Tobidase Daisakusen (FDS),Squaresoft,Square,Standalone,Shooter,,Unknown,NES,Nintendo,Home Console,1987.0,NA,,,,,Exclusive,Pre-Split,False
Tobidase Daisakusen (FDS),Squaresoft,Square,Standalone,Shooter,,Unknown,NES,Nintendo,Home Console,1987.0,Other,,,,,Exclusive,Pre-Split,False
Tobidase Daisakusen (FDS),Squaresoft,Square,Standalone,Shooter,,Unknown,NES,Nintendo,Home Console,1987.0,PAL,,,,,Exclusive,Pre-Split,False
Tomb Raider (2013),Square Enix,Crystal Dynamics,Tomb Raider,Action-Adventure,Third-Person Action / Platformer,3D,All,Other,Other,2013.0,JP,14.5,660000000,,,Multiplatform,N/A,False
Tomb Raider (2013),Square Enix,Crystal Dynamics,Tomb Raider,Action-Adventure,Third-Person Action / Platformer,3D,All,Other,Other,2013.0,NA,14.5,660000000,,,Multiplatform,N/A,False
Tomb Raider (2013),Square Enix,Crystal Dynamics,Tomb Raider,Action-Adventure,Third-Person Action / Platformer,3D,All,Other,Other,2013.0,Other,14.5,660000000,,,Multiplatform,N/A,False
Tomb Raider (2013),Square Enix,Crystal Dynamics,Tomb Raider,Action-Adventure,Third-Person Action / Platformer,3D,All,Other,Other,2013.0,PAL,14.5,660000000,,,Multiplatform,N/A,False
Tomb Raider (2013),Square Enix,Crystal Dynamics,Tomb Raider,Action,Third-Person Action / Platformer,3D,PC,PC,PC,2013.0,JP,14.5,660000000,88.0,,Multiplatform,N/A,False
Tomb Raider (2013),Square Enix,Crystal Dynamics,Tomb Raider,Action,Third-Person Action / Platformer,3D,PC,PC,PC,2013.0,NA,14.5,660000000,88.0,,Multiplatform,N/A,False
Tomb Raider (2013),Square Enix,Crystal Dynamics,Tomb Raider,Action,Third-Person Action / Platformer,3D,PC,PC,PC,2013.0,Other,14.5,660000000,88.0,,Multiplatform,N/A,False
Tomb Raider (2013),Square Enix,Crystal Dynamics,Tomb Raider,Action,Third-Person Action / Platformer,3D,PC,PC,PC,2013.0,PAL,14.5,660000000,88.0,,Multiplatform,N/A,False
Tomb Raider (2013),Square Enix,Crystal Dynamics,Tomb Raider,Action,Third-Person Action / Platformer,3D,PS3,PlayStation,Home Console,2013.0,JP,14.5,660000000,89.0,,Multiplatform,N/A,False
Tomb Raider (2013),Square Enix,Crystal Dynamics,Tomb Raider,Action,Third-Person Action / Platformer,3D,PS3,PlayStation,Home Console,2013.0,NA,14.5,660000000,89.0,,Multiplatform,N/A,False
Tomb Raider (2013),Square Enix,Crystal Dynamics,Tomb Raider,Action,Third-Person Action / Platformer,3D,PS3,PlayStation,Home Console,2013.0,Other,14.5,660000000,89.0,,Multiplatform,N/A,False
Tomb Raider (2013),Square Enix,Crystal Dynamics,Tomb Raider,Action,Third-Person Action / Platformer,3D,PS3,PlayStation,Home Console,2013.0,PAL,14.5,660000000,89.0,,Multiplatform,N/A,False
Tomb Raider (2013),Square Enix,Crystal Dynamics,Tomb Raider,Action,Third-Person Action / Platformer,3D,Xbox 360,Microsoft,Home Console,2013.0,JP,14.5,660000000,85.0,,Multiplatform,N/A,False
Tomb Raider (2013),Square Enix,Crystal Dynamics,Tomb Raider,Action,Third-Person Action / Platformer,3D,Xbox 360,Microsoft,Home Console,2013.0,NA,14.5,660000000,85.0,,Multiplatform,N/A,False
Tomb Raider (2013),Square Enix,Crystal Dynamics,Tomb Raider,Action,Third-Person Action / Platformer,3D,Xbox 360,Microsoft,Home Console,2013.0,Other,14.5,660000000,85.0,,Multiplatform,N/A,False
Tomb Raider (2013),Square Enix,Crystal Dynamics,Tomb Raider,Action,Third-Person Action / Platformer,3D,Xbox 360,Microsoft,Home Console,2013.0,PAL,14.5,660000000,85.0,,Multiplatform,N/A,False
,Enix,Core Design,Standalone,,,,PS1,,,,,,,,,Multiplatform,,False
Tomb Raider: Definitive Edition,Square Enix,Crystal Dynamics,Tomb Raider,Action-Adventure,Third-Person Action / Platformer,3D,PS4,PlayStation,Home Console,2014,JP,0.06,,85.0,,Multiplatform,N/A,False
Tomb Raider: Definitive Edition,Square Enix,Crystal Dynamics,Tomb Raider,Action-Adventure,Third-Person Action / Platformer,3D,PS4,PlayStation,Home Console,2014,NA,0.47,,85.0,,Multiplatform,N/A,False
Tomb Raider: Definitive Edition,Square Enix,Crystal Dynamics,Tomb Raider,Action-Adventure,Third-Person Action / Platformer,3D,PS4,PlayStation,Home Console,2014,Other,0.23,,85.0,,Multiplatform,N/A,False
Tomb Raider: Definitive Edition,Square Enix,Crystal Dynamics,Tomb Raider,Action-Adventure,Third-Person Action / Platformer,3D,PS4,PlayStation,Home Console,2014,PAL,0.74,,85.0,,Multiplatform,N/A,False
Tomb Raider: Definitive Edition,Square Enix,Crystal Dynamics,Tomb Raider,Action-Adventure,Third-Person Action / Platformer,3D,Xbox One,Microsoft,Home Console,2014,JP,,,85.0,,Multiplatform,N/A,False
Tomb Raider: Definitive Edition,Square Enix,Crystal Dynamics,Tomb Raider,Action-Adventure,Third-Person Action / Platformer,3D,Xbox One,Microsoft,Home Console,2014,NA,0.38,,85.0,,Multiplatform,N/A,False
Tomb Raider: Definitive Edition,Square Enix,Crystal Dynamics,Tomb Raider,Action-Adventure,Third-Person Action / Platformer,3D,Xbox One,Microsoft,Home Console,2014,Other,0.06,,85.0,,Multiplatform,N/A,False
Tomb Raider: Definitive Edition,Square Enix,Crystal Dynamics,Tomb Raider,Action-Adventure,Third-Person Action / Platformer,3D,Xbox One,Microsoft,Home Console,2014,PAL,0.22,,85.0,,Multiplatform,N/A,False
The Tomb Raider Trilogy,Square Enix,Crystal Dynamics,Tomb Raider,Action,Third-Person Action / Platformer,Unknown,PS3,PlayStation,Home Console,2011.0,JP,,,85.0,,Exclusive,N/A,False
The Tomb Raider Trilogy,Square Enix,Crystal Dynamics,Tomb Raider,Action,Third-Person Action / Platformer,Unknown,PS3,PlayStation,Home Console,2011.0,NA,0.27,,85.0,,Exclusive,N/A,False
The Tomb Raider Trilogy,Square Enix,Crystal Dynamics,Tomb Raider,Action,Third-Person Action / Platformer,Unknown,PS3,PlayStation,Home Console,2011.0,Other,0.14,,85.0,,Exclusive,N/A,False
The Tomb Raider Trilogy,Square Enix,Crystal Dynamics,Tomb Raider,Action,Third-Person Action / Platformer,Unknown,PS3,PlayStation,Home Console,2011.0,PAL,0.48,,85.0,,Exclusive,N/A,False
Tomb Raider: Underworld,Square Enix,Crystal Dynamics,Tomb Raider,Action,Third-Person Action / Platformer,3D,PSN,Other,Other,2010.0,JP,,,,,Exclusive,N/A,False
Tomb Raider: Underworld,Square Enix,Crystal Dynamics,Tomb Raider,Action,Third-Person Action / Platformer,3D,PSN,Other,Other,2010.0,NA,,,,,Exclusive,N/A,False
Tomb Raider: Underworld,Square Enix,Crystal Dynamics,Tomb Raider,Action,Third-Person Action / Platformer,3D,PSN,Other,Other,2010.0,Other,,,,,Exclusive,N/A,False
Tomb Raider: Underworld,Square Enix,Crystal Dynamics,Tomb Raider,Action,Third-Person Action / Platformer,3D,PSN,Other,Other,2010.0,PAL,,,,,Exclusive,N/A,False
,Enix,Chunsoft,Standalone,,,,GBA,,,,,,,,,Multiplatform,,False
,Enix,Chunsoft,Standalone,,,,PS1,,,,,,,,,Multiplatform,,False
,Enix,"October 21, 1999",Standalone,,,,Planet Laika,,,,,,,,,Multiplatform,,False
Toys,Enix,The Code Monkeys,Standalone,Puzzle,,Unknown,PS1,PlayStation,Home Console,2003.0,JP,,,,,Exclusive,N/A,False
Toys,Enix,The Code Monkeys,Standalone,Puzzle,,Unknown,PS1,PlayStation,Home Console,2003.0,NA,,,,,Exclusive,N/A,False
Toys,Enix,The Code Monkeys,Standalone,Puzzle,,Unknown,PS1,PlayStation,Home Console,2003.0,Other,,,,,Exclusive,N/A,False
Toys,Enix,The Code Monkeys,Standalone,Puzzle,,Unknown,PS1,PlayStation,Home Console,2003.0,PAL,,,,,Exclusive,N/A,False
Transworld Skateboarder,Square Enix,Phoenix Games,Standalone,Sports,,Unknown,PS2,PlayStation,Home Console,2007.0,JP,,,,,Exclusive,N/A,False
Transworld Skateboarder,Square Enix,Phoenix Games,Standalone,Sports,,Unknown,PS2,PlayStation,Home Console,2007.0,NA,,,,,Exclusive,N/A,False
Transworld Skateboarder,Square Enix,Phoenix Games,Standalone,Sports,,Unknown,PS2,PlayStation,Home Console,2007.0,Other,,,,,Exclusive,N/A,False
Transworld Skateboarder,Square Enix,Phoenix Games,Standalone,Sports,,Unknown,PS2,PlayStation,Home Console,2007.0,PAL,,,,,Exclusive,N/A,False
,Squaresoft,Square,Standalone,,,,Satellaview,,,,,,,,,Multiplatform,,False
Treasure Hunter G,Squaresoft,Sting,Standalone,Role-Playing,,Unknown,SNES,Nintendo,Home Console,1996.0,JP,0.2,,,,Timed Exclusive,Pre-Split,True
Treasure Hunter G,Squaresoft,Sting,Standalone,Role-Playing,,Unknown,SNES,Nintendo,Home Console,1996.0,NA,,,,,Timed Exclusive,Pre-Split,True
Treasure Hunter G,Squaresoft,Sting,Standalone,Role-Playing,,Unknown,SNES,Nintendo,Home Console,1996.0,Other,,,,,Timed Exclusive,Pre-Split,True
Treasure Hunter G,Squaresoft,Sting,Standalone,Role-Playing,,Unknown,SNES,Nintendo,Home Console,1996.0,PAL,,,,,Timed Exclusive,Pre-Split,True
Treasure Hunter G,Square Enix,Sting,Standalone,Role-Playing,,Unknown,VC,Other,Other,2007.0,JP,,,,,Timed Exclusive,N/A,True
Treasure Hunter G,Square Enix,Sting,Standalone,Role-Playing,,Unknown,VC,Other,Other,2007.0,NA,,,,,Timed Exclusive,N/A,True
Treasure Hunter G,Square Enix,Sting,Standalone,Role-Playing,,Unknown,VC,Other,Other,2007.0,Other,,,,,Timed Exclusive,N/A,True
Treasure Hunter G,Square Enix,Sting,Standalone,Role-Playing,,Unknown,VC,Other,Other,2007.0,PAL,,,,,Timed Exclusive,N/A,True
,Squaresoft,Square,Standalone,,,,SNES,,,,,,,,,Multiplatform,,True
Triad Wars,Square Enix,United Front Games,Standalone,Action,,Unknown,PC,PC,PC,2016.0,JP,,,,,Exclusive,N/A,False
Triad Wars,Square Enix,United Front Games,Standalone,Action,,Unknown,PC,PC,PC,2016.0,NA,,,,,Exclusive,N/A,False
Triad Wars,Square Enix,United Front Games,Standalone,Action,,Unknown,PC,PC,PC,2016.0,Other,,,,,Exclusive,N/A,False
Triad Wars,Square Enix,United Front Games,Standalone,Action,,Unknown,PC,PC,PC,2016.0,PAL,,,,,Exclusive,N/A,False
Trials of Mana,Square Enix,Square Enix,Mana,Role-Playing,Turn-Based RPG,2D,All,Other,Other,2020.0,JP,,,75.0,,Multiplatform,N/A,False
Trials of Mana,Square Enix,Square Enix,Mana,Role-Playing,Turn-Based RPG,2D,All,Other,Other,2020.0,NA,,,75.0,,Multiplatform,N/A,False
Trials of Mana,Square Enix,Square Enix,Mana,Role-Playing,Turn-Based RPG,2D,All,Other,Other,2020.0,Other,,,75.0,,Multiplatform,N/A,False
Trials of Mana,Square Enix,Square Enix,Mana,Role-Playing,Turn-Based RPG,2D,All,Other,Other,2020.0,PAL,,,75.0,,Multiplatform,N/A,False
,Square Enix,Yes,Standalone,,,,Final Fantasy VII Remake,,,,,,,75.0,,Multiplatform,,False
,Square Enix,"November 13, 2020",Standalone,,,,Kingdom Hearts: Melody of Memory,,,,,,,75.0,,Multiplatform,,False
Trials of Mana,Square Enix,Square Enix,Mana,Role-Playing,Turn-Based RPG,2D,PC,PC,PC,2020.0,JP,,,75.0,,Multiplatform,N/A,False
Trials of Mana,Square Enix,Square Enix,Mana,Role-Playing,Turn-Based RPG,2D,PC,PC,PC,2020.0,NA,,,75.0,,Multiplatform,N/A,False
Trials of Mana,Square Enix,Square Enix,Mana,Role-Playing,Turn-Based RPG,2D,PC,PC,PC,2020.0,Other,,,75.0,,Multiplatform,N/A,False
Trials of Mana,Square Enix,Square Enix,Mana,Role-Playing,Turn-Based RPG,2D,PC,PC,PC,2020.0,PAL,,,75.0,,Multiplatform,N/A,False
Trials of Mana,Square Enix,Square Enix,Mana,Role-Playing,Turn-Based RPG,2D,PS4,PlayStation,Home Console,2020.0,JP,,,75.0,,Multiplatform,N/A,False
Trials of Mana,Square Enix,Square Enix,Mana,Role-Playing,Turn-Based RPG,2D,PS4,PlayStation,Home Console,2020.0,NA,,,75.0,,Multiplatform,N/A,False
Trials of Mana,Square Enix,Square Enix,Mana,Role-Playing,Turn-Based RPG,2D,PS4,PlayStation,Home Console,2020.0,Other,,,75.0,,Multiplatform,N/A,False
Trials of Mana,Square Enix,Square Enix,Mana,Role-Playing,Turn-Based RPG,2D,PS4,PlayStation,Home Console,2020.0,PAL,,,75.0,,Multiplatform,N/A,False
,Squaresoft,Square,Standalone,,,,SNES,,,,,,,75.0,,Multiplatform,,False
Trials of Mana,Square Enix,Square Enix,Mana,Role-Playing,Turn-Based RPG,2D,Switch,Nintendo,Home Console,2020.0,JP,,,75.0,,Multiplatform,Post-Merger,False
Trials of Mana,Square Enix,Square Enix,Mana,Role-Playing,Turn-Based RPG,2D,Switch,Nintendo,Home Console,2020.0,NA,,,75.0,,Multiplatform,Post-Merger,False
Trials of Mana,Square Enix,Square Enix,Mana,Role-Playing,Turn-Based RPG,2D,Switch,Nintendo,Home Console,2020.0,Other,,,75.0,,Multiplatform,Post-Merger,False
Trials of Mana,Square Enix,Square Enix,Mana,Role-Playing,Turn-Based RPG,2D,Switch,Nintendo,Home Console,2020.0,PAL,,,75.0,,Multiplatform,Post-Merger,False
,Square Enix,Yes,Standalone,,,,Xbox Series X/S,,,,,,,75.0,,Multiplatform,,False
Triangle Strategy,Square Enix,Square Enix,Standalone,Role-Playing,,Hybrid,All,Other,Other,2022.0,JP,,,83.0,,Exclusive,N/A,False
Triangle Strategy,Square Enix,Square Enix,Standalone,Role-Playing,,Hybrid,All,Other,Other,2022.0,NA,,,83.0,,Exclusive,N/A,False
Triangle Strategy,Square Enix,Square Enix,Standalone,Role-Playing,,Hybrid,All,Other,Other,2022.0,Other,,,83.0,,Exclusive,N/A,False
Triangle Strategy,Square Enix,Square Enix,Standalone,Role-Playing,,Hybrid,All,Other,Other,2022.0,PAL,,,83.0,,Exclusive,N/A,False
Trickshot,Enix,Selen,Standalone,Sports,,Unknown,PS1,PlayStation,Home Console,2003.0,JP,,,,,Exclusive,N/A,False
Trickshot,Enix,Selen,Standalone,Sports,,Unknown,PS1,PlayStation,Home Console,2003.0,NA,,,,,Exclusive,N/A,False
Trickshot,Enix,Selen,Standalone,Sports,,Unknown,PS1,PlayStation,Home Console,2003.0,Other,,,,,Exclusive,N/A,False
Trickshot,Enix,Selen,Standalone,Sports,,Unknown,PS1,PlayStation,Home Console,2003.0,PAL,,,,,Exclusive,N/A,False
Turbo Trucks,Square Enix,Phoenix Games,Standalone,Racing,,Unknown,PS2,PlayStation,Home Console,2006.0,JP,,,,,Exclusive,N/A,False
Turbo Trucks,Square Enix,Phoenix Games,Standalone,Racing,,Unknown,PS2,PlayStation,Home Console,2006.0,NA,,,,,Exclusive,N/A,False
Turbo Trucks,Square Enix,Phoenix Games,Standalone,Racing,,Unknown,PS2,PlayStation,Home Console,2006.0,Other,,,,,Exclusive,N/A,False
Turbo Trucks,Square Enix,Phoenix Games,Standalone,Racing,,Unknown,PS2,PlayStation,Home Console,2006.0,PAL,,,,,Exclusive,N/A,False
The Turing Test,Square Enix,Bulkhead Interactive,Standalone,Puzzle,,Unknown,PC,PC,PC,2016.0,JP,,,77.0,,Multiplatform,N/A,False
The Turing Test,Square Enix,Bulkhead Interactive,Standalone,Puzzle,,Unknown,PC,PC,PC,2016.0,NA,,,77.0,,Multiplatform,N/A,False
The Turing Test,Square Enix,Bulkhead Interactive,Standalone,Puzzle,,Unknown,PC,PC,PC,2016.0,Other,,,77.0,,Multiplatform,N/A,False
The Turing Test,Square Enix,Bulkhead Interactive,Standalone,Puzzle,,Unknown,PC,PC,PC,2016.0,PAL,,,77.0,,Multiplatform,N/A,False
The Turing Test,Square Enix,Bulkhead Interactive,Standalone,Puzzle,,Unknown,PS4,PlayStation,Home Console,2017.0,JP,,,77.0,,Multiplatform,N/A,False
The Turing Test,Square Enix,Bulkhead Interactive,Standalone,Puzzle,,Unknown,PS4,PlayStation,Home Console,2017.0,NA,,,77.0,,Multiplatform,N/A,False
The Turing Test,Square Enix,Bulkhead Interactive,Standalone,Puzzle,,Unknown,PS4,PlayStation,Home Console,2017.0,Other,,,77.0,,Multiplatform,N/A,False
The Turing Test,Square Enix,Bulkhead Interactive,Standalone,Puzzle,,Unknown,PS4,PlayStation,Home Console,2017.0,PAL,,,77.0,,Multiplatform,N/A,False
The Turing Test,Square Enix,Bulkhead Interactive,Standalone,Puzzle,,Unknown,Switch,Nintendo,Home Console,2020.0,JP,,,77.0,,Multiplatform,Post-Merger,False
The Turing Test,Square Enix,Bulkhead Interactive,Standalone,Puzzle,,Unknown,Switch,Nintendo,Home Console,2020.0,NA,,,77.0,,Multiplatform,Post-Merger,False
The Turing Test,Square Enix,Bulkhead Interactive,Standalone,Puzzle,,Unknown,Switch,Nintendo,Home Console,2020.0,Other,,,77.0,,Multiplatform,Post-Merger,False
The Turing Test,Square Enix,Bulkhead Interactive,Standalone,Puzzle,,Unknown,Switch,Nintendo,Home Console,2020.0,PAL,,,77.0,,Multiplatform,Post-Merger,False
The Turing Test,Square Enix,Bulkhead Interactive,Standalone,Puzzle,,Unknown,Xbox One,Microsoft,Home Console,2016.0,JP,,,77.0,,Multiplatform,N/A,False
The Turing Test,Square Enix,Bulkhead Interactive,Standalone,Puzzle,,Unknown,Xbox One,Microsoft,Home Console,2016.0,NA,,,77.0,,Multiplatform,N/A,False
The Turing Test,Square Enix,Bulkhead Interactive,Standalone,Puzzle,,Unknown,Xbox One,Microsoft,Home Console,2016.0,Other,,,77.0,,Multiplatform,N/A,False
The Turing Test,Square Enix,Bulkhead Interactive,Standalone,Puzzle,,Unknown,Xbox One,Microsoft,Home Console,2016.0,PAL,,,77.0,,Multiplatform,N/A,False
Unlimited Saga,Square Enix,SquareSoft,SaGa,Role-Playing,Turn-Based RPG,Unknown,PS2,PlayStation,Home Console,2003.0,JP,,,49.0,,Exclusive,N/A,False
Unlimited Saga,Square Enix,SquareSoft,SaGa,Role-Playing,Turn-Based RPG,Unknown,PS2,PlayStation,Home Console,2003.0,NA,,,49.0,,Exclusive,N/A,False
Unlimited Saga,Square Enix,SquareSoft,SaGa,Role-Playing,Turn-Based RPG,Unknown,PS2,PlayStation,Home Console,2003.0,Other,,,49.0,,Exclusive,N/A,False
Unlimited Saga,Square Enix,SquareSoft,SaGa,Role-Playing,Turn-Based RPG,Unknown,PS2,PlayStation,Home Console,2003.0,PAL,,,49.0,,Exclusive,N/A,False
Utautau: Seirei Songs,Enix,Enix Corporation,Standalone,Misc,,Unknown,PS1,PlayStation,Home Console,2000.0,JP,,,,,Exclusive,N/A,False
Utautau: Seirei Songs,Enix,Enix Corporation,Standalone,Misc,,Unknown,PS1,PlayStation,Home Console,2000.0,NA,,,,,Exclusive,N/A,False
Utautau: Seirei Songs,Enix,Enix Corporation,Standalone,Misc,,Unknown,PS1,PlayStation,Home Console,2000.0,Other,,,,,Exclusive,N/A,False
Utautau: Seirei Songs,Enix,Enix Corporation,Standalone,Misc,,Unknown,PS1,PlayStation,Home Console,2000.0,PAL,,,,,Exclusive,N/A,False
Vagrant Story,Squaresoft,SquareSoft,Standalone,Role-Playing,,3D,PS1,PlayStation,Home Console,2000.0,JP,0.3,,93.0,,Exclusive,N/A,True
Vagrant Story,Squaresoft,SquareSoft,Standalone,Role-Playing,,3D,PS1,PlayStation,Home Console,2000.0,NA,0.3,,93.0,,Exclusive,N/A,True
Vagrant Story,Squaresoft,SquareSoft,Standalone,Role-Playing,,3D,PS1,PlayStation,Home Console,2000.0,Other,0.06,,93.0,,Exclusive,N/A,True
Vagrant Story,Squaresoft,SquareSoft,Standalone,Role-Playing,,3D,PS1,PlayStation,Home Console,2000.0,PAL,0.2,,93.0,,Exclusive,N/A,True
Valkyrie Elysium,Square Enix,Soleil Software Studio Inc.,Valkyrie Profile,Role-Playing,Turn-Based RPG,3D,PS4,PlayStation,Home Console,2022.0,JP,,,66.0,,Exclusive,N/A,False
Valkyrie Elysium,Square Enix,Soleil Software Studio Inc.,Valkyrie Profile,Role-Playing,Turn-Based RPG,3D,PS4,PlayStation,Home Console,2022.0,NA,,,66.0,,Exclusive,N/A,False
Valkyrie Elysium,Square Enix,Soleil Software Studio Inc.,Valkyrie Profile,Role-Playing,Turn-Based RPG,3D,PS4,PlayStation,Home Console,2022.0,Other,,,66.0,,Exclusive,N/A,False
Valkyrie Elysium,Square Enix,Soleil Software Studio Inc.,Valkyrie Profile,Role-Playing,Turn-Based RPG,3D,PS4,PlayStation,Home Console,2022.0,PAL,,,66.0,,Exclusive,N/A,False
Valkyrie Profile,Enix,tri-Ace,Valkyrie Profile,Role-Playing,Turn-Based RPG,2D,PS1,PlayStation,Home Console,2000.0,JP,,,81.0,,Multiplatform,N/A,False
Valkyrie Profile,Enix,tri-Ace,Valkyrie Profile,Role-Playing,Turn-Based RPG,2D,PS1,PlayStation,Home Console,2000.0,NA,,,81.0,,Multiplatform,N/A,False
Valkyrie Profile,Enix,tri-Ace,Valkyrie Profile,Role-Playing,Turn-Based RPG,2D,PS1,PlayStation,Home Console,2000.0,Other,,,81.0,,Multiplatform,N/A,False
Valkyrie Profile,Enix,tri-Ace,Valkyrie Profile,Role-Playing,Turn-Based RPG,2D,PS1,PlayStation,Home Console,2000.0,PAL,,,81.0,,Multiplatform,N/A,False
Valkyrie Profile,Enix,tri-Ace,Valkyrie Profile,Role-Playing,Turn-Based RPG,2D,Series,Other,Other,2000.0,JP,,,84.0,,Multiplatform,N/A,False
Valkyrie Profile,Enix,tri-Ace,Valkyrie Profile,Role-Playing,Turn-Based RPG,2D,Series,Other,Other,2000.0,NA,,,84.0,,Multiplatform,N/A,False
Valkyrie Profile,Enix,tri-Ace,Valkyrie Profile,Role-Playing,Turn-Based RPG,2D,Series,Other,Other,2000.0,Other,,,84.0,,Multiplatform,N/A,False
Valkyrie Profile,Enix,tri-Ace,Valkyrie Profile,Role-Playing,Turn-Based RPG,2D,Series,Other,Other,2000.0,PAL,,,84.0,,Multiplatform,N/A,False
Valkyrie Profile 2: Silmeria,Square Enix,tri-Ace,Valkyrie Profile,Role-Playing,Turn-Based RPG,3D,PS2,PlayStation,Home Console,2006.0,JP,,,84.0,,Exclusive,N/A,False
Valkyrie Profile 2: Silmeria,Square Enix,tri-Ace,Valkyrie Profile,Role-Playing,Turn-Based RPG,3D,PS2,PlayStation,Home Console,2006.0,NA,,,84.0,,Exclusive,N/A,False
Valkyrie Profile 2: Silmeria,Square Enix,tri-Ace,Valkyrie Profile,Role-Playing,Turn-Based RPG,3D,PS2,PlayStation,Home Console,2006.0,Other,,,84.0,,Exclusive,N/A,False
Valkyrie Profile 2: Silmeria,Square Enix,tri-Ace,Valkyrie Profile,Role-Playing,Turn-Based RPG,3D,PS2,PlayStation,Home Console,2006.0,PAL,,,84.0,,Exclusive,N/A,False
Valkyrie Profile: Covenant of the Plume,Square Enix,tri-Ace,Valkyrie Profile,Role-Playing,Turn-Based RPG,2D,DS,Nintendo,Handheld,2009.0,JP,,,75.0,,Exclusive,Post-Merger,False
Valkyrie Profile: Covenant of the Plume,Square Enix,tri-Ace,Valkyrie Profile,Role-Playing,Turn-Based RPG,2D,DS,Nintendo,Handheld,2009.0,NA,,,75.0,,Exclusive,Post-Merger,False
Valkyrie Profile: Covenant of the Plume,Square Enix,tri-Ace,Valkyrie Profile,Role-Playing,Turn-Based RPG,2D,DS,Nintendo,Handheld,2009.0,Other,,,75.0,,Exclusive,Post-Merger,False
Valkyrie Profile: Covenant of the Plume,Square Enix,tri-Ace,Valkyrie Profile,Role-Playing,Turn-Based RPG,2D,DS,Nintendo,Handheld,2009.0,PAL,,,75.0,,Exclusive,Post-Merger,False
,Square Enix,Tose,Standalone,,,,Final Fantasy XII,,,,,,,84.0,,Exclusive,,False
,Square Enix,Tose,Standalone,,,,PS4,,,,,,,84.0,,Exclusive,,False
,Square Enix,Tose,Standalone,,,,PS5,,,,,,,84.0,,Exclusive,,False
Valkyrie Profile: Lenneth,Square Enix,tri-Ace,Valkyrie Profile,Role-Playing,Turn-Based RPG,2D,PSP,PlayStation,Handheld,2006.0,JP,,,81.0,,Exclusive,N/A,False
Valkyrie Profile: Lenneth,Square Enix,tri-Ace,Valkyrie Profile,Role-Playing,Turn-Based RPG,2D,PSP,PlayStation,Handheld,2006.0,NA,,,81.0,,Exclusive,N/A,False
Valkyrie Profile: Lenneth,Square Enix,tri-Ace,Valkyrie Profile,Role-Playing,Turn-Based RPG,2D,PSP,PlayStation,Handheld,2006.0,Other,,,81.0,,Exclusive,N/A,False
Valkyrie Profile: Lenneth,Square Enix,tri-Ace,Valkyrie Profile,Role-Playing,Turn-Based RPG,2D,PSP,PlayStation,Handheld,2006.0,PAL,,,81.0,,Exclusive,N/A,False
,Enix,Daft,Standalone,,,,SNES,,,,,,,,,Multiplatform,,False
,Square Enix,Yes,Standalone,,,,Live A Live,,,,,,,78.0,,Multiplatform,,False
,Square Enix,,Standalone,,,,PS4,,,,,,,78.0,,Multiplatform,,False
,Square Enix,,Standalone,,,,Switch,,,,,,,78.0,,Multiplatform,,False
,Square Enix,"September 13, 2022",Standalone,,,,Various Daylife,,,,,,,78.0,,Multiplatform,,False
,Square Enix,"February 17, 2022",Standalone,,,,Final Fantasy V Pixel Remaster,,,,,,,78.0,,Multiplatform,,False
,Square Enix,"February 17, 2022",Standalone,,,,Final Fantasy VI Pixel Remaster,,,,,,,78.0,,Multiplatform,,False
,Square Enix,"February 17, 2022",Standalone,,,,PS4,,,,,,,78.0,,Multiplatform,,False
,Square Enix,"February 17, 2022",Standalone,,,,Switch,,,,,,,78.0,,Multiplatform,,False
,Square Enix,"October 28, 2021",Standalone,,,,Dungeon Encounters,,,,,,,74.0,,Multiplatform,,False
,Square Enix,"October 28, 2021",Standalone,,,,Final Fantasy V Pixel Remaster,,,,,,,74.0,,Multiplatform,,False
,Square Enix,"October 28, 2021",Standalone,,,,PS4,,,,,,,74.0,,Multiplatform,,False
,Square Enix,"October 28, 2021",Standalone,,,,Switch,,,,,,,74.0,,Multiplatform,,False
,Square Enix,Ankama Games,Standalone,,,,Kingdom Hearts 3D: Dream Drop Distance,,,,,,,,,Exclusive,,False
,Square Enix,Ankama Games,Standalone,,,,OS X,,,,,,,,,Exclusive,,False
Wakfu,Square Enix,Ankama Studio,Standalone,Role-Playing,,Unknown,PC,PC,PC,2012.0,JP,,,,,Exclusive,N/A,False
Wakfu,Square Enix,Ankama Studio,Standalone,Role-Playing,,Unknown,PC,PC,PC,2012.0,NA,,,,,Exclusive,N/A,False
Wakfu,Square Enix,Ankama Studio,Standalone,Role-Playing,,Unknown,PC,PC,PC,2012.0,Other,,,,,Exclusive,N/A,False
Wakfu,Square Enix,Ankama Studio,Standalone,Role-Playing,,Unknown,PC,PC,PC,2012.0,PAL,,,,,Exclusive,N/A,False
,Square Enix,,Standalone,,,,Final Fantasy Crystal Chronicles: Echoes of Time,,,,,,,75.0,,Multiplatform,,False
Wild Card,Squaresoft,SquareSoft,Standalone,Role-Playing,,Unknown,WS,Other,Other,2001.0,JP,,,,,Exclusive,N/A,False
Wild Card,Squaresoft,SquareSoft,Standalone,Role-Playing,,Unknown,WS,Other,Other,2001.0,NA,,,,,Exclusive,N/A,False
Wild Card,Squaresoft,SquareSoft,Standalone,Role-Playing,,Unknown,WS,Other,Other,2001.0,Other,,,,,Exclusive,N/A,False
Wild Card,Squaresoft,SquareSoft,Standalone,Role-Playing,,Unknown,WS,Other,Other,2001.0,PAL,,,,,Exclusive,N/A,False
,Squaresoft,Square,Standalone,,,,WonderSwan,,,,,,,,,Exclusive,,False
,Squaresoft,Square,Standalone,,,,PC-8801 ; PC-9801; FM-7; X1,,,,,,,,,Multiplatform,,False
,Square Enix,[ 353 ],Standalone,,,,Bravely Default II,,,,,,,,,Multiplatform,,False
,Square Enix,[ 314 ],Standalone,,,,Dissidia Final Fantasy NT,,,,,,,,,Multiplatform,,False
,Square Enix,[ 384 ],Standalone,,,,Dragon Quest Treasures,,,,,,,,,Multiplatform,,False
,Square Enix,[ 258 ],Standalone,,,,Final Fantasy Type-0 HD,,,,,,,,,Multiplatform,,False
,Square Enix,[ 404 ],Standalone,,,,Final Fantasy VII Rebirth,,,,,,,,,Multiplatform,,False
,Square Enix,[ 345 ],Standalone,,,,Final Fantasy VII Remake,,,,,,,,,Multiplatform,,False
,Square Enix,[ 37 ],Standalone,,,,Front Mission: Online,,,,,,,,,Multiplatform,,False
,Square Enix,[ 224 ],Standalone,,,,Kingdom Hearts III,,,,,,,,,Multiplatform,,False
,Square Enix,"November 13, 2020",Standalone,,,,Kingdom Hearts: Melody of Memory,,,,,,,,,Multiplatform,,False
,Square Enix,[ 239 ],Standalone,,,,Lightning Returns: Final Fantasy XIII,,,,,,,,,Multiplatform,,False
,Square Enix,Yes,Standalone,,,,Live A Live,,,,,,,,,Multiplatform,,False
,Square Enix,[ 307 ],Standalone,,,,Lost Sphear,,,,,,,,,Multiplatform,,False
,Square Enix,"July 27, 2021",Standalone,,,,Neo: The World Ends with You,,,,,,,,,Multiplatform,,False
,Square Enix,[ 293 ],Standalone,,,,Nier: Automata,,,,,,,,,Multiplatform,,False
,Square Enix,[ 324 ],Standalone,,,,Octopath Traveler,,,,,,,,,Multiplatform,,False
,Square Enix,[ 290 ],Standalone,,,,SaGa: Scarlet Grace,,,,,,,,,Multiplatform,,False
,Square Enix,[ 116 ],Standalone,,,,The Last Remnant,,,,,,,,,Multiplatform,,False
,Square Enix,[ 369 ],Standalone,,,,Triangle Strategy,,,,,,,,,Multiplatform,,False
,Square Enix,[ 53 ],Standalone,,,,Valkyrie Elysium,,,,,,,,,Multiplatform,,False
,Square Enix,[ 283 ],Standalone,,,,World of Final Fantasy,,,,,,,,,Multiplatform,,False
Winky the Little Bear,Enix,The Code Monkeys,Standalone,Misc,,Unknown,PS1,PlayStation,Home Console,2003.0,JP,,,,,Exclusive,N/A,False
Winky the Little Bear,Enix,The Code Monkeys,Standalone,Misc,,Unknown,PS1,PlayStation,Home Console,2003.0,NA,,,,,Exclusive,N/A,False
Winky the Little Bear,Enix,The Code Monkeys,Standalone,Misc,,Unknown,PS1,PlayStation,Home Console,2003.0,Other,,,,,Exclusive,N/A,False
Winky the Little Bear,Enix,The Code Monkeys,Standalone,Misc,,Unknown,PS1,PlayStation,Home Console,2003.0,PAL,,,,,Exclusive,N/A,False
,Enix,Almanic,Standalone,,,,SNES,,,,,,,,,Multiplatform,,False
Wonder Project J: Kikai no Shonen Pino,Enix,Almanic Corp.,Standalone,Simulation,,Unknown,SNES,Nintendo,Home Console,1994.0,JP,0.43,,,,Exclusive,Pre-Split,True
Wonder Project J: Kikai no Shonen Pino,Enix,Almanic Corp.,Standalone,Simulation,,Unknown,SNES,Nintendo,Home Console,1994.0,NA,,,,,Exclusive,Pre-Split,True
Wonder Project J: Kikai no Shonen Pino,Enix,Almanic Corp.,Standalone,Simulation,,Unknown,SNES,Nintendo,Home Console,1994.0,Other,,,,,Exclusive,Pre-Split,True
Wonder Project J: Kikai no Shonen Pino,Enix,Almanic Corp.,Standalone,Simulation,,Unknown,SNES,Nintendo,Home Console,1994.0,PAL,,,,,Exclusive,Pre-Split,True
,Enix,Givro,Standalone,,,,N64,,,,,,,,,Multiplatform,,False
Wonder Project J2: Koruro no Mori no Josette,Enix,Givro Corporation,Standalone,Simulation,,Unknown,N64,Nintendo,Home Console,1996.0,JP,0.12,,,,Exclusive,Pre-Split,True
Wonder Project J2: Koruro no Mori no Josette,Enix,Givro Corporation,Standalone,Simulation,,Unknown,N64,Nintendo,Home Console,1996.0,NA,,,,,Exclusive,Pre-Split,True
Wonder Project J2: Koruro no Mori no Josette,Enix,Givro Corporation,Standalone,Simulation,,Unknown,N64,Nintendo,Home Console,1996.0,Other,0.04,,,,Exclusive,Pre-Split,True
Wonder Project J2: Koruro no Mori no Josette,Enix,Givro Corporation,Standalone,Simulation,,Unknown,N64,Nintendo,Home Console,1996.0,PAL,,,,,Exclusive,Pre-Split,True
The World Ends With You,Square Enix,Square Enix,Standalone,Role-Playing,,Unknown,DS,Nintendo,Handheld,2008.0,JP,,,86.0,,Exclusive,Post-Merger,False
The World Ends With You,Square Enix,Square Enix,Standalone,Role-Playing,,Unknown,DS,Nintendo,Handheld,2008.0,NA,,,86.0,,Exclusive,Post-Merger,False
The World Ends With You,Square Enix,Square Enix,Standalone,Role-Playing,,Unknown,DS,Nintendo,Handheld,2008.0,Other,,,86.0,,Exclusive,Post-Merger,False
The World Ends With You,Square Enix,Square Enix,Standalone,Role-Playing,,Unknown,DS,Nintendo,Handheld,2008.0,PAL,,,86.0,,Exclusive,Post-Merger,False
,Square Enix,Nintendo Switch,Standalone,,,,Octopath Traveler,,,,,,,76.0,,Multiplatform,,False
World Fantasista,Squaresoft,SquareSoft,Standalone,Sports,,Unknown,PS2,PlayStation,Home Console,2002.0,JP,0.05,,,,Exclusive,N/A,True
World Fantasista,Squaresoft,SquareSoft,Standalone,Sports,,Unknown,PS2,PlayStation,Home Console,2002.0,NA,,,,,Exclusive,N/A,True
World Fantasista,Squaresoft,SquareSoft,Standalone,Sports,,Unknown,PS2,PlayStation,Home Console,2002.0,Other,,,,,Exclusive,N/A,True
World Fantasista,Squaresoft,SquareSoft,Standalone,Sports,,Unknown,PS2,PlayStation,Home Console,2002.0,PAL,,,,,Exclusive,N/A,True
World of Dragon Warrior - Torneko: The Last Hope,Enix,ChunSoft,Dragon Quest,Role-Playing,Turn-Based RPG,Unknown,PS1,PlayStation,Home Console,2000.0,JP,0.58,,,,Exclusive,N/A,False
World of Dragon Warrior - Torneko: The Last Hope,Enix,ChunSoft,Dragon Quest,Role-Playing,Turn-Based RPG,Unknown,PS1,PlayStation,Home Console,2000.0,NA,0.02,,,,Exclusive,N/A,False
World of Dragon Warrior - Torneko: The Last Hope,Enix,ChunSoft,Dragon Quest,Role-Playing,Turn-Based RPG,Unknown,PS1,PlayStation,Home Console,2000.0,Other,0.04,,,,Exclusive,N/A,False
World of Dragon Warrior - Torneko: The Last Hope,Enix,ChunSoft,Dragon Quest,Role-Playing,Turn-Based RPG,Unknown,PS1,PlayStation,Home Console,2000.0,PAL,0.01,,,,Exclusive,N/A,False
World of Final Fantasy,Square Enix,Square Enix,Final Fantasy,Role-Playing,Turn-Based RPG,Unknown,PC,PC,PC,2017.0,JP,,,78.0,,Multiplatform,N/A,False
World of Final Fantasy,Square Enix,Square Enix,Final Fantasy,Role-Playing,Turn-Based RPG,Unknown,PC,PC,PC,2017.0,NA,,,78.0,,Multiplatform,N/A,False
World of Final Fantasy,Square Enix,Square Enix,Final Fantasy,Role-Playing,Turn-Based RPG,Unknown,PC,PC,PC,2017.0,Other,,,78.0,,Multiplatform,N/A,False
World of Final Fantasy,Square Enix,Square Enix,Final Fantasy,Role-Playing,Turn-Based RPG,Unknown,PC,PC,PC,2017.0,PAL,,,78.0,,Multiplatform,N/A,False
World of Final Fantasy,Square Enix,Square Enix,Final Fantasy,Role-Playing,Turn-Based RPG,Unknown,PS4,PlayStation,Home Console,2016.0,JP,0.09,,67.0,,Multiplatform,N/A,False
World of Final Fantasy,Square Enix,Square Enix,Final Fantasy,Role-Playing,Turn-Based RPG,Unknown,PS4,PlayStation,Home Console,2016.0,NA,0.24,,67.0,,Multiplatform,N/A,False
World of Final Fantasy,Square Enix,Square Enix,Final Fantasy,Role-Playing,Turn-Based RPG,Unknown,PS4,PlayStation,Home Console,2016.0,Other,0.09,,67.0,,Multiplatform,N/A,False
World of Final Fantasy,Square Enix,Square Enix,Final Fantasy,Role-Playing,Turn-Based RPG,Unknown,PS4,PlayStation,Home Console,2016.0,PAL,0.21,,67.0,,Multiplatform,N/A,False
World of Final Fantasy,Square Enix,Square Enix,Final Fantasy,Role-Playing,Turn-Based RPG,Unknown,PSV,Other,Other,2016.0,JP,0.09,,78.0,,Multiplatform,N/A,False
World of Final Fantasy,Square Enix,Square Enix,Final Fantasy,Role-Playing,Turn-Based RPG,Unknown,PSV,Other,Other,2016.0,NA,0.09,,78.0,,Multiplatform,N/A,False
World of Final Fantasy,Square Enix,Square Enix,Final Fantasy,Role-Playing,Turn-Based RPG,Unknown,PSV,Other,Other,2016.0,Other,0.06,,78.0,,Multiplatform,N/A,False
World of Final Fantasy,Square Enix,Square Enix,Final Fantasy,Role-Playing,Turn-Based RPG,Unknown,PSV,Other,Other,2016.0,PAL,0.11,,78.0,,Multiplatform,N/A,False
World of Final Fantasy Maxima,Square Enix,Square Enix,Final Fantasy,Role-Playing,Turn-Based RPG,Unknown,PC,PC,PC,2018.0,JP,,,76.0,,Multiplatform,N/A,False
World of Final Fantasy Maxima,Square Enix,Square Enix,Final Fantasy,Role-Playing,Turn-Based RPG,Unknown,PC,PC,PC,2018.0,NA,,,76.0,,Multiplatform,N/A,False
World of Final Fantasy Maxima,Square Enix,Square Enix,Final Fantasy,Role-Playing,Turn-Based RPG,Unknown,PC,PC,PC,2018.0,Other,,,76.0,,Multiplatform,N/A,False
World of Final Fantasy Maxima,Square Enix,Square Enix,Final Fantasy,Role-Playing,Turn-Based RPG,Unknown,PC,PC,PC,2018.0,PAL,,,76.0,,Multiplatform,N/A,False
World of Final Fantasy Maxima,Square Enix,Square Enix,Final Fantasy,Role-Playing,Turn-Based RPG,Unknown,PS4,PlayStation,Home Console,2018.0,JP,,,76.0,,Multiplatform,N/A,False
World of Final Fantasy Maxima,Square Enix,Square Enix,Final Fantasy,Role-Playing,Turn-Based RPG,Unknown,PS4,PlayStation,Home Console,2018.0,NA,,,76.0,,Multiplatform,N/A,False
World of Final Fantasy Maxima,Square Enix,Square Enix,Final Fantasy,Role-Playing,Turn-Based RPG,Unknown,PS4,PlayStation,Home Console,2018.0,Other,,,76.0,,Multiplatform,N/A,False
World of Final Fantasy Maxima,Square Enix,Square Enix,Final Fantasy,Role-Playing,Turn-Based RPG,Unknown,PS4,PlayStation,Home Console,2018.0,PAL,,,76.0,,Multiplatform,N/A,False
World of Final Fantasy Maxima,Square Enix,Square Enix,Final Fantasy,Role-Playing,Turn-Based RPG,Unknown,Switch,Nintendo,Home Console,2018.0,JP,,,76.0,,Multiplatform,Post-Merger,False
World of Final Fantasy Maxima,Square Enix,Square Enix,Final Fantasy,Role-Playing,Turn-Based RPG,Unknown,Switch,Nintendo,Home Console,2018.0,NA,,,76.0,,Multiplatform,Post-Merger,False
World of Final Fantasy Maxima,Square Enix,Square Enix,Final Fantasy,Role-Playing,Turn-Based RPG,Unknown,Switch,Nintendo,Home Console,2018.0,Other,,,76.0,,Multiplatform,Post-Merger,False
World of Final Fantasy Maxima,Square Enix,Square Enix,Final Fantasy,Role-Playing,Turn-Based RPG,Unknown,Switch,Nintendo,Home Console,2018.0,PAL,,,76.0,,Multiplatform,Post-Merger,False
World of Final Fantasy Maxima,Square Enix,Square Enix,Final Fantasy,Role-Playing,Turn-Based RPG,Unknown,Xbox One,Microsoft,Home Console,2018.0,JP,,,76.0,,Multiplatform,N/A,False
World of Final Fantasy Maxima,Square Enix,Square Enix,Final Fantasy,Role-Playing,Turn-Based RPG,Unknown,Xbox One,Microsoft,Home Console,2018.0,NA,0.03,,76.0,,Multiplatform,N/A,False
World of Final Fantasy Maxima,Square Enix,Square Enix,Final Fantasy,Role-Playing,Turn-Based RPG,Unknown,Xbox One,Microsoft,Home Console,2018.0,Other,0.0,,76.0,,Multiplatform,N/A,False
World of Final Fantasy Maxima,Square Enix,Square Enix,Final Fantasy,Role-Playing,Turn-Based RPG,Unknown,Xbox One,Microsoft,Home Console,2018.0,PAL,,,76.0,,Multiplatform,N/A,False
WWC: World Wrestling Championship,Square Enix,Phoenix Games,Standalone,Fighting,,Unknown,PS2,PlayStation,Home Console,2006.0,JP,,,,,Exclusive,N/A,False
WWC: World Wrestling Championship,Square Enix,Phoenix Games,Standalone,Fighting,,Unknown,PS2,PlayStation,Home Console,2006.0,NA,,,,,Exclusive,N/A,False
WWC: World Wrestling Championship,Square Enix,Phoenix Games,Standalone,Fighting,,Unknown,PS2,PlayStation,Home Console,2006.0,Other,,,,,Exclusive,N/A,False
WWC: World Wrestling Championship,Square Enix,Phoenix Games,Standalone,Fighting,,Unknown,PS2,PlayStation,Home Console,2006.0,PAL,,,,,Exclusive,N/A,False
,Square Enix,,Standalone,,,,Dungeon Siege III,,,,,,,,,Multiplatform,,False
,Square Enix,,Standalone,,,,Lightning Returns: Final Fantasy XIII,,,,,,,,,Multiplatform,,False
,Square Enix,,Standalone,,,,Chrono Cross: The Radical Dreamers Edition,,,,,,,,,Multiplatform,,False
,Square Enix,,Standalone,,,,Final Fantasy Type-0 HD,,,,,,,,,Multiplatform,,False
,Square Enix,[ 154 ],Standalone,,,,Final Fantasy VII,,,,,,,,,Multiplatform,,False
,Square Enix,,Standalone,,,,Final Fantasy VIII Remastered,,,,,,,,,Multiplatform,,False
,Square Enix,"February 27, 2018",Standalone,,,,Gravel,,,,,,,,,Multiplatform,,False
,Square Enix,,Standalone,,,,Kingdom Hearts III,,,,,,,,,Multiplatform,,False
,Square Enix,"November 13, 2020",Standalone,,,,Kingdom Hearts: Melody of Memory,,,,,,,,,Multiplatform,,False
,Square Enix,[ 154 ],Standalone,,,,Lightning Returns: Final Fantasy XIII,,,,,,,,,Multiplatform,,False
,Square Enix,[ 294 ],Standalone,,,,Nier: Automata,,,,,,,,,Multiplatform,,False
,Square Enix,[ 326 ],Standalone,,,,Octopath Traveler,,,,,,,,,Multiplatform,,False
,Square Enix,[ 389 ],Standalone,,,,Octopath Traveler II,,,,,,,,,Multiplatform,,False
,Square Enix,[ 282 ],Standalone,,,,World of Final Fantasy,,,,,,,,,Multiplatform,,False
,Square Enix,,Standalone,,,,Dragon Quest I & II HD-2D Remake,,,,,,,,,Multiplatform,,False
,Square Enix,"November 14, 2024",Standalone,,,,Dragon Quest III HD-2D Remake,,,,,,,,,Multiplatform,,False
,Square Enix,,Standalone,,,,Dragon Quest VII Reimagined,,,,,,,,,Multiplatform,,False
,Square Enix,Yes,Standalone,,,,Final Fantasy II Pixel Remaster,,,,,,,,,Multiplatform,,False
,Square Enix,Yes,Standalone,,,,Final Fantasy IV Pixel Remaster,,,,,,,,,Multiplatform,,False
,Square Enix,Yes,Standalone,,,,Final Fantasy V Pixel Remaster,,,,,,,,,Multiplatform,,False
,Square Enix,Yes,Standalone,,,,Final Fantasy VI Pixel Remaster,,,,,,,,,Multiplatform,,False
,Square Enix,Coming,Standalone,,,,Final Fantasy VII Rebirth,,,,,,,,,Multiplatform,,False
,Square Enix,Yes,Standalone,,,,Final Fantasy VII Remake,,,,,,,,,Multiplatform,,False
,Square Enix,[ 389 ],Standalone,,,,Octopath Traveler II,,,,,,,,,Multiplatform,,False
,Square Enix,,Standalone,,,,The Adventures of Elliot: The Millennium Tales,,,,,,,,,Multiplatform,,False
,Square Enix,[ 370 ],Standalone,,,,Triangle Strategy,,,,,,,,,Multiplatform,,False
,Square Enix,"August 29, 2024",Standalone,,,,Visions of Mana,,,,,,,,,Multiplatform,,False
Xeno,Squaresoft,Square,Standalone,Role-Playing,,Unknown,Series,Other,Other,1998.0,JP,,,66.0,,Exclusive,N/A,False
Xeno,Squaresoft,Square,Standalone,Role-Playing,,Unknown,Series,Other,Other,1998.0,NA,,,66.0,,Exclusive,N/A,False
Xeno,Squaresoft,Square,Standalone,Role-Playing,,Unknown,Series,Other,Other,1998.0,Other,,,66.0,,Exclusive,N/A,False
Xeno,Squaresoft,Square,Standalone,Role-Playing,,Unknown,Series,Other,Other,1998.0,PAL,,,66.0,,Exclusive,N/A,False
Xenogears,Squaresoft,SquareSoft,Xenogears,Role-Playing,Turn-Based RPG / Mecha,Hybrid,PS1,PlayStation,Home Console,1998.0,JP,,,78.0,,Exclusive,N/A,False
Xenogears,Squaresoft,SquareSoft,Xenogears,Role-Playing,Turn-Based RPG / Mecha,Hybrid,PS1,PlayStation,Home Console,1998.0,NA,,,78.0,,Exclusive,N/A,False
Xenogears,Squaresoft,SquareSoft,Xenogears,Role-Playing,Turn-Based RPG / Mecha,Hybrid,PS1,PlayStation,Home Console,1998.0,Other,,,78.0,,Exclusive,N/A,False
Xenogears,Squaresoft,SquareSoft,Xenogears,Role-Playing,Turn-Based RPG / Mecha,Hybrid,PS1,PlayStation,Home Console,1998.0,PAL,,,78.0,,Exclusive,N/A,False
Yosumin!,Square Enix,Square Enix,Standalone,Puzzle,,Unknown,PC,PC,PC,2009.0,JP,,,,,Exclusive,N/A,False
Yosumin!,Square Enix,Square Enix,Standalone,Puzzle,,Unknown,PC,PC,PC,2009.0,NA,,,,,Exclusive,N/A,False
Yosumin!,Square Enix,Square Enix,Standalone,Puzzle,,Unknown,PC,PC,PC,2009.0,Other,,,,,Exclusive,N/A,False
Yosumin!,Square Enix,Square Enix,Standalone,Puzzle,,Unknown,PC,PC,PC,2009.0,PAL,,,,,Exclusive,N/A,False
Yosumin. DS,Square Enix,Square Enix,Standalone,Puzzle,,Unknown,DS,Nintendo,Handheld,2007.0,JP,0.01,,,,Exclusive,Post-Merger,True
Yosumin. DS,Square Enix,Square Enix,Standalone,Puzzle,,Unknown,DS,Nintendo,Handheld,2007.0,NA,,,,,Exclusive,Post-Merger,True
Yosumin. DS,Square Enix,Square Enix,Standalone,Puzzle,,Unknown,DS,Nintendo,Handheld,2007.0,Other,,,,,Exclusive,Post-Merger,True
Yosumin. DS,Square Enix,Square Enix,Standalone,Puzzle,,Unknown,DS,Nintendo,Handheld,2007.0,PAL,,,,,Exclusive,Post-Merger,True
Yosumin! Live,Square Enix,Square Enix,Standalone,Puzzle,,Unknown,XBL,Other,Other,2009.0,JP,,,60.0,,Exclusive,N/A,False
Yosumin! Live,Square Enix,Square Enix,Standalone,Puzzle,,Unknown,XBL,Other,Other,2009.0,NA,,,60.0,,Exclusive,N/A,False
Yosumin! Live,Square Enix,Square Enix,Standalone,Puzzle,,Unknown,XBL,Other,Other,2009.0,Other,,,60.0,,Exclusive,N/A,False
Yosumin! Live,Square Enix,Square Enix,Standalone,Puzzle,,Unknown,XBL,Other,Other,2009.0,PAL,,,60.0,,Exclusive,N/A,False
,Squaresoft,HummingBirdSoft,Standalone,,,,Family Computer Disk System,,,,,,,,,Multiplatform,,False
,Enix,Nemesys,Standalone,,,,PS2,,,,,,,,,Multiplatform,,False
,Enix,General Entertainment,Standalone,,,,PS2,,,,,,,,,Multiplatform,,False
Star Ocean: The Second Story R,Square Enix,Gemdrops,Star Ocean,Role-Playing,,3D,PS5,PlayStation,Home Console,2023,JP,,,85,,Multiplatform,Post-Merger,False
Star Ocean: The Second Story R,Square Enix,Gemdrops,Star Ocean,Role-Playing,,3D,PS5,PlayStation,Home Console,2023,NA,,,85,,Multiplatform,Post-Merger,False
Star Ocean: The Second Story R,Square Enix,Gemdrops,Star Ocean,Role-Playing,,3D,PS5,PlayStation,Home Console,2023,PAL,,,85,,Multiplatform,Post-Merger,False
Star Ocean: The Second Story R,Square Enix,Gemdrops,Star Ocean,Role-Playing,,3D,PS5,PlayStation,Home Console,2023,Other,,,85,,Multiplatform,Post-Merger,False
Star Ocean: The Second Story R,Square Enix,Gemdrops,Star Ocean,Role-Playing,,3D,PS4,PlayStation,Home Console,2023,JP,,,85,,Multiplatform,Post-Merger,False
Star Ocean: The Second Story R,Square Enix,Gemdrops,Star Ocean,Role-Playing,,3D,PS4,PlayStation,Home Console,2023,NA,,,85,,Multiplatform,Post-Merger,False
Star Ocean: The Second Story R,Square Enix,Gemdrops,Star Ocean,Role-Playing,,3D,PS4,PlayStation,Home Console,2023,PAL,,,85,,Multiplatform,Post-Merger,False
Star Ocean: The Second Story R,Square Enix,Gemdrops,Star Ocean,Role-Playing,,3D,PS4,PlayStation,Home Console,2023,Other,,,85,,Multiplatform,Post-Merger,False
Star Ocean: The Second Story R,Square Enix,Gemdrops,Star Ocean,Role-Playing,,3D,Switch,Nintendo,Home Console,2023,JP,,,85,,Multiplatform,Post-Merger,False
Star Ocean: The Second Story R,Square Enix,Gemdrops,Star Ocean,Role-Playing,,3D,Switch,Nintendo,Home Console,2023,NA,,,85,,Multiplatform,Post-Merger,False
Star Ocean: The Second Story R,Square Enix,Gemdrops,Star Ocean,Role-Playing,,3D,Switch,Nintendo,Home Console,2023,PAL,,,85,,Multiplatform,Post-Merger,False
Star Ocean: The Second Story R,Square Enix,Gemdrops,Star Ocean,Role-Playing,,3D,Switch,Nintendo,Home Console,2023,Other,,,85,,Multiplatform,Post-Merger,False
Star Ocean: The Second Story R,Square Enix,Gemdrops,Star Ocean,Role-Playing,,3D,PC,PC,PC,2023,JP,,,85,,Multiplatform,Post-Merger,False
Star Ocean: The Second Story R,Square Enix,Gemdrops,Star Ocean,Role-Playing,,3D,PC,PC,PC,2023,NA,,,85,,Multiplatform,Post-Merger,False
Star Ocean: The Second Story R,Square Enix,Gemdrops,Star Ocean,Role-Playing,,3D,PC,PC,PC,2023,PAL,,,85,,Multiplatform,Post-Merger,False
Star Ocean: The Second Story R,Square Enix,Gemdrops,Star Ocean,Role-Playing,,3D,PC,PC,PC,2023,Other,,,85,,Multiplatform,Post-Merger,False
Theatrhythm Final Bar Line,Square Enix,indieszero,Final Fantasy,Rhythm,,3D,Switch,Nintendo,Home Console,2023,JP,,,84,,Multiplatform,Post-Merger,False
Theatrhythm Final Bar Line,Square Enix,indieszero,Final Fantasy,Rhythm,,3D,Switch,Nintendo,Home Console,2023,NA,,,84,,Multiplatform,Post-Merger,False
Theatrhythm Final Bar Line,Square Enix,indieszero,Final Fantasy,Rhythm,,3D,Switch,Nintendo,Home Console,2023,PAL,,,84,,Multiplatform,Post-Merger,False
Theatrhythm Final Bar Line,Square Enix,indieszero,Final Fantasy,Rhythm,,3D,Switch,Nintendo,Home Console,2023,Other,,,84,,Multiplatform,Post-Merger,False
Theatrhythm Final Bar Line,Square Enix,indieszero,Final Fantasy,Rhythm,,3D,PS4,PlayStation,Home Console,2023,JP,,,84,,Multiplatform,Post-Merger,False
Theatrhythm Final Bar Line,Square Enix,indieszero,Final Fantasy,Rhythm,,3D,PS4,PlayStation,Home Console,2023,NA,,,84,,Multiplatform,Post-Merger,False
Theatrhythm Final Bar Line,Square Enix,indieszero,Final Fantasy,Rhythm,,3D,PS4,PlayStation,Home Console,2023,PAL,,,84,,Multiplatform,Post-Merger,False
Theatrhythm Final Bar Line,Square Enix,indieszero,Final Fantasy,Rhythm,,3D,PS4,PlayStation,Home Console,2023,Other,,,84,,Multiplatform,Post-Merger,False
Dragon Quest III HD-2D Remake,Square Enix,Square Enix,Dragon Quest,Role-Playing,,Hybrid,Switch,Nintendo,Home Console,2024,JP,9.510822,,88,,Multiplatform,Post-Merger,False
Dragon Quest III HD-2D Remake,Square Enix,Square Enix,Dragon Quest,Role-Playing,,Hybrid,Switch,Nintendo,Home Console,2024,NA,9.510822,,88,,Multiplatform,Post-Merger,False
Dragon Quest III HD-2D Remake,Square Enix,Square Enix,Dragon Quest,Role-Playing,,Hybrid,Switch,Nintendo,Home Console,2024,PAL,9.510822,,88,,Multiplatform,Post-Merger,False
Dragon Quest III HD-2D Remake,Square Enix,Square Enix,Dragon Quest,Role-Playing,,Hybrid,Switch,Nintendo,Home Console,2024,Other,9.510822,,88,,Multiplatform,Post-Merger,False
Dragon Quest III HD-2D Remake,Square Enix,Square Enix,Dragon Quest,Role-Playing,,Hybrid,PS5,PlayStation,Home Console,2024,JP,9.510822,,88,,Multiplatform,Post-Merger,False
Dragon Quest III HD-2D Remake,Square Enix,Square Enix,Dragon Quest,Role-Playing,,Hybrid,PS5,PlayStation,Home Console,2024,NA,9.510822,,88,,Multiplatform,Post-Merger,False
Dragon Quest III HD-2D Remake,Square Enix,Square Enix,Dragon Quest,Role-Playing,,Hybrid,PS5,PlayStation,Home Console,2024,PAL,9.510822,,88,,Multiplatform,Post-Merger,False
Dragon Quest III HD-2D Remake,Square Enix,Square Enix,Dragon Quest,Role-Playing,,Hybrid,PS5,PlayStation,Home Console,2024,Other,9.510822,,88,,Multiplatform,Post-Merger,False
Dragon Quest III HD-2D Remake,Square Enix,Square Enix,Dragon Quest,Role-Playing,,Hybrid,PC,PC,PC,2024,JP,9.510822,,88,,Multiplatform,Post-Merger,False
Dragon Quest III HD-2D Remake,Square Enix,Square Enix,Dragon Quest,Role-Playing,,Hybrid,PC,PC,PC,2024,NA,9.510822,,88,,Multiplatform,Post-Merger,False
Dragon Quest III HD-2D Remake,Square Enix,Square Enix,Dragon Quest,Role-Playing,,Hybrid,PC,PC,PC,2024,PAL,9.510822,,88,,Multiplatform,Post-Merger,False
Dragon Quest III HD-2D Remake,Square Enix,Square Enix,Dragon Quest,Role-Playing,,Hybrid,PC,PC,PC,2024,Other,9.510822,,88,,Multiplatform,Post-Merger,False
Dragon Quest III HD-2D Remake,Square Enix,Square Enix,Dragon Quest,Role-Playing,,Hybrid,Xbox Series,Microsoft,Home Console,2024,JP,9.510822,,88,,Multiplatform,Post-Merger,False
Dragon Quest III HD-2D Remake,Square Enix,Square Enix,Dragon Quest,Role-Playing,,Hybrid,Xbox Series,Microsoft,Home Console,2024,NA,9.510822,,88,,Multiplatform,Post-Merger,False
Dragon Quest III HD-2D Remake,Square Enix,Square Enix,Dragon Quest,Role-Playing,,Hybrid,Xbox Series,Microsoft,Home Console,2024,PAL,9.510822,,88,,Multiplatform,Post-Merger,False
Dragon Quest III HD-2D Remake,Square Enix,Square Enix,Dragon Quest,Role-Playing,,Hybrid,Xbox Series,Microsoft,Home Console,2024,Other,9.510822,,88,,Multiplatform,Post-Merger,False
FANTASIAN Neo Dimension,Square Enix,Mistwalker,Standalone,Role-Playing,,3D,Switch,Nintendo,Home Console,2024,JP,,,81,,Multiplatform,Post-Merger,False
FANTASIAN Neo Dimension,Square Enix,Mistwalker,Standalone,Role-Playing,,3D,Switch,Nintendo,Home Console,2024,NA,,,81,,Multiplatform,Post-Merger,False
FANTASIAN Neo Dimension,Square Enix,Mistwalker,Standalone,Role-Playing,,3D,Switch,Nintendo,Home Console,2024,PAL,,,81,,Multiplatform,Post-Merger,False
FANTASIAN Neo Dimension,Square Enix,Mistwalker,Standalone,Role-Playing,,3D,Switch,Nintendo,Home Console,2024,Other,,,81,,Multiplatform,Post-Merger,False
FANTASIAN Neo Dimension,Square Enix,Mistwalker,Standalone,Role-Playing,,3D,PS5,PlayStation,Home Console,2024,JP,,,81,,Multiplatform,Post-Merger,False
FANTASIAN Neo Dimension,Square Enix,Mistwalker,Standalone,Role-Playing,,3D,PS5,PlayStation,Home Console,2024,NA,,,81,,Multiplatform,Post-Merger,False
FANTASIAN Neo Dimension,Square Enix,Mistwalker,Standalone,Role-Playing,,3D,PS5,PlayStation,Home Console,2024,PAL,,,81,,Multiplatform,Post-Merger,False
FANTASIAN Neo Dimension,Square Enix,Mistwalker,Standalone,Role-Playing,,3D,PS5,PlayStation,Home Console,2024,Other,,,81,,Multiplatform,Post-Merger,False
FANTASIAN Neo Dimension,Square Enix,Mistwalker,Standalone,Role-Playing,,3D,PC,PC,PC,2024,JP,,,81,,Multiplatform,Post-Merger,False
FANTASIAN Neo Dimension,Square Enix,Mistwalker,Standalone,Role-Playing,,3D,PC,PC,PC,2024,NA,,,81,,Multiplatform,Post-Merger,False
FANTASIAN Neo Dimension,Square Enix,Mistwalker,Standalone,Role-Playing,,3D,PC,PC,PC,2024,PAL,,,81,,Multiplatform,Post-Merger,False
FANTASIAN Neo Dimension,Square Enix,Mistwalker,Standalone,Role-Playing,,3D,PC,PC,PC,2024,Other,,,81,,Multiplatform,Post-Merger,False
FANTASIAN Neo Dimension,Square Enix,Mistwalker,Standalone,Role-Playing,,3D,Xbox Series,Microsoft,Home Console,2024,JP,,,81,,Multiplatform,Post-Merger,False
FANTASIAN Neo Dimension,Square Enix,Mistwalker,Standalone,Role-Playing,,3D,Xbox Series,Microsoft,Home Console,2024,NA,,,81,,Multiplatform,Post-Merger,False
FANTASIAN Neo Dimension,Square Enix,Mistwalker,Standalone,Role-Playing,,3D,Xbox Series,Microsoft,Home Console,2024,PAL,,,81,,Multiplatform,Post-Merger,False
FANTASIAN Neo Dimension,Square Enix,Mistwalker,Standalone,Role-Playing,,3D,Xbox Series,Microsoft,Home Console,2024,Other,,,81,,Multiplatform,Post-Merger,False
Life Is Strange: Double Exposure,Square Enix,Deck Nine,Life Is Strange,Adventure,,3D,PS5,PlayStation,Home Console,2024,JP,,,73,,Multiplatform,Post-Merger,False
Life Is Strange: Double Exposure,Square Enix,Deck Nine,Life Is Strange,Adventure,,3D,PS5,PlayStation,Home Console,2024,NA,,,73,,Multiplatform,Post-Merger,False
Life Is Strange: Double Exposure,Square Enix,Deck Nine,Life Is Strange,Adventure,,3D,PS5,PlayStation,Home Console,2024,PAL,,,73,,Multiplatform,Post-Merger,False
Life Is Strange: Double Exposure,Square Enix,Deck Nine,Life Is Strange,Adventure,,3D,PS5,PlayStation,Home Console,2024,Other,,,73,,Multiplatform,Post-Merger,False
Life Is Strange: Double Exposure,Square Enix,Deck Nine,Life Is Strange,Adventure,,3D,Xbox Series,Microsoft,Home Console,2024,JP,,,73,,Multiplatform,Post-Merger,False
Life Is Strange: Double Exposure,Square Enix,Deck Nine,Life Is Strange,Adventure,,3D,Xbox Series,Microsoft,Home Console,2024,NA,,,73,,Multiplatform,Post-Merger,False
Life Is Strange: Double Exposure,Square Enix,Deck Nine,Life Is Strange,Adventure,,3D,Xbox Series,Microsoft,Home Console,2024,PAL,,,73,,Multiplatform,Post-Merger,False
Life Is Strange: Double Exposure,Square Enix,Deck Nine,Life Is Strange,Adventure,,3D,Xbox Series,Microsoft,Home Console,2024,Other,,,73,,Multiplatform,Post-Merger,False
Life Is Strange: Double Exposure,Square Enix,Deck Nine,Life Is Strange,Adventure,,3D,PC,PC,PC,2024,JP,,,73,,Multiplatform,Post-Merger,False
Life Is Strange: Double Exposure,Square Enix,Deck Nine,Life Is Strange,Adventure,,3D,PC,PC,PC,2024,NA,,,73,,Multiplatform,Post-Merger,False
Life Is Strange: Double Exposure,Square Enix,Deck Nine,Life Is Strange,Adventure,,3D,PC,PC,PC,2024,PAL,,,73,,Multiplatform,Post-Merger,False
Life Is Strange: Double Exposure,Square Enix,Deck Nine,Life Is Strange,Adventure,,3D,PC,PC,PC,2024,Other,,,73,,Multiplatform,Post-Merger,False
Romancing SaGa 2: Revenge of the Seven,Square Enix,Square Enix,SaGa,Role-Playing,,3D,PS5,PlayStation,Home Console,2024,JP,,,70,,Multiplatform,Post-Merger,False
Romancing SaGa 2: Revenge of the Seven,Square Enix,Square Enix,SaGa,Role-Playing,,3D,PS5,PlayStation,Home Console,2024,NA,,,70,,Multiplatform,Post-Merger,False
Romancing SaGa 2: Revenge of the Seven,Square Enix,Square Enix,SaGa,Role-Playing,,3D,PS5,PlayStation,Home Console,2024,PAL,,,70,,Multiplatform,Post-Merger,False
Romancing SaGa 2: Revenge of the Seven,Square Enix,Square Enix,SaGa,Role-Playing,,3D,PS5,PlayStation,Home Console,2024,Other,,,70,,Multiplatform,Post-Merger,False
Romancing SaGa 2: Revenge of the Seven,Square Enix,Square Enix,SaGa,Role-Playing,,3D,Switch,Nintendo,Home Console,2024,JP,,,70,,Multiplatform,Post-Merger,False
Romancing SaGa 2: Revenge of the Seven,Square Enix,Square Enix,SaGa,Role-Playing,,3D,Switch,Nintendo,Home Console,2024,NA,,,70,,Multiplatform,Post-Merger,False
Romancing SaGa 2: Revenge of the Seven,Square Enix,Square Enix,SaGa,Role-Playing,,3D,Switch,Nintendo,Home Console,2024,PAL,,,70,,Multiplatform,Post-Merger,False
Romancing SaGa 2: Revenge of the Seven,Square Enix,Square Enix,SaGa,Role-Playing,,3D,Switch,Nintendo,Home Console,2024,Other,,,70,,Multiplatform,Post-Merger,False
Romancing SaGa 2: Revenge of the Seven,Square Enix,Square Enix,SaGa,Role-Playing,,3D,PC,PC,PC,2024,JP,,,70,,Multiplatform,Post-Merger,False
Romancing SaGa 2: Revenge of the Seven,Square Enix,Square Enix,SaGa,Role-Playing,,3D,PC,PC,PC,2024,NA,,,70,,Multiplatform,Post-Merger,False
Romancing SaGa 2: Revenge of the Seven,Square Enix,Square Enix,SaGa,Role-Playing,,3D,PC,PC,PC,2024,PAL,,,70,,Multiplatform,Post-Merger,False
Romancing SaGa 2: Revenge of the Seven,Square Enix,Square Enix,SaGa,Role-Playing,,3D,PC,PC,PC,2024,Other,,,70,,Multiplatform,Post-Merger,False
Romancing SaGa 2: Revenge of the Seven,Square Enix,Square Enix,SaGa,Role-Playing,,3D,Xbox Series,Microsoft,Home Console,2024,JP,,,70,,Multiplatform,Post-Merger,False
Romancing SaGa 2: Revenge of the Seven,Square Enix,Square Enix,SaGa,Role-Playing,,3D,Xbox Series,Microsoft,Home Console,2024,NA,,,70,,Multiplatform,Post-Merger,False
Romancing SaGa 2: Revenge of the Seven,Square Enix,Square Enix,SaGa,Role-Playing,,3D,Xbox Series,Microsoft,Home Console,2024,PAL,,,70,,Multiplatform,Post-Merger,False
Romancing SaGa 2: Revenge of the Seven,Square Enix,Square Enix,SaGa,Role-Playing,,3D,Xbox Series,Microsoft,Home Console,2024,Other,,,70,,Multiplatform,Post-Merger,False
Visions of Mana,Square Enix,Square Enix,Mana,Action RPG,,3D,PS5,PlayStation,Home Console,2024,JP,,,73,,Multiplatform,Post-Merger,False
Visions of Mana,Square Enix,Square Enix,Mana,Action RPG,,3D,PS5,PlayStation,Home Console,2024,NA,,,73,,Multiplatform,Post-Merger,False
Visions of Mana,Square Enix,Square Enix,Mana,Action RPG,,3D,PS5,PlayStation,Home Console,2024,PAL,,,73,,Multiplatform,Post-Merger,False
Visions of Mana,Square Enix,Square Enix,Mana,Action RPG,,3D,PS5,PlayStation,Home Console,2024,Other,,,73,,Multiplatform,Post-Merger,False
Visions of Mana,Square Enix,Square Enix,Mana,Action RPG,,3D,PC,PC,PC,2024,JP,,,73,,Multiplatform,Post-Merger,False
Visions of Mana,Square Enix,Square Enix,Mana,Action RPG,,3D,PC,PC,PC,2024,NA,,,73,,Multiplatform,Post-Merger,False
Visions of Mana,Square Enix,Square Enix,Mana,Action RPG,,3D,PC,PC,PC,2024,PAL,,,73,,Multiplatform,Post-Merger,False
Visions of Mana,Square Enix,Square Enix,Mana,Action RPG,,3D,PC,PC,PC,2024,Other,,,73,,Multiplatform,Post-Merger,False
Visions of Mana,Square Enix,Square Enix,Mana,Action RPG,,3D,Xbox Series,Microsoft,Home Console,2024,JP,,,73,,Multiplatform,Post-Merger,False
Visions of Mana,Square Enix,Square Enix,Mana,Action RPG,,3D,Xbox Series,Microsoft,Home Console,2024,NA,,,73,,Multiplatform,Post-Merger,False
Visions of Mana,Square Enix,Square Enix,Mana,Action RPG,,3D,Xbox Series,Microsoft,Home Console,2024,PAL,,,73,,Multiplatform,Post-Merger,False
Visions of Mana,Square Enix,Square Enix,Mana,Action RPG,,3D,Xbox Series,Microsoft,Home Console,2024,Other,,,73,,Multiplatform,Post-Merger,False
Final Fantasy Tactics: The Ivalice Chronicles,Square Enix,Square Enix,Final Fantasy,Strategy,,3D,PS5,PlayStation,Home Console,2025,JP,,,88,,Multiplatform,Post-Merger,False
Final Fantasy Tactics: The Ivalice Chronicles,Square Enix,Square Enix,Final Fantasy,Strategy,,3D,PS5,PlayStation,Home Console,2025,NA,,,88,,Multiplatform,Post-Merger,False
Final Fantasy Tactics: The Ivalice Chronicles,Square Enix,Square Enix,Final Fantasy,Strategy,,3D,PS5,PlayStation,Home Console,2025,PAL,,,88,,Multiplatform,Post-Merger,False
Final Fantasy Tactics: The Ivalice Chronicles,Square Enix,Square Enix,Final Fantasy,Strategy,,3D,PS5,PlayStation,Home Console,2025,Other,,,88,,Multiplatform,Post-Merger,False
Final Fantasy Tactics: The Ivalice Chronicles,Square Enix,Square Enix,Final Fantasy,Strategy,,3D,PC,PC,PC,2025,JP,,,88,,Multiplatform,Post-Merger,False
Final Fantasy Tactics: The Ivalice Chronicles,Square Enix,Square Enix,Final Fantasy,Strategy,,3D,PC,PC,PC,2025,NA,,,88,,Multiplatform,Post-Merger,False
Final Fantasy Tactics: The Ivalice Chronicles,Square Enix,Square Enix,Final Fantasy,Strategy,,3D,PC,PC,PC,2025,PAL,,,88,,Multiplatform,Post-Merger,False
Final Fantasy Tactics: The Ivalice Chronicles,Square Enix,Square Enix,Final Fantasy,Strategy,,3D,PC,PC,PC,2025,Other,,,88,,Multiplatform,Post-Merger,False
Final Fantasy Tactics: The Ivalice Chronicles,Square Enix,Square Enix,Final Fantasy,Strategy,,3D,Switch,Nintendo,Home Console,2025,JP,,,88,,Multiplatform,Post-Merger,False
Final Fantasy Tactics: The Ivalice Chronicles,Square Enix,Square Enix,Final Fantasy,Strategy,,3D,Switch,Nintendo,Home Console,2025,NA,,,88,,Multiplatform,Post-Merger,False
Final Fantasy Tactics: The Ivalice Chronicles,Square Enix,Square Enix,Final Fantasy,Strategy,,3D,Switch,Nintendo,Home Console,2025,PAL,,,88,,Multiplatform,Post-Merger,False
Final Fantasy Tactics: The Ivalice Chronicles,Square Enix,Square Enix,Final Fantasy,Strategy,,3D,Switch,Nintendo,Home Console,2025,Other,,,88,,Multiplatform,Post-Merger,False
Dragon Quest I & II HD-2D Remake,Square Enix,Square Enix,Dragon Quest,Role-Playing,,Hybrid,Switch,Nintendo,Home Console,2025,JP,,,86,,Multiplatform,Post-Merger,False
Dragon Quest I & II HD-2D Remake,Square Enix,Square Enix,Dragon Quest,Role-Playing,,Hybrid,Switch,Nintendo,Home Console,2025,NA,,,86,,Multiplatform,Post-Merger,False
Dragon Quest I & II HD-2D Remake,Square Enix,Square Enix,Dragon Quest,Role-Playing,,Hybrid,Switch,Nintendo,Home Console,2025,PAL,,,86,,Multiplatform,Post-Merger,False
Dragon Quest I & II HD-2D Remake,Square Enix,Square Enix,Dragon Quest,Role-Playing,,Hybrid,Switch,Nintendo,Home Console,2025,Other,,,86,,Multiplatform,Post-Merger,False
Dragon Quest I & II HD-2D Remake,Square Enix,Square Enix,Dragon Quest,Role-Playing,,Hybrid,PS5,PlayStation,Home Console,2025,JP,,,86,,Multiplatform,Post-Merger,False
Dragon Quest I & II HD-2D Remake,Square Enix,Square Enix,Dragon Quest,Role-Playing,,Hybrid,PS5,PlayStation,Home Console,2025,NA,,,86,,Multiplatform,Post-Merger,False
Dragon Quest I & II HD-2D Remake,Square Enix,Square Enix,Dragon Quest,Role-Playing,,Hybrid,PS5,PlayStation,Home Console,2025,PAL,,,86,,Multiplatform,Post-Merger,False
Dragon Quest I & II HD-2D Remake,Square Enix,Square Enix,Dragon Quest,Role-Playing,,Hybrid,PS5,PlayStation,Home Console,2025,Other,,,86,,Multiplatform,Post-Merger,False
Dragon Quest I & II HD-2D Remake,Square Enix,Square Enix,Dragon Quest,Role-Playing,,Hybrid,PC,PC,PC,2025,JP,,,86,,Multiplatform,Post-Merger,False
Dragon Quest I & II HD-2D Remake,Square Enix,Square Enix,Dragon Quest,Role-Playing,,Hybrid,PC,PC,PC,2025,NA,,,86,,Multiplatform,Post-Merger,False
Dragon Quest I & II HD-2D Remake,Square Enix,Square Enix,Dragon Quest,Role-Playing,,Hybrid,PC,PC,PC,2025,PAL,,,86,,Multiplatform,Post-Merger,False
Dragon Quest I & II HD-2D Remake,Square Enix,Square Enix,Dragon Quest,Role-Playing,,Hybrid,PC,PC,PC,2025,Other,,,86,,Multiplatform,Post-Merger,False
Dragon Quest I & II HD-2D Remake,Square Enix,Square Enix,Dragon Quest,Role-Playing,,Hybrid,Switch2,Nintendo,Home Console,2025,JP,,,86,,Multiplatform,Post-Merger,False
Dragon Quest I & II HD-2D Remake,Square Enix,Square Enix,Dragon Quest,Role-Playing,,Hybrid,Switch2,Nintendo,Home Console,2025,NA,,,86,,Multiplatform,Post-Merger,False
Dragon Quest I & II HD-2D Remake,Square Enix,Square Enix,Dragon Quest,Role-Playing,,Hybrid,Switch2,Nintendo,Home Console,2025,PAL,,,86,,Multiplatform,Post-Merger,False
Dragon Quest I & II HD-2D Remake,Square Enix,Square Enix,Dragon Quest,Role-Playing,,Hybrid,Switch2,Nintendo,Home Console,2025,Other,,,86,,Multiplatform,Post-Merger,False
Octopath Traveler 0,Square Enix,Square Enix,Octopath Traveler,Role-Playing,,Hybrid,PS5,PlayStation,Home Console,2025,JP,,,81,,Multiplatform,Post-Merger,False
Octopath Traveler 0,Square Enix,Square Enix,Octopath Traveler,Role-Playing,,Hybrid,PS5,PlayStation,Home Console,2025,NA,,,81,,Multiplatform,Post-Merger,False
Octopath Traveler 0,Square Enix,Square Enix,Octopath Traveler,Role-Playing,,Hybrid,PS5,PlayStation,Home Console,2025,PAL,,,81,,Multiplatform,Post-Merger,False
Octopath Traveler 0,Square Enix,Square Enix,Octopath Traveler,Role-Playing,,Hybrid,PS5,PlayStation,Home Console,2025,Other,,,81,,Multiplatform,Post-Merger,False
Octopath Traveler 0,Square Enix,Square Enix,Octopath Traveler,Role-Playing,,Hybrid,Switch,Nintendo,Home Console,2025,JP,,,81,,Multiplatform,Post-Merger,False
Octopath Traveler 0,Square Enix,Square Enix,Octopath Traveler,Role-Playing,,Hybrid,Switch,Nintendo,Home Console,2025,NA,,,81,,Multiplatform,Post-Merger,False
Octopath Traveler 0,Square Enix,Square Enix,Octopath Traveler,Role-Playing,,Hybrid,Switch,Nintendo,Home Console,2025,PAL,,,81,,Multiplatform,Post-Merger,False
Octopath Traveler 0,Square Enix,Square Enix,Octopath Traveler,Role-Playing,,Hybrid,Switch,Nintendo,Home Console,2025,Other,,,81,,Multiplatform,Post-Merger,False
Octopath Traveler 0,Square Enix,Square Enix,Octopath Traveler,Role-Playing,,Hybrid,PC,PC,PC,2025,JP,,,81,,Multiplatform,Post-Merger,False
Octopath Traveler 0,Square Enix,Square Enix,Octopath Traveler,Role-Playing,,Hybrid,PC,PC,PC,2025,NA,,,81,,Multiplatform,Post-Merger,False
Octopath Traveler 0,Square Enix,Square Enix,Octopath Traveler,Role-Playing,,Hybrid,PC,PC,PC,2025,PAL,,,81,,Multiplatform,Post-Merger,False
Octopath Traveler 0,Square Enix,Square Enix,Octopath Traveler,Role-Playing,,Hybrid,PC,PC,PC,2025,Other,,,81,,Multiplatform,Post-Merger,False
Octopath Traveler 0,Square Enix,Square Enix,Octopath Traveler,Role-Playing,,Hybrid,Switch2,Nintendo,Home Console,2025,JP,,,81,,Multiplatform,Post-Merger,False
Octopath Traveler 0,Square Enix,Square Enix,Octopath Traveler,Role-Playing,,Hybrid,Switch2,Nintendo,Home Console,2025,NA,,,81,,Multiplatform,Post-Merger,False
Octopath Traveler 0,Square Enix,Square Enix,Octopath Traveler,Role-Playing,,Hybrid,Switch2,Nintendo,Home Console,2025,PAL,,,81,,Multiplatform,Post-Merger,False
Octopath Traveler 0,Square Enix,Square Enix,Octopath Traveler,Role-Playing,,Hybrid,Switch2,Nintendo,Home Console,2025,Other,,,81,,Multiplatform,Post-Merger,False
SaGa Frontier 2 Remastered,Square Enix,Square Enix,SaGa,Role-Playing,,3D,Switch,Nintendo,Home Console,2025,JP,,,78,,Multiplatform,Post-Merger,False
SaGa Frontier 2 Remastered,Square Enix,Square Enix,SaGa,Role-Playing,,3D,Switch,Nintendo,Home Console,2025,NA,,,78,,Multiplatform,Post-Merger,False
SaGa Frontier 2 Remastered,Square Enix,Square Enix,SaGa,Role-Playing,,3D,Switch,Nintendo,Home Console,2025,PAL,,,78,,Multiplatform,Post-Merger,False
SaGa Frontier 2 Remastered,Square Enix,Square Enix,SaGa,Role-Playing,,3D,Switch,Nintendo,Home Console,2025,Other,,,78,,Multiplatform,Post-Merger,False
SaGa Frontier 2 Remastered,Square Enix,Square Enix,SaGa,Role-Playing,,3D,PS5,PlayStation,Home Console,2025,JP,,,78,,Multiplatform,Post-Merger,False
SaGa Frontier 2 Remastered,Square Enix,Square Enix,SaGa,Role-Playing,,3D,PS5,PlayStation,Home Console,2025,NA,,,78,,Multiplatform,Post-Merger,False
SaGa Frontier 2 Remastered,Square Enix,Square Enix,SaGa,Role-Playing,,3D,PS5,PlayStation,Home Console,2025,PAL,,,78,,Multiplatform,Post-Merger,False
SaGa Frontier 2 Remastered,Square Enix,Square Enix,SaGa,Role-Playing,,3D,PS5,PlayStation,Home Console,2025,Other,,,78,,Multiplatform,Post-Merger,False
SaGa Frontier 2 Remastered,Square Enix,Square Enix,SaGa,Role-Playing,,3D,PC,PC,PC,2025,JP,,,78,,Multiplatform,Post-Merger,False
SaGa Frontier 2 Remastered,Square Enix,Square Enix,SaGa,Role-Playing,,3D,PC,PC,PC,2025,NA,,,78,,Multiplatform,Post-Merger,False
SaGa Frontier 2 Remastered,Square Enix,Square Enix,SaGa,Role-Playing,,3D,PC,PC,PC,2025,PAL,,,78,,Multiplatform,Post-Merger,False
SaGa Frontier 2 Remastered,Square Enix,Square Enix,SaGa,Role-Playing,,3D,PC,PC,PC,2025,Other,,,78,,Multiplatform,Post-Merger,False
Romancing SaGa: Minstrel Song Remastered International,Square Enix,Square Enix,SaGa,Role-Playing,,3D,Switch,Nintendo,Home Console,2025,JP,,,76,,Multiplatform,Post-Merger,False
Romancing SaGa: Minstrel Song Remastered International,Square Enix,Square Enix,SaGa,Role-Playing,,3D,Switch,Nintendo,Home Console,2025,NA,,,76,,Multiplatform,Post-Merger,False
Romancing SaGa: Minstrel Song Remastered International,Square Enix,Square Enix,SaGa,Role-Playing,,3D,Switch,Nintendo,Home Console,2025,PAL,,,76,,Multiplatform,Post-Merger,False
Romancing SaGa: Minstrel Song Remastered International,Square Enix,Square Enix,SaGa,Role-Playing,,3D,Switch,Nintendo,Home Console,2025,Other,,,76,,Multiplatform,Post-Merger,False
Romancing SaGa: Minstrel Song Remastered International,Square Enix,Square Enix,SaGa,Role-Playing,,3D,PS5,PlayStation,Home Console,2025,JP,,,76,,Multiplatform,Post-Merger,False
Romancing SaGa: Minstrel Song Remastered International,Square Enix,Square Enix,SaGa,Role-Playing,,3D,PS5,PlayStation,Home Console,2025,NA,,,76,,Multiplatform,Post-Merger,False
Romancing SaGa: Minstrel Song Remastered International,Square Enix,Square Enix,SaGa,Role-Playing,,3D,PS5,PlayStation,Home Console,2025,PAL,,,76,,Multiplatform,Post-Merger,False
Romancing SaGa: Minstrel Song Remastered International,Square Enix,Square Enix,SaGa,Role-Playing,,3D,PS5,PlayStation,Home Console,2025,Other,,,76,,Multiplatform,Post-Merger,False
Dragon Quest VII Reimagined,Square Enix,Square Enix,Dragon Quest,Role-Playing,,3D,PS5,PlayStation,Home Console,2026,JP,,,83,,Multiplatform,Post-Merger,False
Dragon Quest VII Reimagined,Square Enix,Square Enix,Dragon Quest,Role-Playing,,3D,PS5,PlayStation,Home Console,2026,NA,,,83,,Multiplatform,Post-Merger,False
Dragon Quest VII Reimagined,Square Enix,Square Enix,Dragon Quest,Role-Playing,,3D,PS5,PlayStation,Home Console,2026,PAL,,,83,,Multiplatform,Post-Merger,False
Dragon Quest VII Reimagined,Square Enix,Square Enix,Dragon Quest,Role-Playing,,3D,PS5,PlayStation,Home Console,2026,Other,,,83,,Multiplatform,Post-Merger,False
Dragon Quest VII Reimagined,Square Enix,Square Enix,Dragon Quest,Role-Playing,,3D,PC,PC,PC,2026,JP,,,83,,Multiplatform,Post-Merger,False
Dragon Quest VII Reimagined,Square Enix,Square Enix,Dragon Quest,Role-Playing,,3D,PC,PC,PC,2026,NA,,,83,,Multiplatform,Post-Merger,False
Dragon Quest VII Reimagined,Square Enix,Square Enix,Dragon Quest,Role-Playing,,3D,PC,PC,PC,2026,PAL,,,83,,Multiplatform,Post-Merger,False
Dragon Quest VII Reimagined,Square Enix,Square Enix,Dragon Quest,Role-Playing,,3D,PC,PC,PC,2026,Other,,,83,,Multiplatform,Post-Merger,False
Dragon Quest VII Reimagined,Square Enix,Square Enix,Dragon Quest,Role-Playing,,3D,Switch2,Nintendo,Home Console,2026,JP,,,83,,Multiplatform,Post-Merger,False
Dragon Quest VII Reimagined,Square Enix,Square Enix,Dragon Quest,Role-Playing,,3D,Switch2,Nintendo,Home Console,2026,NA,,,83,,Multiplatform,Post-Merger,False
Dragon Quest VII Reimagined,Square Enix,Square Enix,Dragon Quest,Role-Playing,,3D,Switch2,Nintendo,Home Console,2026,PAL,,,83,,Multiplatform,Post-Merger,False
Dragon Quest VII Reimagined,Square Enix,Square Enix,Dragon Quest,Role-Playing,,3D,Switch2,Nintendo,Home Console,2026,Other,,,83,,Multiplatform,Post-Merger,False
PARANORMASIGHT: The Mermaid's Curse,Square Enix,Square Enix,Standalone,Adventure,,3D,Switch,Nintendo,Home Console,2026,JP,,,86,,Multiplatform,Post-Merger,False
PARANORMASIGHT: The Mermaid's Curse,Square Enix,Square Enix,Standalone,Adventure,,3D,Switch,Nintendo,Home Console,2026,NA,,,86,,Multiplatform,Post-Merger,False
PARANORMASIGHT: The Mermaid's Curse,Square Enix,Square Enix,Standalone,Adventure,,3D,Switch,Nintendo,Home Console,2026,PAL,,,86,,Multiplatform,Post-Merger,False
PARANORMASIGHT: The Mermaid's Curse,Square Enix,Square Enix,Standalone,Adventure,,3D,Switch,Nintendo,Home Console,2026,Other,,,86,,Multiplatform,Post-Merger,False
PARANORMASIGHT: The Mermaid's Curse,Square Enix,Square Enix,Standalone,Adventure,,3D,PC,PC,PC,2026,JP,,,86,,Multiplatform,Post-Merger,False
PARANORMASIGHT: The Mermaid's Curse,Square Enix,Square Enix,Standalone,Adventure,,3D,PC,PC,PC,2026,NA,,,86,,Multiplatform,Post-Merger,False
PARANORMASIGHT: The Mermaid's Curse,Square Enix,Square Enix,Standalone,Adventure,,3D,PC,PC,PC,2026,PAL,,,86,,Multiplatform,Post-Merger,False
PARANORMASIGHT: The Mermaid's Curse,Square Enix,Square Enix,Standalone,Adventure,,3D,PC,PC,PC,2026,Other,,,86,,Multiplatform,Post-Merger,False
Life Is Strange: Reunion,Square Enix,Deck Nine,Life Is Strange,Adventure,,3D,PS5,PlayStation,Home Console,2026,JP,,,76,,Multiplatform,Post-Merger,False
Life Is Strange: Reunion,Square Enix,Deck Nine,Life Is Strange,Adventure,,3D,PS5,PlayStation,Home Console,2026,NA,,,76,,Multiplatform,Post-Merger,False
Life Is Strange: Reunion,Square Enix,Deck Nine,Life Is Strange,Adventure,,3D,PS5,PlayStation,Home Console,2026,PAL,,,76,,Multiplatform,Post-Merger,False
Life Is Strange: Reunion,Square Enix,Deck Nine,Life Is Strange,Adventure,,3D,PS5,PlayStation,Home Console,2026,Other,,,76,,Multiplatform,Post-Merger,False
Life Is Strange: Reunion,Square Enix,Deck Nine,Life Is Strange,Adventure,,3D,Xbox Series,Microsoft,Home Console,2026,JP,,,76,,Multiplatform,Post-Merger,False
Life Is Strange: Reunion,Square Enix,Deck Nine,Life Is Strange,Adventure,,3D,Xbox Series,Microsoft,Home Console,2026,NA,,,76,,Multiplatform,Post-Merger,False
Life Is Strange: Reunion,Square Enix,Deck Nine,Life Is Strange,Adventure,,3D,Xbox Series,Microsoft,Home Console,2026,PAL,,,76,,Multiplatform,Post-Merger,False
Life Is Strange: Reunion,Square Enix,Deck Nine,Life Is Strange,Adventure,,3D,Xbox Series,Microsoft,Home Console,2026,Other,,,76,,Multiplatform,Post-Merger,False
